code,name_en,name_tc,address_en,address_tc,telephone,hours_en,hours_tc,lat,lng,district,district_tc,sub_district,sub_district_tc,type,bizTypeCode,cold_chain
852A2002,"Conv. Store Shop 301 & 302, Choi Wah House, Choi Yuen Estate, Sheung Shui, N.T.",便利店 彩園村OK便利店,"Shop 301 & 302, Choi Wah House, Choi Yuen Estate, Sheung Shui, N.T.",新界上水彩園邨彩華樓地下301至302號鋪OK #18*,,00:00-23:59,00:00-23:59,22.49983,114.126395,North District,北區,Sheung Shui,上水,partner,"3,6,7",false
852A2006,"Conv. Store Shop 6, Ka Fuk Shopping Centre, Ka Fuk Estate, Fanling, N.T.",便利店 嘉福村商場OK便利店,"Shop 6, Ka Fuk Shopping Centre, Ka Fuk Estate, Fanling, N.T.",新界粉嶺嘉福邨商場中心6號鋪*OK #127,,00:00-23:59,00:00-23:59,22.493281,114.135619,North District,北區,Fanling,粉嶺,partner,"3,6,7",false
852A2008,"Conv. Store Shop 12, G/F, Yung Shing Shopping Centre, Yung Shing Court, Fanling, N.T.",便利店 雍盛商場OK便利店,"Shop 12, G/F, Yung Shing Shopping Centre, Yung Shing Court, Fanling, N.T.",新界粉嶺雍盛商場地下12號鋪*OK #185,,00:00-23:59,00:00-23:59 周六:00:00-00:00 周日:00:00-00:00,22.482671,114.138626,North District,北區,Fanling,粉嶺,partner,"3,6,7",false
852A2014,"Conv. Store Shop No. 1, G/F, Sing Fai House, Fai Ming Estate, Fanling, N.T",便利店 暉明邨OK便利店,"Shop No. 1, G/F, Sing Fai House, Fai Ming Estate, Fanling, N.T",粉嶺暉明邨升暉樓地下1號鋪OK #590*,,00:00-23:59,00:00-23:59,22.4816401,114.136836,North District,北區,Fanling,粉嶺,partner,"3,6,7",false
852A2016,OK #713,OK #713,"Shop 31, G/F, Queens Hill Shopping Centre, Queens Hill Estate, Fanling, New Territories",粉嶺皇後山邨皇後山商場地下31鋪OK #713*,,00:00-00:00,00:00-00:00 周六:00:00-00:00 周日:00:00-00:00 節假日:00:00-00:00,22.503708,114.157459,Tai Po District,大埔區,Tai Po,大埔,partner,"3,6,7",false
852A2017,OK #278,便利店 欣盛苑停車場大廈OK,"Shop NO.1 G/F., Carpark Building, Yan Shing Court, Fanling",粉嶺欣盛苑停車場大廈地下1號鋪OK #278*,,06:00-23:30,06:00-23:30 周六:06:00-23:30 周日:06:00-23:30 節假日:06:00-23:30,22.4864746,114.1392589,North District,北區,Fanling,粉嶺,partner,"3,6,7",false
852A2018,OK#540,便利店 華明商場地下OK,"Shop No. G22, Ground Floor , Wah Ming Shopping Centre, Fanling",粉嶺華明商場地下G22 號鋪OK#540*,,00:00-00:00,00:00-00:00 周六:00:00-00:00 周日:00:00-00:00 節假日:00:00-00:00,22.484029,114.141034,Tai Po District,大埔區,Tai Po,大埔,partner,"3,6,7",false
852A2019,OK #716*,便利店 榮福中心地下OK,"Shops 72,73,76,77,95-97,100-102 on G/F, Wing Fok Centre, No.1 Luen Chit Street, Fanling, New Territories","粉嶺榮福中心地下72-77,95-97,100-102號鋪OK #716*",,00:00-00:00,00:00-00:00 周六:00:00-00:00 周日:00:00-00:00 節假日:00:00-00:00,22.500966,114.141384,North District,北區,Fanling,粉嶺,partner,"3,6,7",false
852A2020,OK #341,便利店 清河邨商場13號鋪OK,"No. 13 Ching Ho Shopping Centre, Fanling, N.T.",粉嶺清河邨商場13號鋪OK #341*,,00:00-00:00,00:00-00:00 周六:00:00-00:00 周日:00:00-00:00 節假日:00:00-00:00,22.494331,114.127353,North District,北區,Fanling,粉嶺,partner,"3,6,7",false
852A2021,OK #571,便利店 上水中心商場地下OK,"Shop Nos. 1004A & 1004B on Level 1, Sheung Shui Centre, Sheung Shui.",新界上水中心商場地下1004A及1004B號鋪OK #571 *,,00:00-00:00,00:00-00:00 周六:00:00-00:00 周日:00:00-00:00 節假日:00:00-00:00,22.501225,114.129533,North District,北區,Sheung Shui,上水,partner,"3,6,7",false
852A2022, OK #704,便利店 逸峯廣場地下OK,"Shop No.G11A, Ground Floor, Green Code Plaza, 1 Ma Sik Road, Fanling, New Territories, Hong Kong",新界粉嶺馬適路1號逸峯廣場地下G11A號鋪 OK #704*,,07:00-23:00,07:00-23:00 周六:07:00-23:00 周日:07:00-23:00 節假日:07:00-23:00,22.500804,114.145421,North District,北區,Fanling,粉嶺,partner,"3,6,7",false
852A2023,OK #764,便利店 清濤商場OK,"Shop No. G08, G/F, Ching Tao Shopping Centre, Ching Tao Court, Fanling(OK #764)*",粉嶺清濤苑清濤商場地下G08號鋪(OK #764)*,,07:00-23:00,07:00-23:00,22.49498895223178,114.1287360107678,North District,北區,Sheung Shui,上水,partner,"3,6,7",false
852A2024,花都廣場商場OK,便利店 花都廣場商場OK,"Shop Nos. A62-A64, Ground Floor (Level 1), Flora Plaza, No. 88 Pak Wo Road, Fanling, N.T",香港新界粉嶺百和路88號花都廣場商場地下A62-A64OK #765,,07:00-23:00,07:00-23:00,22.485808590340376,114.14157568294156,Tai Po District,大埔區,Tai Po,大埔,partner,"3,6,7",false
852A3004,"Indiv. Store Shop 120, G/F, Tin Ming House,Tin Ping Est, Sheung Shui",合作點 千品城,"Shop 120, G/F, Tin Ming House,Tin Ping Est, Sheung Shui*",香港北區上水天平邨天明樓地下120號鋪 千品城*,,13:00-21:00,13:00-21:00 周六:13:00-19:00 周日:13:00-19:00,22.503554,114.1338055,North District,北區,Sheung Shui,上水,partner,"3,6,7",false
852A3012,"Indiv. Store Shop 40-6&40-7, G/F, Tai Po Plaza, Tai Po, NT",合作點 藝蓓音樂中心,"Shop 40-6&40-7, G/F, Tai Po Plaza, Tai Po, NT*",新界大埔廣場地下麗晶廊40-6至40-7鋪 藝蓓音樂中心*,,12:00-20:30,12:00-20:30 周六:12:00-20:00 周日:12:00-18:00,22.45301732,114.170461,Tai Po District,大埔區,Tai Po,大埔,partner,"3,6,7",false
852A3013,"Flat/Rm A3-B, DD83 LOT 926, Ma Liu Shui San Tsuen, Fanling, NT",合作店 皇后自提點,"Flat/Rm A3-B, DD83 LOT 926, Ma Liu Shui San Tsuen, Fanling, NT*","新界粉嶺馬料水新村926號DD83, A3-B 皇后自提點*",,09:00-20:00,09:00-20:00,22.5055125,114.155747,North District,北區,Fanling,粉嶺,partner,"3,6,7",false
852A3015,高峰動力科技,合作店 高峰動力科技,"G/F,No.25,Kai Leng Tsuen，Fanling, NT*",粉嶺雞嶺村25號地下(高峰動力科技)*,,13:00-20:00,13:00-20:00 周六:10:00-14:00,22.493656,114.129386,North District,北區,Fanling,粉嶺,partner,"3,6,7",false
852A3017,路卡斯士多,合作店 路卡斯士多,"G/F, 14 Fanling Wai, Fanling*",粉嶺粉嶺圍14號地下(路卡斯士多)*,,09:00-20:00,09:00-20:00 周六:09:00-20:00 周日:09:00-20:00 節假日:09：00-20:00,22.498614,114.135272,North District,北區,Fanling,粉嶺,partner,"3,6,7",false
852A3018,苦辛辛倉儲（翠麗商場）,合作店 苦辛辛倉儲（翠麗商場）,"Shop 6，G/F，Tsui Lai Garden Shopping Arcade,Sheung Shui, NT*",上水翠麗花園商場地下6號鋪(苦辛辛倉儲)*,,13:00-20:00,13:00-20:00 周六:13:00-20:00,22.507605,114.129076,North District,北區,Sheung Shui,上水,partner,"3,6,7",false
852A3021,小小世界,合作店 小小世界,"Shop SW31, 11th Street, 1 / F, Luen Wo Hui Market, Fanling*",粉嶺聯和 墟街市1樓第十一街SW31鋪‎‬‬‎‎‎ 小小世界*,,11:00-19:00,11:00-19:00 周六:11:00-19:00 周日:10:00-15:00,22.49998,114.144339,Tai Po District,大埔區,Tai Po,大埔,partner,"3,6,7",false
852A3022,臻成發展有限公,合作點 臻成發展有限公司自提點,"Unit D, G/F, No 20 1st Lane, Po Sheung Tsuen, Sheung Shui, NT*",上水上水圍莆上村1巷20D地下 臻成發展有限公司自提點*,,13:00-21:00,13:00-21:00,22.5089692,114.1244144,North District,北區,Sheung Shui,上水,partner,"3,6,7",false
852AA,"Tung Mau Square, Tai Po",大埔同茂坊順豐站,"G/F, North Wing ,1 & 3 Tung Mau Square*^,Tai Po,Tai Po District,Hong Kong",香港大埔區大埔同茂坊1及3號北翼地鋪*,98160449,Mon to Sat 09:00-20:00; Sun & Statutory Holidays 09:00-18:00,"周一至周六,09:00-20:00;周日及勞工假期,09:00-18:00",22.449009,114.167336,Tai Po District,大埔區,Tai Po,大埔,station,"1,3,5,6,7",true
852AA2001,"Shop A, G/F, 26 Tai Wing Lane, Tai Po, N.T.",大榮里OK便利店,"Shop A, G/F, 26 Tai Wing Lane, Tai Po, N.T.",香港新界大埔大榮里26號地下A號鋪OK #7*,,00:00-23:59,00:00-23:59,22.4473711,114.1668201,Tai Po District,大埔區,Tai Po,大埔,partner,"3,6,7",false
852AA2004,"Shop 23 & 24, Fu Heng Shopping Centre, Tai Po, N.T.",富亨商場OK便利店,"Shop 23 & 24, Fu Heng Shopping Centre, Tai Po, N.T.",新界大埔富亨邨富亨商場中心23-24號鋪OK #84,,00:00-00:00,00:00-00:00 周六:00:00-00:00 周日:00:00-00:00 節假日:00:00-00:00,22.458004,114.171715,Tai Po District,大埔區,Tai Po,大埔,partner,"3,6,7",false
852AA2005,"Shop 1, Wan Tau Tong Shopping Centre, Tai Po, N.T.",便利店 運頭塘OK便利店,"Shop 1, Wan Tau Tong Shopping Centre, Tai Po, N.T.",新界大埔運頭塘村商場1號鋪OK #86*,,00:00-23:55,00:00-23:55,22.44207,114.166878,Tai Po District,大埔區,Tai Po,大埔,partner,"3,6,7",false
852AA2014,"Conv. Store Shop G19A & G20, G/F, Fu Shin Shopping Centre, Fu Shin Estate, Tai Po, N.T.",便利店 富善商場OK便利店,"Shop G19A & G20, G/F, Fu Shin Shopping Centre, Fu Shin Estate, Tai Po, N.T.",新界大埔富善邨富善商場地下G19A及G20號鋪OK #392*,,00:00-23:59,00:00-23:59,22.453865,114.174718,Tai Po District,大埔區,Tai Po,大埔,partner,"3,6,7",false
852AA2015,"Shop 4, 10B, 10C & 10D, G/F, Elegance Garden, 1-7 Nam Wan Road, Tai Po, N.T.",便利店 富雅花園OK便利店,"Shop 4, 10B, 10C & 10D, G/F, Elegance Garden, 1-7 Nam Wan Road, Tai Po, N.T.","香港新界大埔富雅花園地下4號鋪10B,10C及10D號鋪OK #427*",,00:00-00:00,00:00-00:00 周六:00:00-00:00 周日:00:00-00:00 節假日:00:00-00:00,22.4445296,114.1667533,Tai Po District,大埔區,Tai Po,大埔,partner,"3,6,7",false
852AA2019,OK#562*,便利店 福昌樓OK,"Shop 4 on G/F., Fuk Cheong Bldg., Nos. 12/14 Kwong Fuk Lane, Nos. 5, 7 & 19 Kwong Fuk Square, Tai Po, New Territories",大埔廣福里12/14號及廣福坊5 & 19號福昌樓地下4號鋪 OK#562*,,00:00-00:00,00:00-00:00 周六:00:00-00:00 周日:00:00-00:00 節假日:00:00-00:00,22.447928,114.16739,Tai Po District,大埔區,Tai Po,大埔,partner,"3,6,7",false
852AA3003,"Indiv. Store Shop 65, G/F, Kwong Fuk Market, Kwong Fuk Estate, Tai Po, NT",合作點 小人國,"Shop 65, G/F, Kwong Fuk Market, Kwong Fuk Estate, Tai Po, NT*",新界大埔廣福邨廣福街市地下65號鋪(小人國)*,,11:00-21:00,11:00-21:00 周六:11:00-21:00 周日:10:00-16:00,22.4492657,114.1746633,Tai Po District,大埔區,Tai Po,大埔,partner,"3,6,7",false
852AA3005,雨敵專業汽車美容,合作店 雨敵專業汽車美容,1A1 PUN CHUNG SAN TSUEN TAI PO*,大埔泮涌新村(雨敵專業汽車美容)*,,09:00-21:00,09:00-21:00 周六:09:00-21:00 周日:09:00-18:00 節假日:09:00-18:00,22.444761,114.166087,Tai Po District,大埔區,Tai Po,大埔,partner,"3,6,7",false
852AA3006,專業電腦公司,合作店 專業電腦公司,L2 230 B PLOVER COVE GARDEN PLAZA TAI PO*,大埔寶湖道3號寶湖花園商場230 B鋪專業電腦公司*,,10:30-20:30,10:30-20:30 周六:10:30-20:30,22.44955912,114.1684953,Tai Po District,大埔區,Tai Po,大埔,partner,"3,6,7",false
852AA3007,寶順通,合作店 寶順通,"Ground Floor, Po Shun Building, 1 Po Shing Street, Tai Po*",大埔寶鄉邨寶順樓地下(寶順通驛站)*,,11:30-20:30,11:30-20:30 周六:11:30-20:30 周日:13:00-20:30 節假日:13:00-20:30,22.4473506,114.1657752,Tai Po District,大埔區,Tai Po,大埔,partner,"3,6,7",false
852AA4001,"Petrol Station Lot 1945 in DD7, Hong Lok Yuen, Tai Po, N.T.",油站 康樂園Shell油站,"Lot 1945 in DD7, Hong Lok Yuen, Tai Po, N.T.",香港新界大埔康樂園7號地段1945號 Shell #369*,,00:00-23:59,00:00-23:59,22.461678,114.151876,Tai Po District,大埔區,Tai Po,大埔,partner,"3,6,7",false
852AAL,"Verbena Heights, Tseung Kwan O",將軍澳茵怡花園順豐站,"Shop No. 6, G/F, Block 1, Verbena Heights, 8 Mau Tai Road*,Tseung Kwan O,Sai Kung District,Hong Kong",香港西貢區將軍澳貿泰路8號茵怡花園第1座地下6號鋪*,64635030,Mon to Fri 11:00-22:00; Sun & Public Holidays 12:00-20:00; Sat 12:00-20:00,"周一至周五,10:30-22:00;周日及公眾假期,12:00-20:00; 周六, 12:00-20:00",22.322014,114.255703,Sai Kung District,西貢區,Tseung Kwan O,將軍澳,station,"1,3,5,6,7",true
852AB2001,OK#594,便利店 昌運中心商場OK,"Unit A of Shops 57-66 on the Ground Floor of Fortune Plaza, No. 4 On Chee Road, Tai Po, New Territories",大埔安慈路4號昌運中心商場57-66號地下A號鋪OK#594*,,00:00-00:00,00:00-00:00 周六:00:00-00:00 周日:00:00-00:00 節假日:00:00-00:00,22.452677,114.168362,Tai Po District,大埔區,Tai Po,大埔,partner,"3,6,7",false
852AB2002,OK #744,便利店 富亨商場地下16號鋪OK,"Shop No.16, Ground Floor, Multi-purpose Complex (also known as Fu Heng Shopping Centre), Fu Heng Estate, No.6 Chung Nga Road, Tai Po, N.T.",新界大埔頌雅路6號富亨商場地下16號鋪 OK #744 ,,00:00-00:00,00:00-00:00 周六:00:00-00:00 周日:00:00-00:00 節假日:00:00-00:00,22.458164,114.171284,Tai Po District,大埔區,Tai Po,大埔,partner,"3,6,7",false
852AB2003,OK# 745,便利店 太和中心地下3號鋪OK,"Shop 3 on G/F Tai Wo Centre, 15 Tai Po Tai Wo Road, Tai Po, New Territories",新界大埔太和路15號太和中心地下3號鋪 OK# 745*,,00:00-00:00,00:00-00:00 周六:00:00-00:00 周日:00:00-00:00 節假日:00:00-00:00,22.452302,114.164067,Tai Po District,大埔區,Tai Po,大埔,partner,"3,6,7",false
852AB2004,富蝶商場OK,便利店 富蝶商場地下OK,"Shop No. 31, LG/F, Fu Tip Shopping Centre, Fu Tip Estate (Phase 2), Tai Po",大埔富蝶邨二期富蝶商場地下低層31號鋪OK #760*,,00:00-23:59,00:00-23:59,22.46372330089039,114.17632836760095,Tai Po District,大埔區,Tai Po,大埔,partner,"3,6,7",false
852AB3005,新興自提點,合作店 新興自提點,"Shop 32A,G/F，Sun Hing Shopping Mall，Sun Hing Garden，Tai Po*",大埔安埔里2號新興花園商場地下32A‎‬‬‎‎‎（新興自提點）*,,13:00-20:00,13:00-20:00 周六:13:00-20:00 周日:13:00-17:00 節假日:13:00-17:00,22.452912,114.173363,Tai Po District,大埔區,Tai Po,大埔,partner,"3,6,7",false
852AB3010,榮暉自提點,合作店 榮暉自提點,"Shop 17A，Wing Fai Plaza, Tai Po(15:00-16:00 Closed)*",大埔榮暉花園商場17A鋪 榮暉自提點(15:00-16:00午休)*,,13:00-20:00,13:00-20:00 周六:12:00-21:00 周日:12:00-20:00,22.4536174,114.16562787,Tai Po District,大埔區,Tai Po,大埔,partner,"3,6,7",false
852AB3011,彩禧生活百貨,合作店 彩禧生活百貨,"Shop 14, Ground Floor, Fudie Shopping Centre, Tai Po District*",大埔區富蝶商場地下14號鋪 彩禧生活百貨*,,11:00-20:00,11:00-20:00 周六:11:00-20:00 周日:11:00-20:00 節假日:11:00-20:00,22.46342032,114.17554714,Tai Po District,大埔區,Tai Po,大埔,partner,"3,6,7",false
852AB3012,俊筠速遞,合作店 俊筠速遞,"Shop 7, Fook Tak Shopping Centre, Fook Tak Estate, Tai Po（14:00-15:00 closed）*",大埔富蝶邨富蝶商場7號鋪 （14:00-15:00午休）俊筠速遞*,,12:00-20:00,12:00-20:00 周六:12:00-20:00 周日:12:00-20:00 節假日:12:00-20:00,22.4642954,114.1767551,Tai Po District,大埔區,Tai Po,大埔,partner,"3,6,7",false
852ABL,"Bauhinia Garden, Tseung Kwan O",將軍澳寶盈花園商場順豐站,"Shop Nos. S21 & S21A on The First Floor of Commercial Centre, Bauhinia Garden, 11 Tong Chun Street*,Tseung Kwan O,Sai Kung District,Hong Kong",香港西貢區將軍澳唐俊街11號寶盈花園商場一樓S21-S21A號鋪*,64635030,Mon to Fri 11:00-21:00; Sun & Public Holidays 12:00-20:00; Sat 12:00-20:00,"周一至周五,11:00-21:00;周日及公眾假期,12:00-20:00; 周六,12:00-20:00",22.3069383,114.2617571,Sai Kung District,西貢區,Tseung Kwan O,將軍澳,station,"1,3,5,6,7",true
852ACL,"Sceneway Plaza, Lam Tin",藍田匯景廣場順豐站,"Shop 4A20-22, 3/F , Sceneway Plaza, 8 Sceneway Road*^,Lam Tin,Kwun Tong District,Hong Kong",香港觀塘區藍田匯景道8號匯景廣場3樓4A20-22號鋪*,55261667,Mon to Fri 11:00-22:00; Sun & Public Holidays 12:00-20:00; Sat 12:00-20:00,"周一至周五,11:00-22:00;周日及公眾假期,12:00-20:00;周六,12:00-20:00",22.3069951,114.2335701,Kwun Tong District,觀塘區,Lam Tin,藍田,station,"1,3,5,6,7",true
852AJL,"Domain, Yau Tong",油塘大本型順豐站,"Shop 229, 2/F, Domain*^,Yau Tong,Kwun Tong District,Hong Kong",香港觀塘區油塘大本型2樓229號鋪*,55261667,Mon to Fri 10:00-21:00; Sun & Public Holidays 12:00-20:00; Sat 12:00-20:00,"周一至周五,11:00-21:00;周日及公眾假期,12:00-20:00; 周六, 12:00-20:00",22.296592,114.238758,Kwun Tong District,觀塘區,Yau Tong,油塘,station,"3,5,6,7,1",true
852B2001,"G/F, Nam Shan Estate Commerce Building, Nam Shan Estate, Shek Kip Mei, KLN",便利店 南山村OK便利店,"G/F, Nam Shan Estate Commerce Building, Nam Shan Estate, Shek Kip Mei, KLN",九龍石硤尾南山邨南山商場大廈地下OK #98*,,00:00-00:00,00:00-00:00 周六:00:00-00:00 周日:00:00-00:00 節假日:00:00-00:00,22.333659,114.170267,Sham Shui Po District,深水埗區,Shek Kip Mei,石硤尾,partner,"3,6,7",false
852B2006,"Conv. Store Shop G10, G/F, Metro Harbour Plaza, Tai Kok Tsui, KLN",便利店 港灣豪庭OK便利店,"Shop G10, G/F, Metro Harbour Plaza, Tai Kok Tsui, KLN",大角咀港灣豪庭地下G10號鋪OK #247*,,00:00-23:59,00:00-23:59,22.324276,114.159936,Yau Tsim Mong District,油尖旺區,Tai Kok Tsui,大角咀,partner,"3,6,7",false
852B2012,"G/F, 43 Bute Street, Mong Kok, KLN",便利店 弼街OK便利店,"G/F, 43 Bute Street, Mong Kok, KLN",九龍旺角弼街43號地下OK #208*,,00:00-23:59,00:00-23:59,22.322306,114.169718,Yau Tsim Mong District,油尖旺區,Mong Kok,旺角,partner,"3,6,7",false
852B2014,"Conv. Store Shop 7, G/F, 83 Sycamore St, Tsui, Shining Heights, Tai Kok Tsui, KL",便利店 富善商場OK便利店,"Shop 7, G/F, 83 Sycamore St, Tsui, Shining Heights, Tai Kok Tsui, KL",九龍大角咀詩歌舞街亮賢居地下OK #701*,,00:00-23:59,00:00-23:59,22.3255462,114.162328,Yau Tsim Mong District,油尖旺區,Tai Kok Tsui,大角咀,partner,"3,6,7",false
852B3001,"Shop11, King Wang Heights, 7 Tit Shu Street, Tai Kok Tsui, KL",合作點 淘寶集運自提點,"Shop11, King Wang Heights, 7 Tit Shu Street, Tai Kok Tsui, KL*",九龍大角咀鐵樹街7號金旺閣11號鋪(富多來商場一期公園仔對面) 淘寶集運自提點**,,12:30-19:30,12:30-19:30,22.3201664,114.163243,Yau Tsim Mong District,油尖旺區,Tai Kok Tsui,大角咀,partner,"3,6,7",false
852BA,"Yu Chau Street, Prince Edward",太子汝洲街順豐站,"G/F, 58 Yu Chau Street*^,Prince Edward,Yau Tsim Mong District,Hong Kong",香港油尖旺區太子汝州街58號地下*,64635742,Mon to Sat 09:00-20:00; Sun & Statutory Holidays Closed,"周一至周六,09:00-20:00;周日及勞工假期,休息",22.3268229,114.1657536,Yau Tsim Mong District,油尖旺區,Prince Edward,太子,station,"1,3,5,6,7",true
852BA2001,"Conv. Store Shop E, G/F, & C/L., 42-44 Kweilin Street, Sham Shui Po, KLN",便利店 桂林街OK便利店,"Shop E, G/F, & C/L., 42-44 Kweilin Street, Sham Shui Po, KLN",九龍深水埗桂林街42-44號地下E號鋪OK #180*,,00:00-23:59,00:00-23:59,22.331767,114.162634,Sham Shui Po District,深水埗區,Sham Shui Po,深水埗,partner,"3,6,7",false
852BA2004,"Conv. Store Shop LG401, LG4/F, Pak Tin Commercial Centre, Pak Tin Estate Phases 7 & 8, Sham Shui Po",便利店 白田商場OK便利店,"Shop LG401, LG4/F, Pak Tin Commercial Centre, Pak Tin Estate Phases 7 & 8, Sham Shui Po",深水埗白田邨白田商場第七及八期地下低層第四層LG401號鋪OK #593*,,00:00-23:59,00:00-23:59,22.3355982,114.167685,Sham Shui Po District,深水埗區,Shek Kip Mei,石硤尾,partner,"3,6,7",false
852BA2005,"Conv. Store Shop C, G/F, Yue Wah Building, No.15-19 Cheung Sha Wan Rd, No.34 Poplar St, KL",便利店 譽華大廈OK便利店,"Shop C, G/F, Yue Wah Building, No.15-19 Cheung Sha Wan Rd, No.34 Poplar St, KL",九龍白楊街34號長沙灣道15-19A號譽華大廈地下C鋪OK #722*,,00:00-23:59,00:00-23:59,22.3269239,114.166903,Yau Tsim Mong District,油尖旺區,Prince Edward,太子,partner,"3,6,7",false
852BA2006,OK #448,便利店 OK #448,"Ground Floor, No. 176 Lai Chi Kok Road, Kowloon",九龍荔枝角道 176 號地下 OK #448,,00:00-24:00,00:00-24:00 周六:00:00-24:00 周日:00:00-24:00 節假日:00:00-24:00,22.325726,114.164348,Sham Shui Po District,深水埗區,Sham Shui Po,深水埗,partner,"3,6,7",false
852BA2007,OK #253, 便利店 OK #253,"G/F., No. 128 Fuk Wing Street, Kowloon",九龍深水埗福榮街128號地下 OK #253*,,00:00-24:00,00:00-24:00 周六:00：00-24:00 周日:00:00-24:00 節假日:00:00-24:00,22.3328,114.1619,Sham Shui Po District,深水埗區,Sham Shui Po,深水埗,partner,"3,6,7",false
852BA3001,"Indiv. Store SHOP 7, G/F MEI WUI HOUSE, SHEK KIP MEI ESTATE, SHEK KIP MEI",合作點 源泰文具(石硤尾邨),"SHOP 7, G/F MEI WUI HOUSE, SHEK KIP MEI ESTATE, SHEK KIP MEI*",九龍石硤尾邨美薈樓地下7號鋪 源泰文具*,,10:00-21:00,10:00-21:00 周六:10:00-21:00 周日:10:00-21:00,22.3329,114.1674,Sham Shui Po District,深水埗區,Shek Kip Mei,石硤尾,partner,"3,6,7",false
852BA3004,"Indiv. Store Shop 114, Nam Lok House, Nam Shan Estate, Shek Kip Mei, Kowloon",合作點 南昌辦館,"Shop 114, Nam Lok House, Nam Shan Estate, Shek Kip Mei, Kowloon*",九龍石硤尾南山邨南樂樓114鋪 南昌辦館*,,12:00-20:30,12:00-20:30,22.3328077,114.1701894,Sham Shui Po District,深水埗區,Shek Kip Mei,石硤尾,partner,"3,6,7",false
852BA3008,斜角巷新高登电脑,合作店 斜角巷新高登電腦,"Shop 225, 2nd Floor, NEW CAPITAL COMPUTER PLAZA, 85-95 Un Chau Street, Sham Shui Po, Kowloon*",深水埗元州街新高登電腦廣場2樓225號鋪(斜角巷新高登電腦)*,,12:00-20:00,12:00-20:00 周六:12:00-20:00 周日:13:00-18:00,22.33266,114.162442,Sham Shui Po District,深水埗區,Sham Shui Po,深水埗,partner,"3,6,7",false
852BA3009,車迷店,合作店 車迷店,"Shop 256,G/F,Apliu ST，Sham Shui Po, KLN *",九龍深水埗鴨寮街地下256號（車迷店）*,,11:00-20:00,11:00-20:00 周六:11:00-20:00 周日:11:00-20:00,22.33123,114.160845,Sham Shui Po District,深水埗區,Sham Shui Po,深水埗,partner,"3,6,7",false
852BA3015,潮豐藥妝,合作店 潮豐葯妝,"Shop C2, Ground Floor, Tai Lei Building, 165-167 North River Street, Sham Shui Po, Hong Kong*",香港深水埗北河街165-167號太利樓地下C2號鋪 潮豐葯妝*,,14:00-23:00,14:00-23:00 周六:14:00-23:00 周日:14:00-23:00,22.331797,114.16354826,Yau Tsim Mong District,油尖旺區,Prince Edward,太子,partner,"3,6,7",false
852BA3016,淘寶集運自提點,合作店 淘寶集運自提點,"Shop 212A1，Hai Tan Street，Sham Shui Po, KL*",深水埗海壇街212A1鋪 淘寶集運自提點*,,13:00-19:00,13:00-19:00 周六:13:00-18:30,22.327984,114.159494,Yau Tsim Mong District,油尖旺區,Prince Edward,太子,partner,"3,6,7",false
852BA3017,竣富自提点,合作店 竣富自提點,"Rear Block,No.22 Yiu Tung Street，Shek Kip Mei,KLN(closed mon-fri16:00-18:00)*",九龍石硤尾耀東街22號後座地下 竣富自提點 午休時間周一至五16:00-18:00*,,11:00-21:00,11:00-21:00 周六:12:30-19:30 周日:12:30-19:30,22.330877,114.165883,Sham Shui Po District,深水埗區,Shek Kip Mei,石硤尾,partner,"3,6,7",false
852BAL,"Charming Garden, Mong Kok",旺角富榮花園順豐站,"Shop 38, G/F, Charming Garden Phase 2, Hoi Wang Road*^,Mong Kok,Yau Tsim Mong District,Hong Kong",香港油尖旺區旺角海庭道8號富榮花園2期地下38號鋪*,64684261,Mon to Fri 11:00-21:00; Sun & Public Holidays 12:00-20:00; Sat 12:00-20:00,"周一至周五,12:00-21:00;周日及公眾假期,12:00-20:00; 周六,12:00-20:00",22.31391,114.16458,Yau Tsim Mong District,油尖旺區,Mong Kok,旺角,station,"3,5,6,7",false
852BB,"Kam Wah Building, Yau Ma Tei",油麻地金華大廈順豐站,"Shop B1, G/F, Kam Wah Building, No. 831 Canton Road*^,Yau Ma Tei,Yau Tsim Mong District,Hong Kong",香港油尖旺區油麻地廣東道831號金華大廈B座地下B1鋪*,64426542,Mon to Sat 09:00-20:00; Sun & Statutory Holidays Closed,"周一至周六,09:00-20:00;周日及勞工假期,休息",22.313058,114.168363,Yau Tsim Mong District,油尖旺區,Yau Ma Tei,油麻地,station,"1,3,5,6,7",true
852BB2001,"Shop 2, G/F, Arts Mansion, 4&6 Man Ming Lane, Yau Ma Tei, KLN",便利店 文明裡OK便利店,"Shop 2, G/F, Arts Mansion, 4&6 Man Ming Lane, Yau Ma Tei, KLN",九龍油麻地文明裡4-6號地下2號鋪OK #316*,,00:00-23:59,00:00-23:59,22.311759,114.170527,Yau Tsim Mong District,油尖旺區,Yau Ma Tei,油麻地,partner,"3,6,7",false
852BB2002,"G/F, 50 & 52 Pitt Street, Yau Ma Tei, KLN",碧街OK便利店,"G/F, 50 & 52 Pitt Street, Yau Ma Tei, KLN",九龍油麻地碧街50號地下OK #381*,,00:00-23:59,00:00-23:59,22.313901,114.170931,Yau Tsim Mong District,油尖旺區,Yau Ma Tei,油麻地,partner,"3,6,7",false
852BB2004,"G/F, 92 Sai Yee Street, Mong Kok, KLN",便利店 洗衣街OK便利店,"G/F, 92 Sai Yee Street, Mong Kok, KLN",九龍旺角洗衣街92號地下OK #419*,,00:00-23:59,00:00-23:59,22.319503,114.171845,Yau Tsim Mong District,油尖旺區,Mong Kok,旺角,partner,"3,6,7",false
852BB2005,"Shop 1, G/F, Manly Commercial Building, 15 Soy Street, Mong Kok, KLN",便利店 萬利商業大廈OK便利店,"Shop 1, G/F, Manly Commercial Building, 15 Soy Street, Mong Kok, KLN",九龍旺角豉油街15號萬利商業大廈地下1號鋪OK #446*,,00:00-23:59,00:00-23:59,22.316391,114.169206,Yau Tsim Mong District,油尖旺區,Mong Kok,旺角,partner,"3,6,7",false
852BB2007,"Shop C, G/F, Lee Fung Building, 88-96 Argyle Street, Mong Kok, KLN",便利店 利豐大樓OK便利店,"Shop C, G/F, Lee Fung Building, 88-96 Argyle Street, Mong Kok, KLN",九龍旺角亞皆老街88至96號利豐大樓地下C號鋪OK #245*,,00:00-23:59,00:00-23:59,22.319736,114.172479,Yau Tsim Mong District,油尖旺區,Mong Kok,旺角,partner,"3,6,7",false
852BB2012,"Conv. Store Shop A, G/F, Hang Wan House, 141 Reclamation Street, Yau Ma Tei, KLN",便利店 新填地街OK便利店,"Shop A, G/F, Hang Wan House, 141 Reclamation Street, Yau Ma Tei, KLN",九龍油麻地新填地街恆運樓地下OK #512*,,00:00-23:59,00:00-23:59,22.310116,114.169296,Yau Tsim Mong District,油尖旺區,Yau Ma Tei,油麻地,partner,"3,6,7",false
852BB2013,"Ground Floor, No. 72 Sai Yeung Choi Street South, Kowloon",便利店 西洋菜南街OK便利店,"Ground Floor, No. 72 Sai Yeung Choi Street South, Kowloon",旺角西洋菜南街72號地下OK #702*,,00:00-23:59,00:00-23:59,22.3189194,114.170349,Yau Tsim Mong District,油尖旺區,Mong Kok,旺角,partner,"3,6,7",false
852BB2014,OK#715,便利店 艾麗大廈地下OK,"Shop 3 on Ground Floor, Attilio Building, No.579 Nathan Road, Kowloon",九龍彌敦道579號艾麗大廈地下3號鋪OK#715*,,00:00-00:00,00:00-00:00 周六:00:00-00:00 周日:00:00-00:00 節假日:00:00-00:00,22.315308,114.169944,Yau Tsim Mong District,油尖旺區,Mong Kok,旺角,partner,"3,6,7",false
852BB2015,OK #273,便利店 油麻地地鐵站OK,Kiosks YMT 16 & YMT 17 Yau Ma Tei MTR Station,油麻地地鐵站 YMT 16 & YMT 17 號鋪OK #273 *,,07:00-23:00,07:00-23:00 周六:07:00-23:00 周日:07:00-23:00 節假日:07:00-23:00,22.312991,114.170678,Yau Tsim Mong District,油尖旺區,Yau Ma Tei,油麻地,partner,"3,6,7",false
852BB3004,"Indiv. Store 991 Canton Rd, Mong Kok, KL",合作點 業誠藥行,"G/F, 991 Canton Rd, Mong Kok, KL*",九龍旺角廣東道991號地下(業誠藥行) *,,12:00-20:00,12:00-20:00 周六:12:00-20:00,22.3173842,114.167414,Yau Tsim Mong District,油尖旺區,Mong Kok,旺角,partner,"3,6,7",false
852BB3005,悟空開門自提點,合作店 悟空開門自提點,GROUND/F NO.979 CANTON RD MONG KOK HONG KONG*,旺角廣東道979號地鋪 悟空開門自提點*,,09:00-18:00,09:00-18:00 周日:09:00-18:00,22.316955,114.167569,Yau Tsim Mong District,油尖旺區,Mong Kok,旺角,partner,"3,6,7",false
852BB3006,悟空開門自提點,合作店 悟空開門自提點,"SHOP C ON GROUND/F WING SHEUNG BLDG NOS,172-176A RECLAMATION ST YAU MA TEI HONG KONG（Closed on Tuesdays）*",油麻地新填地街172-176號永常大樓地下C號 悟空開門自提點（逢星期二休息）*,,12:00-21:00,12:00-21:00 周六:12:00-21:00 周日:12:00-21:00,22.311247,114.169458,Yau Tsim Mong District,油尖旺區,Yau Ma Tei,油麻地,partner,"3,6,7",false
852BD,"Wah Yuen Factory Building, Tai Kok Tsui",大角咀華源工廈順豐站,"Shop 5, G/F, Wah Yuen Factory Building, Nos.15-21 Beech Street*,Tai Kok Tsui,Yau Tsim Mong District,Hong Kong",香港油尖旺區大角咀櫸樹街 15-21號華源工廠大廈地下5號鋪*,61478643,Mon to Sat 09:00-20:00; Sun & Statutory Holidays 09:00-18:00,"周一至周六,09:00-20:00;周日及勞工假期,09:00-18:00",22.320747,114.163071,Yau Tsim Mong District,油尖旺區,Tai Kok Tsui,大角咀,station,"1,3,5,6,7",true
852BD2001,"Conv. Store Kiosk Oly 8, Olympic MTR Station, Tai Kok Tsui, KLN",便利店 奧運港鐵站OK便利店,"Kiosk Oly 8, Olympic MTR Station, Tai Kok Tsui, KLN",香港油尖旺區大角咀九龍奧運港鐵站OLY8號鋪OK #281*,,06:00-23:30,06:00-23:30,22.318526,114.15989,Yau Tsim Mong District,油尖旺區,Tai Kok Tsui,大角咀,partner,"3,6,7",false
852BD2002,OK #440,便利店 中和樓地下OK,九龙大角咀中汇街13号中和楼地下10 (G10) 号铺OK#440*,九龍大角咀中匯街13號中和樓地下10 (G10) 號鋪OK#440*,,00:00-00:00,00:00-00:00 周六:00:00-00:00 周日:00:00-00:00 節假日:00:00-00:00,22.32248,114.16154,Yau Tsim Mong District,油尖旺區,Tai Kok Tsui,大角咀,partner,"3,6,7",false
852BD2003,OK#746,便利店 旺角中心第一座OK,"Shop G13-15 on Ground Floor, Argyle Centre I, No. 688 Nathan Road, No.65 Argyle Street, Kowloon, Hong Kong.",九龍亞皆老亞65號旺角中心第一座地下G13-15號鋪OK#746 *,,00:00-00:00,00:00-00:00 周六:00:00-00:00 周日:00:00-00:00 節假日:00:00-00:00,22.319994,114.169835,Yau Tsim Mong District,油尖旺區,Mong Kok,旺角,partner,"3,6,7",false
852BDL,"Tai Nan Street, Prince Edward",太子大南街順豐站,"Shop A, G/F, No. 24, 24A & 26 Tai Nan Street*^,Prince Edward,Yau Tsim Mong District,Hong Kong","香港油尖旺區太子太子大南街24, 24A及26號地下A鋪*",64635273,Mon to Fri 10:00-22:00; Sun & Public Holidays 12:00-20:00; Sat 12:00-20:00,"周一至周五,10:00-22:00;周日及公眾假期,12:00-20:00;周六,12:00-20:00",22.324361,114.167222,Yau Tsim Mong District,油尖旺區,Prince Edward,太子,station,"1,3,5,6,7",true
852BE,"Kwong Wa Street, Mong Kok",旺角黑布街順豐站,"Ground Floor, 15 Hak Po Street*^,Mong Kok,Yau Tsim Mong District,Hong Kong",香港油尖旺區旺角黑布街15號地鋪*,65049838,Mon to Sat 09:00-20:00; Sun & Statutory Holidays Closed,"周一至周六,09:00-20:00;周日及勞工假期,休息",22.317465,114.17258,Yau Tsim Mong District,油尖旺區,Mong Kok,旺角,station,"1,3,5,6,7",true
852BE2002,OK #748,便利店 富都大廈地下4號鋪OK,"Shop No.4 on Ground Floor, Fu Tao Building, No.98 Argyle Street, Kowloon.",九龍亞皆老街98號富都大廈地下4號鋪 OK #748*,,00:00-00:00,00:00-00:00 周六:00:00-00:00 周日:00:00-00:00 節假日:00:00-00:00,22.320009,114.173612,Yau Tsim Mong District,油尖旺區,Mong Kok,旺角,partner,"3,6,7",false
852BF,"Shanghai Street, Mong Kok",旺角上海街順豐站,"G/F, No. 683 Shanghai Street*^,Mong Kok,Yau Tsim Mong District,Hong Kong",香港油尖旺區旺角上海街683號地下**,93299413,Mon to Sat 09:00-20:00; Sun & Statutory Holidays Closed,"周一至周六,09:00-20:00;周日及勞工假期,休息",22.324645,114.16729,Yau Tsim Mong District,油尖旺區,Mong Kok,旺角,station,"1,3,5,6,7",true
852BF2001,OK#177,便利店 安豪樓地下OK,"Shop A, G/F., Nos.22, 24 & 28, Nullah Road, Kowloon","九龍水渠道22,24,28號安豪樓地下A鋪OK#177*",,00:00-00:00,00:00-00:00 周六:00:00-00:00 周日:00:00-00:00 節假日:00:00-00:00,22.323429,114.169463,Yau Tsim Mong District,油尖旺區,Prince Edward,太子,partner,"3,6,7",false
852BF3001,WS,合作店 WS,"Shop 131B,1/F,Allied Plaza,760 Nathan Road, Prince Edward, KLN*",太子彌敦道760號聯合廣場1樓131B （WS）周三-六：1200-2000*,,12:00-19:30,12:00-19:30 周六:12:00-12:00,22.32333,114.168774,Yau Tsim Mong District,油尖旺區,Prince Edward,太子,partner,"3,6,7",false
852BF3003,悟空開門自提點,合作店 悟空開門自提點,PART A GROUND/F HANG ON BLDG NO.163 SAI YEUNG CHOI ST NORTH MONG KOK HONG KONG （Closed on Wednesdays）*,太子西洋菜北街157-163A號地下7(163)號鋪 悟空開門自提點（逢星期三休息）*,,10:00-20:00,10:00-20:00 周六:10:00-20:00 周日:10:00-20:00,22.3258016,114.168599,Yau Tsim Mong District,油尖旺區,Prince Edward,太子,partner,"3,6,7",false
852BFL,"Chung Hing Building, Tai Kok Tsui",大角咀中興樓順豐站,"Shop 12, G/F, Chung Hing Building, 41 Chung Wui Street*^,Tai Kok Tsui,Yau Tsim Mong District,Hong Kong",香港油尖旺區大角咀中匯街41號中興樓地下12號鋪*,64635273,Mon to Fri 11:00-21:00; Sun & Public Holidays 12:00-20:00; Sat 12:00-20:00,"周一至周五,11:00-21:00;周日及公眾假期,12:00-20:00;周六,12:00-20:00",22.322359,114.160828,Yau Tsim Mong District,油尖旺區,Tai Kok Tsui,大角咀,station,"1,3,5,6,7",true
852C,"Fung Yip Industrial Building, Kwun Tong",觀塘豐業大廈順豐站,"Room B, G/F, Fung Yip Industrial Building, No. 170 Wai Yip Street*,Kwun Tong,Kwun Tong District,Hong Kong",香港觀塘區觀塘偉業街170號豐業大廈B地鋪*,65082396,Mon to Sat 09:00-20:00; Sun & Statutory Holidays 09:00-18:00,"周一至周六,09:00-20:00;周日及勞工假期,09:00-18:00",22.310527,114.220582,Kwun Tong District,觀塘區,Kwun Tong,觀塘,station,"1,3,5,6,7",true
852C2009,"Conv. Store Shop 205, 2/F, Po Tat Shopping Centre, Sau Mau Ping, Kwun Tong, KLN",便利店 寶達商場OK便利店,"Shop 205, 2/F, Po Tat Shopping Centre, Sau Mau Ping, Kwun Tong, KLN",九龍觀塘秀茂坪寶達邨寶達商場二樓205號鋪OK #218*,,00:00-23:59,00:00-23:59,22.317331,114.236352,Kwun Tong District,觀塘區,Sau Mau Ping,秀茂坪,partner,"3,6,7",false
852C2023,"Conv. Store Shop 1, Sau Tak House, Sau Mau Ping (South) Estate, Kwun Tong, KLN",便利店 秀茂坪南OK便利店,"Shop 1, Sau Tak House, Sau Mau Ping (South) Estate, Kwun Tong, KLN",九龍觀塘秀茂坪南秀德樓1號鋪OK #429*,,06:00-23:00,06:00-23:00,22.31559,114.235319,Kwun Tong District,觀塘區,Sau Mau Ping,秀茂坪,partner,"3,6,7",false
852C2024,OK #570,便利店 Two Harbour Square 地下3號鋪OK,"Shop No. F&B 3 on Ground Floor of Two Harbour Square, No. 180 Wai Yip Street, Kowloon, Hong Kong",香港九龍偉業街180號 Two Harbour Square 地下F&B 3號鋪OK #570*,,07:30-21:30,07:30-21:30 周六:07:30-21:30 周日:09:00-19:30 節假日:09:00-19:30,22.30975,114.221273,Kwun Tong District,觀塘區,Kwun Tong,觀塘,partner,"3,6,7",false
852CA2001,"Kiosk KWT 33-34, Kwun Tong MTR Station, Kwun Tong, KLN",便利店 觀塘港鐵OK便利店,"Kiosk KWT 33-34, Kwun Tong MTR Station, Kwun Tong, KLN",九龍觀塘港鐵站KWT33-34號鋪OK #513*,,06:30-00:00,06:30-00:00,22.312513,114.226409,Kwun Tong District,觀塘區,Kwun Tong,觀塘,partner,"3,6,7",false
852CA2004,"Shop 1, Carpark Building, Ko Chun Court, Yau Tong, KLN",高俊苑OK便利店,"Shop 1, Carpark Building, Ko Chun Court, Yau Tong, KLN",九龍油塘高俊苑停車場大廈1號鋪OK #128*,,00:00-00:00,00:00-00:00 周六:00:00-00:00 周日:00:00-00:00 節假日:00:00-00:00,22.298104,114.242069,Kwun Tong District,觀塘區,Yau Tong,油塘,partner,"3,6,7",false
852CA2007,OK #385,便利店 匯景花園OK,"Shop No.2D Sceneway Garden, No.8 Sceneway Road, Lam Tin, Kowloon",九龍藍田匯景道8號匯景花園2D鋪OK #385*,,06:00-00:00,06:00-00:00 周六:06:00-00:00 周日:06:00-00:00 節假日:06:00-00:00,22.307762,114.232596,Kwun Tong District,觀塘區,Yau Tong,油塘,partner,"3,6,7",false
852CA2008,OK#231,便利店 鯉魚門廣場OK,"Shop 1, G/F., Lei Yue Mun Plaza, Yau Tong Estate, Kowloon",九龍油塘邨鯉魚門廣場地下一號鋪OK#231*,,00:00-00:00,00:00-00:00 周六:00:00-00:00 周日:00:00-00:00 節假日:00:00-00:00,22.2974,114.2388,Kwun Tong District,觀塘區,Yau Tong,油塘,partner,"3,6,7",false
852CA2009,OK#712,便利店 駱駝漆大廈OK,"Shop A1, Ground Floor, Camelpaint Buildings Block III, No. 60 Hoi Yuen Road, Kwun Tong, Kowloon",九龍觀塘開源道60號駱駝漆大廈第三座地下OK#712,,06:30-00:00,06:30-00:00 周六:06:30-00:00 周日:06:30-00:00 節假日:06:30-00:00,22.310454,114.224739,Kwun Tong District,觀塘區,Kwun Tong,觀塘,partner,"3,6,7",false
852CA2010,OK#470,便利店 大本型港鐵樓層OK,"Shop No. M05 MTR Floor, Domain, Yau Tong, Kowloon",九龍油塘大本型港鐵樓層M05號鋪OK#470*,,06:30-23:00,06:30-23:00 周六:06:30-23:00 周日:06:30-23:00 節假日:06:30-23:00,22.297,114.2385,Kwun Tong District,觀塘區,Yau Tong,油塘,partner,"3,6,7",false
852CA2011,OK #742,便利店 合和大廈地下17-18號鋪OK,"Shop No. 17 on Ground Floor including cockloft Hip Wo Street , Kowloon, Hong Kong",香港九龍協和街合和大廈地下17-18號鋪 OK #742*,,00:00-00:00,00:00-00:00 周六:00:00-00:00 周日:00:00-00:00 節假日:00:00-00:00,22.316916,114.226529,Kwun Tong District,觀塘區,Kwun Tong,觀塘,partner,"3,6,7",false
852CA3003,集點公司,合作店 集點,"Shop 216, Ping Tin Shopping Centra,Lam Tin,KLN*",藍田平田商場216號鋪（集點）*,,12:00-20:00,12:00-20:00 周六:12:00-18:00,22.306011,114.237197,Kwun Tong District,觀塘區,Lam Tin,藍田,partner,"3,6,7",false
852CA3006,驛家自取點,合作店 驛家自取點,"No. 13A, 1st Floor, Tianyao Building, Shuntian Estate, 9 Siun'an Road, Kwun Tong, Kowloon（1330-1400closed）*",九龍觀塘茶寮坳順安道9號順天邨天瑤樓地下13A號鋪驛家自取點（13:30-14:00午休）*,,10:00-21:00,10:00-21:00 周六:10:00-21:00 周日:10:00-18:00,22.32815,114.226158,Kwun Tong District,觀塘區,Yau Tong,油塘,partner,"3,6,7",false
852CAB,"Hung To Industrial Building, Kwun Tong",觀塘鴻圖工廈順豐站,"Workshop No. 1, G/F, Hung To Industrial Building, No. 80 Hung To Road*^,Kwun Tong,Kwun Tong District,Hong Kong",香港觀塘區觀塘鴻圖道80號鴻圖工業大廈地下1號鋪*,96605766,Mon to Sat 09:00-20:00; Sun & Statutory Holidays 09:00-18:00,"周一至周六,09:00-20:00;周日及勞工假期,09:00-18:00",22.308332,114.224233,Kwun Tong District,觀塘區,Kwun Tong,觀塘,station,"1,3,5,6,7",true
852CAC,"Union Building, Kwun Tong",觀塘友聯大廈順豐站,"G/F, Union Building, No. 112 How Ming Street*,Kwun Tong,Kwun Tong District,Hong Kong",香港觀塘區觀塘巧明街112號友聯大廈地倉*,67911149,Mon to Sat 09:00-20:00; Sun & Statutory Holidays Closed,"周一至周六,09:00-20:00;周日及勞工假期,休息",22.311375,114.224082,Kwun Tong District,觀塘區,Kwun Tong,觀塘,station,"1,3,5,6,7",true
852CAD,"Ajisen Group Tower, Yau Tong",油塘味千集團大廈順豐站,"B/F(Opposite to Montego Bay), Block B, Ajisen Group Tower, Yan Yue Wai*^,Yau Tong,Kwun Tong District,Hong Kong",香港觀塘區油塘仁宇圍味千集團大廈B座地庫(蔚藍東岸對面)*,60255685,Mon to Sat 09:00-20:00; Sun & Statutory Holidays Closed,"周一至周六,09:00-20:00;周日及勞工假期,休息",22.292587,114.236609,Kwun Tong District,觀塘區,Yau Tong,油塘,station,"1,3,5,6,7",true
852CB2001,"Factory A3, G/F, Howard Factory Building, 66 Tsun Yip Street, Kwun Tong, KLN",便利店 駿業街OK便利店,"Factory A3, G/F, Howard Factory Building, 66 Tsun Yip Street, Kwun Tong, KLN",九龍觀塘駿業街66號巧運工業大廈地下A3號單位OK #306,,00:00-00:00,00:00-00:00 周六:00:00-00:00 周日:00:00-00:00 節假日:00:00-00:00,22.312285,114.223588,Kwun Tong District,觀塘區,Kwun Tong,觀塘,partner,"3,6,7",false
852CB2003,"Shop H G/F, Kin Tak House, 101 Hip Wo Street, Kwun Tong, KLN",協和街OK便利店,"Shop H G/F, Kin Tak House, 101 Hip Wo Street, Kwun Tong, KLN",九龍觀塘協和街101號地下H號鋪OK #242,,00:00-00:00,00:00-00:00 周六:00:00-00:00 周日:00:00-00:00 節假日:00:00-00:00,22.315506,114.225817,Kwun Tong District,觀塘區,Kwun Tong,觀塘,partner,"3,6,7",false
852CB2004,"Shop G25, Centre de Laguna Phase3, Laguna City, 93 ChaKwoLing Rd, KwunTong, KLN",麗港城OK便利店,"Shop G25, Centre de Laguna Phase3, Laguna City, 93 ChaKwoLing Rd, KwunTong, KLN",觀塘茶果嶺道93號麗港城第三期麗港城中薈地下25及26B號鋪OK #338*,,00:00-23:59,00:00-23:59 周六:00:00-23:59 周日:00:00-23:59,22.305783,114.228241,Kwun Tong District,觀塘區,Kwun Tong,觀塘,partner,"3,6,7",false
852CB2005,"Conv. Store Shop K, G/F, Kwun Tong Lap Shing Buil, 305-325 & 325A Ngau Tau Kok Rd, Kwun Tong, KLN",便利店 牛頭角道OK便利店,"Shop K, G/F, Kwun Tong Lap Shing Buil, 305-325 & 325A Ngau Tau Kok Rd, Kwun Tong, KLN",九龍牛頭角道305-325及325A號觀塘立成大廈地下K號鋪OK #399*,,00:00-23:59,00:00-23:59,22.315071,114.221942,Kwun Tong District,觀塘區,Ngau Tau Kok,牛頭角,partner,"3,6,7",false
852CB2006,"Conv. Store 239, G/F, Hay Cheuk Lau, KwunTong Garden EST, 239 NgauTauKok Rd, Kwun Tong, KLN",便利店 花園大廈OK便利店,"239, G/F, Hay Cheuk Lau, KwunTong Garden EST, 239 NgauTauKok Rd, Kwun Tong, KLN",九龍觀塘牛頭角道239號觀塘花園大廈喜鵲樓地下239號鋪OK #490*,,00:00-23:59,00:00-23:59,22.31717,114.21776,Kwun Tong District,觀塘區,Ngau Tau Kok,牛頭角,partner,"3,6,7",false
852CB2010,Conv. Store OK #575,便利店 物華街OK便利店,"Shop E, G/F, 19-29 Mut Wah St, Kwun Tong",九龍物華街19-29號，群星大廈地下連天井E號鋪OK #575*,,00:00-23:59,00:00-23:59,22.3155292,114.224411,Kwun Tong District,觀塘區,Kwun Tong,觀塘,partner,"3,6,7",false
852CB3002,"Indiv. Store Flat/RM 301, 3/F, Tak Tin Plaza, 223 Pik Wan Road, Lam Tin, KL",合作點 維高儲存,"Flat/RM 301, 3/F, Tak Tin Plaza, 223 Pik Wan Road, Lam Tin, KL*",藍田德田廣場310號鋪 維高儲存服務公司*,,12:30-19:30,12:30-19:30 周六:12:30-19:00,22.3104444,114.2379886,Kwun Tong District,觀塘區,Lam Tin,藍田,partner,"3,6,7",false
852CB3003,"Indiv. Store G/F, NO.162 Shui Wo Street, Kwun Tong, KL",合作點 壹路易有限公司,"G/F, NO.162 Shui Wo Street, Kwun Tong, KL*",九龍觀塘瑞和街162號地下（壹路易）*,,10:00-19:30,10:00-19:30 周六:11:00-18:00,22.3173958,114.22631,Kwun Tong District,觀塘區,Kwun Tong,觀塘,partner,"3,6,7",false
852CB3005,新健自提點,合作店 新健自提點,"Shop G2, G/F, 100-102 Ting On Street, Ngau Tau Kok, KLN*",九龍牛頭角定安街100-102號G2鋪（新健自提點）*,,08:00-20:00,08:00-20:00 周六:08:00-20:00 節假日:08:00-20:00,22.318068,114.215508,Kwun Tong District,觀塘區,Ngau Tau Kok,牛頭角,partner,"3,6,7",false
852CB3007,閃提自取點,合作店 閃提自取點,"Shop 40B, G/F, Lai Kong Centre, 95 Cha Kwo Ling Road, Kwun Tong(15:00-15:45 Closed)*",九龍觀塘茶果嶺道95號麗港中心商埸地下40B鋪(閃提自取點)(15:00-15:45午休)*,,12:00-20:00,12:00-20:00 周六:12:00-20:00,22.3070149,114.228117,Kwun Tong District,觀塘區,Lam Tin,藍田,partner,"3,6,7",false
852CC2001,"Conv. Store Shop 6, Tsui Ping Shopping Circuit, Kwun Tong, KLN",便利店 翠屏商場OK便利店,"Shop 6, Tsui Ping Shopping Circuit, Kwun Tong, KLN",九龍觀塘翠屏商場6號鋪OK #78*,,00:00-23:59,00:00-23:59,22.315039,114.22999,Kwun Tong District,觀塘區,Kwun Tong,觀塘,partner,"3,6,7",false
852CC2002,"Conv. Store Shop 1 Carpark Building, Sau Mau Ping Estate Phase 15, Kwun Tong, KLN",便利店 秀茂坪OK便利店,"Shop 1 Carpark Building, Sau Mau Ping Estate Phase 15, Kwun Tong, KLN",九龍觀塘秀茂坪十五期停車場大廈地下1號鋪OK #191*,,00:00-23:59,00:00-23:59,22.31843862,114.2348557,Kwun Tong District,觀塘區,Sau Mau Ping,秀茂坪,partner,"3,6,7",false
852CC2003,"Conv. Store Shop No. G06, On Tat Shopping Centre, On Tat Estate",便利店 安達商場OK便利店,"Shop No. G06, On Tat Shopping Centre, On Tat Estate",秀茂坪安達邨安達商場G06號鋪OK #536*,,00:00-23:59,00:00-23:59,22.320787,114.234871,Kwun Tong District,觀塘區,Sau Mau Ping,秀茂坪,partner,"3,6,7",false
852CC2018,"Shop 6, King Lam Shopping Centre, King Lam Estate, Tseung Kwan O, N.T.",便利店 景林商場OK便利店,"Shop 6, King Lam Shopping Centre, King Lam Estate, Tseung Kwan O, N.T.",新界將軍澳景林邨景林商場地下6號鋪OK #502*,,06:00-23:00,06:00-23:00,22.320934,114.261562,Sai Kung District,西貢區,Po Lam,寶琳,partner,"3,6,7",false
852CC2021,"Shop 105, Tsui Lam Shopping Centre, Tsui Lam Estate, Tseung Kwan O, N.T.",翠琳購物中心OK便利店,"Shop 105, Tsui Lam Shopping Centre, Tsui Lam Estate, Tseung Kwan O, N.T.",新界將軍澳翠琳購物中心105號鋪OK #45*,,00:00-00:00,00:00-00:00 周六:00:00-00:00 周日:00:00-00:00 節假日:00:00-00:00,22.322736,114.249082,Sai Kung District,西貢區,Tseung Kwan O,將軍澳,partner,"3,6,7",false
852CC2022,"Conv. Store Shop 110-112, Po Kan House, Po Lam Estate, Tsueng Kwan O, N.T.",便利店 寶琳村OK便利店,"Shop 110-112, Po Kan House, Po Lam Estate, Tsueng Kwan O, N.T.",新界將軍澳寶琳邨寶勤樓110-112號鋪OK #55*,,00:00-23:59,00:00-23:59,22.324981,114.255962,Sai Kung District,西貢區,Po Lam,寶琳,partner,"3,6,7",false
852CC2023,"Conv. Store Shop 1, G/F, Carpark Building, Yan Ming Court, Tseung Kwan O, N.T.",便利店 欣明苑OK便利店,"Shop 1, G/F, Carpark Building, Yan Ming Court, Tseung Kwan O, N.T.",將軍澳欣明苑停車場大廈地下1鋪OK #76*,,00:00-23:59,00:00-23:59,22.324195,114.259234,Sai Kung District,西貢區,Po Lam,寶琳,partner,"3,6,7",false
852CC2024,"Conv. Store Shop 19, Ming Tak Shopping Centre, Ming Tak Estate, Tseung Kwan O, N.T.",便利店 明德商場OK便利店,"Shop 19, Ming Tak Shopping Centre, Ming Tak Estate, Tseung Kwan O, N.T.",新界將軍澳明德邨明德商場19號鋪OK #145*,,00:00-23:59,00:00-23:59,22.316374,114.268657,Sai Kung District,西貢區,Hang Hau,坑口,partner,"3,6,7",false
852CC2026,"Conv. Store Shop 12, G/F, Kam Po Court, Lot 939 in DD215, Sai Kung, N.T.",便利店 西貢海傍廣場OK便利店,"Shop 12, G/F, Kam Po Court, Lot 939 in DD215, Sai Kung, N.T.",西貢海傍廣場金寶閣地下12號鋪OK #168*,,00:00-23:59,00:00-23:59,22.381213,114.273267,Sai Kung District,西貢區,Sai Kung,西貢,partner,"3,6,7",false
852CC2027,"Conv. Store Shop B04 G/F, Park Central, Tong Tak Street, Tseung Kwan O, N.T.",便利店 將軍澳中心OK便利店,"Shop B04 G/F, Park Central, Tong Tak Street, Tseung Kwan O, N.T.",新界將軍澳唐德街將軍澳中心地下B04號鋪OK #223*,,00:00-23:59,00:00-23:59,22.307242,114.25711,Sai Kung District,西貢區,Tseung Kwan O,將軍澳,partner,"3,6,7",false
852CC2028,"Shop 209, 2/F, Metro City Phase III, The Metropolis, Tsueng Kwan O, N.T.",便利店 新都城中心OK便利店,"Shop 209, 2/F, Metro City Phase III, The Metropolis, Tsueng Kwan O, N.T.",新界將軍澳新都城中心三期都會豪庭商場2樓209號鋪OK #280*,,06:00-22:00,06:00-22:00,22.322339,114.257284,Sai Kung District,西貢區,Po Lam,寶琳,partner,"3,6,7",false
852CC2029,"Shop 16, G/F, Metro Town Shopping Mall, 8 King Ling RD, Tseung Kwan O, N.T.",都會駅商場OK便利店,"Shop 16, G/F, Metro Town Shopping Mall, 8 King Ling RD, Tseung Kwan O, N.T.",新界將軍澳景嶺路八號都會駅商場地下16號鋪OK #345,,06:30-23:00,06:30-23:00 周六:06:30-23:00 周日:06:30-23:00 節假日:06:30-23:00,22.304002,114.251739,Sai Kung District,西貢區,Tiu Keng Leng,調景嶺,partner,"3,6,7",false
852CC2031,"Conv. Store Shop G11, Hau Tak Shopping CTR(West Wing), Hau Tak Est, Tseung Kwan O, N.T.",便利店 厚德商場OK便利店,"Shop G11, Hau Tak Shopping CTR(West Wing), Hau Tak Est, Tseung Kwan O, N.T.",新界將軍澳厚德邨商場(西翼)地下G11及G12號鋪OK #352*,,00:00-23:59,00:00-23:59,22.316891,114.266034,Sai Kung District,西貢區,Hang Hau,坑口,partner,"3,6,7",false
852CC2033,"Conv. Store Shop 244, Choi Ming Shopping Centre (Extension), Tseung Kwan O, N.T.",便利店 彩明商場OK便利店,"Shop 244, Choi Ming Shopping Centre (Extension), Tseung Kwan O, N.T.",新界將軍澳彩明商場擴展部份二樓244號鋪OK #251*,,00:00-23:59,00:00-23:59,22.306006,114.251692,Sai Kung District,西貢區,Tiu Keng Leng,調景嶺,partner,"3,6,7",false
852CC2034,"Shop 23, G/F,Sai Kung Building, Lot 985 in DD215, Sai Kung, N.T.",便利店 西貢大廈OK便利店,"Shop 23, G/F,Sai Kung Building, Lot 985 in DD215, Sai Kung, N.T.",新界西貢西貢大廈地下23號鋪OK #283*,,00:00-23:59,00:00-23:59,22.382421,114.272449,Sai Kung District,西貢區,Sai Kung,西貢,partner,"3,6,7",false
852CC2036,Conv. Store MTR Station Concession No. POA 14 at Po Lam Station,便利店 寶琳港鐵OK便利店,MTR Station Concession No. POA 14 at Po Lam Station,新界寶琳港鐵站POA14號鋪OK #545*,,06:30-00:00,06:30-00:00,22.322591,114.257872,Sai Kung District,西貢區,Po Lam,寶琳,partner,"3,6,7",false
852CC2038,"Conv. Store Shop Unit 315, 3/F, The LOHAS, Tseung Kwan O, New Territories",便利店 The LOHAS康城OK便利店,"Shop Unit 315, 3/F, The LOHAS, Tseung Kwan O, New Territories",新界將軍澳TheLOHAS康城3樓315號鋪OK #585*,,07:00-00:00,07:00-00:00,22.2948317,114.2691228,Sai Kung District,西貢區,LOHAS Park,康城,partner,"3,6,7",false
852CC2039,"Conv. Store Shop 39, 2/F, Metro Town Shopping Mall, 8 King Ling RD, Tseung Kwan O, N.T.",便利店 都會駅商場OK便利店,"Shop 36, 2/F, Metro Town Shopping Mall, 8 King Ling RD, Tseung Kwan O, N.T.",將軍澳景嶺路八號都會駅商場2樓36號鋪 OK #725*,,07:00-22:00,07:00-22:00,22.304002,114.251739,Sai Kung District,西貢區,Tseung Kwan O,將軍澳,partner,"3,6,7",false
852CC3006,執到雜貨店,合作店 執到雜貨店,"B193-B194, 1 / F, Well On Shopping Centre, 9 Yuya Lane,  Tseung Kwan O, NT*",將軍澳毓雅里9號慧安商場1樓B193-B194(執到雜貨店)*,,13:30-19:30,13:30-19:30 周六:13:30-19:30,22.324443,114.254155,Sai Kung District,西貢區,Tseung Kwan O,將軍澳,partner,"3,6,7",false
852CC3007,提點坪翠屏街市,合作店 提點坪翠屏街市,"Shop M2-120, G/F, Tsui Ping Market, Tsui Ping Estate, Kwun Tong, KLN*",香港觀塘翠屏街市M2-120號鋪(提點坪翠屏街市)*,,12:00-20:30,12:00-20:30 周六:12:00-20:30,22.316227,114.229777,Kwun Tong District,觀塘區,Kwun Tong,觀塘,partner,"3,6,7",false
852CF3001,"Indiv. Store RM 103, M2/F, Tsui Ping Shopping Circuit, Tsui Ping EST, Kwun Tong, KL",合作點 翠安園,"RM 103, M2/F, Tsui Ping Shopping Circuit, Tsui Ping EST, Kwun Tong, KL*",觀塘翠屏邨翠屏北商場M2層103號鋪 翠安園*,,11:00-20:00,11:00-20:00 周六:11:00-20:00 周日:11:00-20:00 節假日:11:00-20:00,22.3165412,114.2296358,Kwun Tong District,觀塘區,Kwun Tong,觀塘,partner,"3,6,7",false
852CH2001,OK #159,便利店 尚德商場地下OK,"Shop no. 8, G/F., Sheung Tak Shopping Centre, Tseung Kwan O,N.T.",九龍將軍澳尚德邨尚德商場地下8號鋪OK #159*,,00:00-00:00,00:00-00:00 周六:00:00-00:00 周日:00:00-00:00 節假日:00:00-00:00,22.311047,114.259172,Sai Kung District,西貢區,Tseung Kwan O,將軍澳,partner,"3,6,7",false
852CH2002,OK #418,便利店 富寧花園商場地下OK,"Shops 10 and 11A, G/F., Commercial Centre, Fu Ning Garden, No. 25 Po Ning Road, Tseung Kwan o, Sai Kung, N.T.",西貢將軍澳寶寧路25號富寧花園商場地下10及11A號鋪OK #418*,,06:00-23:00,06:00-23:00 周六:06:00-23:00 周日:06:00-23:00 節假日:06:00-23:00,22.319211,114.267528,Sai Kung District,西貢區,Tseung Kwan O,將軍澳,partner,"3,6,7",false
852CH2003,OK #750,便利店 寶盈花園商業中心地下OK,"Shop No. S3, S3A on the Ground Floor of Commercial Centre, Bauhinia Garden, 11 Tong Chun Street, Tseung Kwan O,Sai Kung, New Territories","西貢將軍澳唐俊街11號寶盈花園商業中心地下S3, S3A號鋪 OK #750*",,00:00-00:00,00:00-00:00 周六:00:00-00:00 周日:00:00-00:00 節假日:00:00-00:00,22.306376,114.261717,Sai Kung District,西貢區,Tseung Kwan O,將軍澳,partner,"3,6,7",false
852CH3001,"Indiv. Store Shop 14, G/F, On Kwan House, Shun On Commercial Centre, Kwun Tong, KL",合作點 速豹物流,"Shop 14, G/F, On Kwan House, Shun On Commercial Centre, Kwun Tong, KL*",九龍觀塘順安商場安群樓地下14號鋪 威多康速豹物流*,,11:00-20:00,11:00-20:00 周六:11:00-20:00,22.32824797,114.2257085,Kwun Tong District,觀塘區,Shun Lee,順利,partner,"3,6,7",false
852CH3002,東源自提,合作店 東源自提,"Shop B5B,1/F,The Parkside Mall,No.18 Tong Chun ST，TKO, NT*",The Parkside mall一樓B5B鋪 東源自提*,,12:00-20:00,12:00-20:00 周六:12:00-18:00 周日:12:00-18:00 節假日:12:00-18:00,22.305222,114.260777,Sai Kung District,西貢區,Tseung Kwan O,將軍澳,partner,"3,6,7",false
852CH3005,自由速遞,合作店 自由速遞,"A74-75，Well On Shopping Centre,Tseung Kwan O, NT*",新界將軍澳慧安商場A74-75號鋪自由速遞*,,14:00-20:00,14:00-20:00 周六:14:00-20:00,22.3242045,114.25413,Sai Kung District,西貢區,Tseung Kwan O,將軍澳,partner,"3,6,7",false
852CH3007,自由速遞,合作店 自由速遞,"Shop 74 Po Lam Market, Tseung Kwan O*",新界將軍澳寶林市場74號鋪 自由速遞*,,14:00-20:00,14:00-20:00 周六:14:00-20:00 周日:14:00-18:00 節假日:14:00-18:00,22.3255363,114.2548171,Sai Kung District,西貢區,Po Lam,寶琳,partner,"3,6,7",false
852CH3008,牛虹安寧花園,合作店 牛虹安寧花園,"Shop G3, Ground Floor, Block 1, Anning Garden, 10 Chong Ning Road, Tseung Kwan O*",新界將軍澳常寧路10號安寧花園第一座地下G3號鋪 牛虹安寧花園*,,11:30-20:30,11:30-20:30 周六:11:30-20:30,22.31696925,114.2628731,Sai Kung District,西貢區,Tseung Kwan O,將軍澳,partner,"3,6,7",false
852CLL,"Sheung Tak Plaza, Tseung Kwan O",將軍澳尚德廣場順豐站,"Shop 215, 2/F, Sheung Tak Plaza, Sheung Tak Estate, 2 Tong Ming Street*,Tseung Kwan O,Sai Kung District,Hong Kong",香港西貢區將軍澳唐明街2號尚德邨尚德廣場2樓215號鋪*,64635030,Mon to Fri 11:00-22:00; Sun & Public Holidays 12:00-20:00; Sat 12:00-20:00,"周一至周五,11:00-22:00;周日及公眾假期,12:00-20:00;周六,12:00-20:00",22.310937,114.258924,Sai Kung District,西貢區,Tseung Kwan O,將軍澳,station,"3,5,6,7",false
852CNL,"On Tat shopping Center, Sau Mau Ping",秀茂坪安達商場順豐站,"Shop 21, Level LG/1, On Tat shopping Center, On Tat Estate*^,Sau Mau Ping,Kwun Tong District,Hong Kong",香港觀塘區秀茂坪安達邨安達商場LG21號鋪*,55261667,Mon to Fri 11:00-21:00; Sun & Public Holidays 12:00-20:00; Sat 12:00-20:00,"周一至周五,12:00-21:00;周日及公眾假期,12:00-20:00, 周六, 12:00-20:00",22.32033,114.23438,Kwun Tong District,觀塘區,Sau Mau Ping,秀茂坪,station,"1,3,5,6,7",true
852D,"Shun Cheung Industrial Building, Lai Chi Kok",荔枝角順昌工廈順豐站,"Unit A, G/F, Shun Cheung Industrial Building, No. 24 & 26 Wing Hong Street*^,Lai Chi Kok,Sham Shui Po District,Hong Kong",香港深水埗區荔枝角永康街24&26號順昌工業大廈地下A鋪*,67911226,Mon to Sat 09:00-20:00; Sun & Statutory Holidays 09:00-18:00,"周一至周六,09:00-20:00;周日及勞工假期,09:00-18:00",22.339162,114.14937,Sham Shui Po District,深水埗區,Lai Chi Kok,荔枝角,station,"1,3,5,6,7",true
852D2001,"Shop G-04, G/F, Household Centre, 8 King Lai Path, Kwai Chung, N.T.",盈暉薈OK便利店,"Shop G-04, G/F, Household Centre, 8 King Lai Path, Kwai Chung, N.T.",新界葵涌景荔徑8號盈暉薈地下G-04號鋪OK #219,,00:00-00:00,00:00-00:00 周六:00:00-00:00 周日:00:00-00:00 節假日:00:00-00:00,22.341739,114.137943,Sham Shui Po District,深水埗區,Lai Chi Kok,美孚,partner,"3,6,7",false
852D2002,"G/F, HK Spinners Ind Bldg(Phase I&II), 800 Cheung Sha Wan Rd, Lai Chi Kok, KLN",便利店 紗廠工業大廈OK便利店,"G/F, HK Spinners Ind Bldg(Phase I&II), 800 Cheung Sha Wan Rd, Lai Chi Kok, KLN",九龍荔枝角長沙灣道800號香港紗廠工業大廈一及二期地下OK #241*,,00:00-23:59,00:00-23:59,22.337985,114.148979,Sham Shui Po District,深水埗區,Lai Chi Kok,荔枝角,partner,"3,6,7",false
852D2004,"Unit G03, G/F, Cheung Sha Wan Plaza, 833 Cheung Sha Wan Road, Lai Chi Kok, KLN",便利店 長沙灣廣場OK便利店,"Unit G03, G/F, Cheung Sha Wan Plaza, 833 Cheung Sha Wan Road, Lai Chi Kok, KLN",長沙灣道833號長沙灣廣場地下G03號鋪OK #497*,,06:30-23:00,06:30-23:00,22.337404,114.14862,Sham Shui Po District,深水埗區,Cheung Sha Wan,長沙灣,partner,"3,6,7",false
852D2005,Conv. Store OK #564,便利店 海盈邨OK便利店,"Shop 4, G/F, Hoi Ying Estate Ying Cheong House, No.1 Lai Ying St , Cheung Sha Wan",長沙灣海盈邨盈昌樓地下4號鋪OK #564*,,00:00-23:59,00:00-23:59,22.3285961,114.1483339,Sham Shui Po District,深水埗區,Cheung Sha Wan,長沙灣,partner,"3,6,7",false
852D2006,OK #752,便利店 創匯國際中心地下A鋪OK,"Shop A G/F., The Globe, No.79 Wing Hong Street, Kowloon, Hong Kong",香港九龍永康街79號創匯國際中心地下A鋪 OK #752*,,07:00-19:00,07:00-19:00 周六:08:00-15:00,22.339475,114.149525,Sham Shui Po District,深水埗區,Lai Chi Kok,荔枝角,partner,"3,6,7",false
852D3001,"Indiv. Store Shop 6, Fu Yiu House, Lai Yiu Est, Lai King, KL",合作點 港聯葯業,"Shop 6, Fu Yiu House, Lai Yiu Est, Lai King, KL（13:30-14:30 Closed）*",新界荔景麗瑤邨富瑤樓6號鋪*（13:30-14:30午休）港聯葯業*,,11:00-20:00,11:00-20:00 周六:11:00-20:00,22.3543934,114.130189,Kwai Tsing District,葵青區,Lai King,荔景,partner,"3,6,7",false
852D3002,"Indiv. Store Shop A104, 1/F, Block A, Cho Yiu Centre, Lai King, Kwai Chung, New Territories",合作點 豪由仔士多,"Shop A104, 1/F, Block A, Cho Yiu Centre, Lai King, Kwai Chung, New Territories*",新界念祖街1號祖堯坊A座1樓104號鋪 豪由仔士多*,,13:00-20:00,13:00-20:00 周六:13:00-17:00,22.34601097922957,114.1283186168683,Kwai Tsing District,葵青區,Lai King,荔景,partner,"3,6,7",false
852DA,"Yeung Yiu Chung, Cheung Sha Wan",長沙灣楊耀松順豐站,"Factory A, G/F, Yeung Yiu Chung (No.6) Industrial Building, No.19 Cheung Shun Street, Cheung Sha Wan, Sham Shui Po District, Kowloon, Hong Kong*,Cheung Sha Wan,Sham Shui Po District,Hong Kong",香港深水埗區長沙灣香港九龍長沙灣長順街19號楊耀松第六工業大廈地下A鋪*,51349252,Mon to Sat 09:00-20:00; Sun & Statutory Holidays Closed,"周一至周六,09:00-20:00;周日及勞工假期,休息",22.3358896,114.1469397,Sham Shui Po District,深水埗區,Cheung Sha Wan,長沙灣,station,"1,3,5,6,7",true
852DA2002,"Shop 126, 1/F, Liberte Place, 833 Lai Chi Kok Road, Lai Chi Kok, KLN",便利店  升悅商場OK便利店,"Shop 126, 1/F, Liberte Place, 833 Lai Chi Kok Road, Lai Chi Kok, KLN",九龍荔枝角荔枝角道833號升悅商場一樓126號鋪OK #411*,,07:00-23:00,07:00-23:00,22.334695,114.148765,Sham Shui Po District,深水埗區,Lai Chi Kok,荔枝角,partner,"3,6,7",false
852DA2003,"G/F, 13 & 13A Cheung Fat Street, Cheung Sha Wan, KLN",便利店 長發街OK便利店,"G/F, 13 & 13A Cheung Fat Street, Cheung Sha Wan, KLN",九龍長沙灣長發街13及13號A地下OK #314*,,00:00-23:59,00:00-23:59,22.3387,114.156261,Sham Shui Po District,深水埗區,Cheung Sha Wan,長沙灣,partner,"3,6,7",false
852DA2004,"Conv. Store Shop No. G04, G/F, So Uk Shopping Centre, So Uk Estate, Sham Shui Po",便利店 蘇屋商場OK便利店,"Shop No. G04, G/F, So Uk Shopping Centre, So Uk Estate, Sham Shui Po",深水埗蘇屋商場地下G04號鋪OK #569*,,00:00-23:59,00:00-23:59,22.339887,114.156843,Sham Shui Po District,深水埗區,Cheung Sha Wan,長沙灣,partner,"3,6,7",false
852DA2005,OK #591,便利店 幸福邨幸福商場地下OK,"Shop Nos. 12, 13 &14 on Ground Floor, Fortune Shopping Centre, Fortune Estate, 8 Hang Cheung Street, Cheung Sha Wan, Kowloon","九龍長沙灣幸祥街8號幸福邨幸福商場地下12, 13,14號鋪 OK #591",,00:00-00:00,00:00-00:00 周六:00:00-00:00 周日:00:00-00:00 節假日:00:00-00:00,22.334972,114.154487,Sham Shui Po District,深水埗區,Cheung Sha Wan,長沙灣,partner,"3,6,7",false
852DA3003,祖堯點,合作店 祖堯點,"Shop A103,1/F,Cho Yiu Centre Block A,No.1 Lim Cho St,Kwai Chung*",葵涌荔景念祖街1號祖堯坊A座1樓A103號（祖堯點）*,,11:00-20:00,11:00-20:00 周六:12:00-19:00 周日:12:00-18:00 節假日:12:00-18:00,22.34645587,114.1284391,Kwai Tsing District,葵青區,Lai King,荔景,partner,"3,6,7",false
852DB,"Ford Glory Plaza, Lai Chi Kok",荔枝角福源廣場順豐站,"Unit A2, G/F, Ford Glory Plaza, No. 37 Wing Hong Street*^,Lai Chi Kok,Sham Shui Po District,Hong Kong",香港深水埗區荔枝角永康街37號福源廣場地下A2鋪*,96811096,Mon to Sat 09:00-20:00; Sun & Statutory Holidays Closed,"周一至周六,09:00-20:00;周日及勞工假期,休息",22.338997,114.146761,Sham Shui Po District,深水埗區,Lai Chi Kok,荔枝角,station,"1,3,5,6,7",true
852DB2002,OK #160,便利店 利豐大廈地下OK,"G/F., Li Fung Tower, No. 868 Cheung Sha Wan Road, Kowloon.",九龍長沙灣道868號利豐大廈地下OK #160*,,07:00-22:00,07:00-22:00 周六:07:00-22:00 周日:07:00-22:00 節假日:07:00-22:00,22.337334,114.147675,Sham Shui Po District,深水埗區,Lai Chi Kok,荔枝角,partner,"3,6,7",false
852DCL,"Banyan Garden, Lai Chi Kok",荔枝角泓景匯順豐站,"Shop 2A, G/F, Banyan Mall, Banyan Garden, 863 Lai Chi Kok Road*^,Lai Chi Kok,Sham Shui Po District,Hong Kong",香港深水埗區荔枝角荔枝角道863號泓景台泓景匯地下2A號鋪*,64684261,Mon to Fri 11:00-22:00; Sun & Public Holidays 12:00-20:00; Sat 12:00-20:00,"周一至周五,11:00-22:00;周日及公眾假期,12:00-20:00;周六,12:00-20:00",22.335222,114.148029,Sham Shui Po District,深水埗區,Lai Chi Kok,荔枝角,station,"1,3,5,6,7",true
852DDL,"Castle Peak Road, Sham Shui Po",深水埗青山道順豐站,"G/F, No.143 Castle Peak Road*^,Cheung Sha Wan,Sham Shui Po District,Hong Kong",香港深水埗區長沙灣青山道143號地下*,64684261,Mon to Fri 10:00-22:00; Sun & Public Holidays 12:00-20:00; Sat 12:00-20:00,"周一至周五,10:00-22:00;周日及公眾假期,12:00-20:00;周六,12:00-20:00",22.334763,114.16094,Sham Shui Po District,深水埗區,Cheung Sha Wan,長沙灣,station,"1,3,5,6,7",true
852DEL,"Ming King House, Lai King",荔景邨明景樓順豐站,"Shop No. 4, G/F, Ming King House, Lai King Estate*,Lai King,Kwai Tsing District,Hong Kong",香港葵青區荔景荔景邨明景樓地下4號鋪*,64684261,Mon to Fri 11:00-20:00; Sun & Public Holidays 12:00-20:00; Sat 12:00-20:00,"周一至周五,11:00-20:00;周日及公眾假期,12:00-20:00;周六,12:00-20:00",22.349951,114.126374,Kwai Tsing District,葵青區,Lai King,荔景,station,"1,3,5,6,7",true
852E,"Eu Yan Sang Tower, Tsim Sha Tsui",尖沙咀余仁生中心順豐站,"Unit A, B & C, G/F, Eu Yan Sang Tower, Nos. 11-15 Chatham Road South*^,Tsim Sha Tsui,Yau Tsim Mong District,Hong Kong","香港油尖旺區尖沙咀漆咸道南11-15號余仁生中心地下A, B及C鋪*",98639179,Mon to Sat 09:00-20:00; Sun & Statutory Holidays 09:00-18:00,"周一至周六,09:00-20:00;周日及勞工假期,09:00-18:00",22.296973,114.17512,Yau Tsim Mong District,油尖旺區,Tsim Sha Tsui,尖沙咀,station,"1,3,5,6,7",true
852E2001,"Shop A & B, G/F, Rose Mansion, 1 Prat Avenue, Tsim Sha Tsui, KLN",便利店 寶勒巷OK便利店,"Shop A & B, G/F, Rose Mansion, 1 Prat Avenue, Tsim Sha Tsui, KLN",九龍尖沙咀寶勒巷1號玫瑰大廈地下A及B號鋪OK #169*,,00:00-23:59,00:00-23:59,22.298383,114.174111,Yau Tsim Mong District,油尖旺區,Tsim Sha Tsui,尖沙咀,partner,"3,6,7",false
852E2002,"Conv. Store Shop 3, East Tsim Sha Tsui MTR Station, Tsim Sha Tsui, KLN",便利店 尖東港鐵站OK便利店,"Shop 3, East Tsim Sha Tsui MTR Station, Tsim Sha Tsui, KLN",油尖旺區尖沙咀尖東港鐵站3號鋪OK #269*,,06:30-00:00,06:30-00:00,22.295261,114.174586,Yau Tsim Mong District,油尖旺區,Tsim Sha Tsui,尖沙咀,partner,"3,6,7",false
852E2013,"Shop G06-09 on Ground Floor, Grand Centre, 8 Humphreys Avenue, Kowloon",便利店 格蘭中心OK便利店,"Shop G06-09 on Ground Floor, Grand Centre, 8 Humphreys Avenue, Kowloon",香港油尖旺區尖沙咀堪富利士道8號格蘭中心地下G06-09號OK #541*,,07:00-00:00,07:00-00:00,22.2985,114.1735,Yau Tsim Mong District,油尖旺區,Tsim Sha Tsui,尖沙咀,partner,"3,6,7",false
852E2014,OK #729 ,便利店 海防道31號地下OK,"Ground Floor, No.31 Haiphong Road, Kowloon",九龍海防道31號地下 OK #729 *,,00:00-00:00,00:00-00:00 周六:00:00-00:00 周日:00:00-00:00 節假日:00:00-00:00,22.29802,114.170165,Yau Tsim Mong District,油尖旺區,Tsim Sha Tsui,尖沙咀,partner,"3,6,7",false
852EA,"Temple Street, Jordan",佐敦廟街順豐站,"G/F, Wah Hing Building, No. 271 Temple Street*^,Jordan,Yau Tsim Mong District,Hong Kong",香港油尖旺區佐敦廟街271號地下*,62755824,Mon to Sat 09:00-20:00; Sun & Statutory Holidays Closed,"周一至周六,09:00-20:00;周日及勞工假期,休息",22.303813,114.169562,Yau Tsim Mong District,油尖旺區,Jordan,佐敦,station,"3,5,6,7",false
852EA2002,"Shop 4, G/F, Ko Kie Building, 9-11 Jordan Road, Jordan, KLN",便利店 佐敦道OK便利店,"Shop 4, G/F, Ko Kie Building, 9-11 Jordan Road, Jordan, KLN",九龍佐敦佐敦道9-11號高基大廈地下4號鋪OK #438*,,00:00-23:59,00:00-23:59,22.305873,114.172287,Yau Tsim Mong District,油尖旺區,Jordan,佐敦,partner,"3,6,7",false
852EA2006,"Conv. Store Kiosk JOR 10 & 11, Jordan MTR Station, Jordan, KLN",便利店 佐敦港鐵OK便利店,"Kiosk JOR 10 & 11, Jordan MTR Station, Jordan, KLN",九龍佐敦港鐵站JOR10及11號鋪OK #297*,,06:30-00:00,06:30-00:00,22.30478,114.171669,Yau Tsim Mong District,油尖旺區,Jordan,佐敦,partner,"3,6,7",false
852EA2008,OK #718,便利店 永盛大廈OK便利店," Flat A, G/F, Vincent House, 30 & 30 A Jordan Rd & 89-93 Shanghai St, KL",九龍上海街89至93號及佐敦道30號永盛大廈地下A鋪OK #718*,,00:00-23:59,00:00-23:59,22.3056764,114.169161,Yau Tsim Mong District,油尖旺區,Jordan,佐敦,partner,"3,6,7",false
852EA2009,OK#724,便利店 利成大廈OK,"Flat A on Ground Floor, Lee Shing Mansion, Nos.43, 43A & 43B Jordan Road, Nos.11-19 Wai Ching Street, Kowloon",九龍偉晴街11至19號及佐敦道43、43A及43B號利成大廈地下A號鋪 OK#724*,,00:00-00:00,00:00-00:00 周六:00:00-00:00 周日:00:00-00:00 節假日:00:00-00:00,22.305876,114.167649,Yau Tsim Mong District,油尖旺區,Jordan,佐敦,partner,"3,6,7",false
852EB,"South Seas Centre, Tsim Sha Tsui",尖沙咀南洋中心順豐站,"Unit no. 21-22 on Upper Ground Floor, South Seas Centre, 75 Mody Road*^,Tsim Sha Tsui,Yau Tsim Mong District,Hong Kong",香港油尖旺區尖沙咀么地道75號南洋中心UG層21&22室*,64681576,Mon to Sat 09:00-20:00; Sun & Statutory Holidays Closed,"周一至周六,09:00-20:00;周日及勞工假期,休息",22.299624,114.178759,Yau Tsim Mong District,油尖旺區,Tsim Sha Tsui,尖沙咀,station,"1,3,5,6,7",true
852ED,"Lippo Sun Plaza, Tsim Sha Tsui",尖沙咀力寶太陽廣場順豐站,"Unit 310, 3/F., Lippo Sun Plaza, No. 28 Canton Road*,Tsim Sha Tsui,Yau Tsim Mong District,Hong Kong",香港油尖旺區尖沙咀廣東道28號力寶太陽廣場310室*,64634748,Mon to Sat 09:00-20:00; Sun & Statutory Holidays Closed,"周一至周六,09:00-20:00;周日及勞工假期,休息",22.297009,114.169772,Yau Tsim Mong District,油尖旺區,Tsim Sha Tsui,尖沙咀,station,"1,3,5,6,7",true
852EE,"Chatham Court, Tsim Sha Tsui",尖沙咀漆咸圍順豐站,"Shop on Ground Floor, Yi Serviced Apartments, 10-12 Chatham Court*^,Tsim Sha Tsui,Yau Tsim Mong District,Hong Kong",香港油尖旺區尖沙咀漆咸圍10-12號意公寓地下商鋪*,63297805,Mon to Sat 09:00-20:00; Sun & Statutory Holidays Closed,"周一至周六,09:00-20:00;周日及勞工假期,休息",22.3016181,114.1760179,Yau Tsim Mong District,油尖旺區,Tsim Sha Tsui,尖沙咀,station,"1,3,5,6,7",true
852F,"Mecco Industrial Building, Sha Tin",沙田美高工廈順豐站,"Workshop B, G/F, Mecco Industrial Building, No. 53-55 Au Pui Wan Street*^,Fo Tan,Sha Tin District,Hong Kong",香港沙田區火炭坳背灣街53-55號美高工業大廈地下B室*,64681516,Mon to Sat 09:00-20:00; Sun & Statutory Holidays Closed,"周一至周六,09:00-20:00;周日及勞工假期,休息",22.39874,114.193514,Sha Tin District,沙田區,Fo Tan,火炭,station,"1,3,5,6,7",true
852F2014,"Workshop B, G/F, On Shing Industrial Building, 2-16 Wo Liu Hang Road, Fo Tan, N.T.",便利店 安盛工業大廈OK便利店,"Workshop B, G/F, On Shing Industrial Building, 2-16 Wo Liu Hang Road, Fo Tan, N.T.",新界火炭禾寮坑路2-16號安盛工業大廈地下部份B號單位OK #276*,,06:00-23:00,06:00-23:00 周六:06:00-23:00,22.396798,114.1965259,Sha Tin District,沙田區,Fo Tan,火炭,partner,"3,6,7",false
852F2017,"Workshop I, G/F, Universal Industrial Centre, 19-25 Shan Mei Street, Fo Tan, N.T.",便利店 宇宙工業中心OK便利店,"Workshop I, G/F, Universal Industrial Centre, 19-25 Shan Mei Street, Fo Tan, N.T.",新界火炭山尾街19-25號宇宙工業中心地下I號單位OK #405*,,07:00-21:30,07:00-21:30 周六:07:00-21:30,22.397105,114.192841,Sha Tin District,沙田區,Fo Tan,火炭,partner,"3,6,7",false
852F3001,"Indiv. Store Shop F01, 1F, Sui Wo Court Shopping Centre, 13 Sui Wo Rd, Fo Tan, NT",合作點 集腳點,"Shop F12, 1F, Sui Wo Court Shopping Centre, 13 Sui Wo Rd, Fo Tan, NT*",新界沙田穗禾苑商場一樓F12鋪 集腳點*,,11:00-20:00,11:00-20:00 周六:11:00-20:00,22.3920128,114.194407,Sha Tin District,沙田區,Fo Tan,火炭,partner,"3,6,7",false
852FB,"New Trade Plaza, Sha Tin",沙田新貿中心順豐站,"Workshop 7 on G/F, New Trade Plaza, No. 6 On Ping Street*^,Sha Tin,Sha Tin District,Hong Kong",香港沙田區沙田安平街6號新貿中心B座地下7號*,64682330,Mon to Sat 09:00-20:00; Sun & Statutory Holidays Closed,"周一至周六,09:00-20:00;周日及勞工假期,休息",22.390737,114.207053,Sha Tin District,沙田區,Sha Tin,沙田,station,"1,3,5,6,7",true
852FB2001,"Conv. Store G/F, Li Fung Centre, 2 On Ping Street, Siu Lek Yuen, Shatin, N.T.",便利店 小瀝源OK便利店,"G/F, Li Fung Centre, 2 On Ping Street, Siu Lek Yuen, Shatin, N.T.",新界沙田小瀝源安平街2號利豐中心地下OK #211*,,06:00-22:00,06:00-22:00,22.39026,114.206569,Sha Tin District,沙田區,Siu Lek Yuen,小瀝源,partner,"3,6,7",false
852FB2002,"Shop 5-8, G/F, Building 1, 1 Science Park East Avenue, HK Science Park, Shatin, N.T.",便利店 科學園OK便利店,"Shop 5-8, G/F, Building 1, 1 Science Park East Avenue, HK Science Park, Shatin, N.T.",新界沙田白石角香港科學園科技大道東1號1座地下5-8號鋪OK #332*,,07:00-22:00,07:00-22:00 周六:07:00-19:00 周日:07:00-19:00 節假日:07:00-19:00,22.425296,114.213293,Sha Tin District,沙田區,Sha Tin,沙田,partner,"3,6,7",false
852FBL,"Tin Shui Shopping Centre, Tin Shui Wai",天水圍天瑞商場順豐站,"Shop Nos. 24 & 25, G/F, Tin Shui Shopping Centre, Tin Shui Estate*^,Tin Shui Wai,Yuen Long District,Hong Kong",香港元朗區天水圍天瑞邨天瑞商場地下24-25號鋪*,65082310,Mon to Fri 11:00-22:00; Sun & Public Holidays 12:00-20:00; Sat 12:00-20:00,"周一至周五,10:30-22:00",22.457061,113.998453,Yuen Long District,元朗區,Tin Shui Wai,天水圍,station,"1,3,5,6,7",true
852FCL,"Fortune Plaza, Tai Po",大埔昌運中心順豐站,"Shop A5, G/F, Fortune Plaza, 4 On Chee Road*^,Tai Po,Tai Po District,Hong Kong",香港大埔區大埔安慈路4號昌運中心地下A5 鋪*,64688642,Mon to Fri 11:00-22:00; Sun & Public Holidays 12:00-20:00; Sat 12:00-20:00,"周一至周五,11:00-22:00;周日及公眾假期,12:00-20:00;周六,12:00-20:00",22.4526077,114.1680178,Tai Po District,大埔區,Tai Po,大埔,station,"1,3,5,6,7",true
852FDL,"Sunshine City, Ma On Shan",馬鞍山新港城中心順豐站,"Shop No. G-3/68B, G/F, MOSTown Street*^,Ma On Shan,Sha Tin District,Hong Kong",香港沙田區馬鞍山新港城中心大街地下G-3/68B號鋪*,64635237,Mon to Fri 11:00-21:00; Sun & Public Holidays 12:00-20:00; Sat 12:00-20:00,"周一至周五,11:00-21:00;周日及公眾假期,12:00-20:00;周六,12:00-20:00",22.422258,114.231938,Sha Tin District,沙田區,Ma On Shan,馬鞍山,station,"3,5,6,7",false
852FE,"Shatin Industrial Centre, Sha Tin",沙田工業中心順豐站,"Workshop 16 on G/F of Block B, Shatin Industrial Centre, Nos. 5-7 Yuen Shun Circuit*^,Sha Tin,Sha Tin District,Hong Kong",香港沙田區沙田源順圍5-7號沙田工業中心B座地下16室*,64686834,Mon to Sat 09:00-20:00; Sun & Statutory Holidays Closed,"周一至周六,09:00-20:00;周日及勞工假期,休息",22.3846,114.20611,Sha Tin District,沙田區,Sha Tin,沙田,station,"1,3,5,6,7",true
852FE2001,"Shop G6, G/F, Commerece Centre, Sui Wo Court, Shatin, N.T.",穗禾苑OK便利店,"Shop G6, G/F, Commerece Centre, Sui Wo Court, Shatin, N.T.",新界沙田穗禾苑商場中心地下G6號鋪OK#15*,,00:00-00:00,00:00-00:00 周六:00:00-00:00 周日:00:00-00:00 節假日:00:00-00:00,22.392529,114.194453,Sha Tin District,沙田區,Fo Tan,火炭,partner,"3,6,7",false
852FE2003,"Shop 6, G/F, Commerce Centre, Sun Chui Estate, Tai Wai, N.T.",新翠商場OK便利店,"Shop 6, G/F, Commerce Centre, Sun Chui Estate, Tai Wai, N.T.",新界大圍新翠邨新翠商場地下6號鋪OK #35*,,00:00-00:00,00:00-00:00 周六:00:00-00:00 周日:00:00-00:00 節假日:00:00-00:00,22.369245,114.181284,Sha Tin District,沙田區,Tai Wai,大圍,partner,"3,6,7",false
852FE2004,"Shop 22, G/F, Chevalier Garden Shopping Centre, Ma On Shan, N.T.",富安花園OK便利店,"Shop 22, G/F, Chevalier Garden Shopping Centre, Ma On Shan, N.T.",香港新界馬鞍山富安花園商場中心22號鋪OK #48*,,00:00-23:59,00:00-23:59,22.404995,114.223306,Sha Tin District,沙田區,Ma On Shan,馬鞍山,partner,"3,6,7",false
852FE2005,"Shop 116, G/F, Yiu On Shopping Centre, Yiu On Estate, Ma On Shan, N.T.",耀安村OK便利店,"Shop 116, G/F, Yiu On Shopping Centre, Yiu On Estate, Ma On Shan, N.T.",香港新界馬鞍山耀安邨耀安商場116號鋪OK #70*,,00:00-00:00,00:00-00:00 周六:00:00-00:00 周日:00:00-00:00 節假日:00:00-00:00,22.419484,114.230026,Sha Tin District,沙田區,Ma On Shan,馬鞍山,partner,"3,6,7",false
852FE2006,"Shop 2, Lower G/F, 1 Kam Ying Court Shopping Centre, Ma On Shan, N.T.",錦英苑商場OK便利店,"Shop 2, Lower G/F, 1 Kam Ying Court Shopping Centre, Ma On Shan, N.T.",新界馬鞍山錦英苑商場中心低層地下2號鋪OK #087*,,00:00-00:00,00:00-00:00 周六:00:00-00:00 周日:00:00-00:00 節假日:00:00-00:00,22.422992,114.236519,Sha Tin District,沙田區,Ma On Shan,馬鞍山,partner,"3,6,7",false
852FE2008,"Conv. Store Shop 1, Chung On Shopping Centre, Chung On Estate, Ma On Shan, N.T.",便利店 頌安商場OK便利店,"Shop 1, Chung On Shopping Centre, Chung On Estate, Ma On Shan, N.T.",香港新界馬鞍山頌安邨頌安商場1號鋪OK #147*,,00:00-23:59,00:00-23:59,22.422603,114.226626,Sha Tin District,沙田區,Ma On Shan,馬鞍山,partner,"3,6,7",false
852FE2009,"Shop 2, G/F, Kam Tai Shopping Centre, Ma On Shan, N.T.",錦泰商場OK便利店,"Shop 2, G/F, Kam Tai Shopping Centre, Ma On Shan, N.T.",新界馬鞍山錦泰苑錦泰商場地下2號鋪OK #179*,,00:00-00:00,00:00-00:00 周六:00:00-00:00 周日:00:00-00:00 節假日:00:00-00:00,22.4087249,114.222046,Sha Tin District,沙田區,Ma On Shan,馬鞍山,partner,"3,6,7",false
852FE2011,"Conv. Store Shop 2, Unpaid Concourse, Wu Kai Sha MTR Station, Ma On Shan, N.T.",便利店 烏溪沙港鐵OK便利店,"Shop 2, Unpaid Concourse, Wu Kai Sha MTR Station, Ma On Shan, N.T.",香港沙田區馬鞍山烏溪沙港鐵站大堂2號鋪OK #271*,,06:00-00:00,06:00-00:00,22.42951094,114.2439084,Sha Tin District,沙田區,Ma On Shan,馬鞍山,partner,"3,6,7",false
852FE2013,"Conv. Store Shop 6, G/F, Grandeur Garden, 55-65 Tai Wai Road, Shatin, N.T.",便利店 金禧花園OK便利店,"Shop 6, G/F, Grandeur Garden, 55-65 Tai Wai Road, Shatin, N.T.",沙田大圍道55-65號積輝街14-18號金禧花園地下6號鋪OK #447*,,00:00-23:59,00:00-23:59,22.374563,114.178044,Sha Tin District,沙田區,Tai Wai,大圍,partner,"3,6,7",false
852FE2014,"Conv. Store Shop 2, Mei Chuen House, Mei Tin Estate, Shatin, N.T.",便利店 美田村OK便利店,"Shop 2, Mei Chuen House, Mei Tin Estate, Shatin, N.T.",新界沙田美田邨美全樓地下2號鋪OK #489*,,00:00-23:59,00:00-23:59,22.37684,114.172475,Sha Tin District,沙田區,Tai Wai,大圍,partner,"3,6,7",false
852FE2016,"Shop Nos.2408, Floor L2, MOSTown,  Ma On Shan, STTL 307, NT",便利店 新港城中心OK便利店,"Shop Nos.2408, Floor L2, MOSTown,  Ma On Shan, STTL 307, NT",新界馬鞍山新港城中心二樓2408號鋪OK #557*,,06:00-00:00,06:00-00:00,22.424314,114.231849,Sha Tin District,沙田區,Ma On Shan,馬鞍山,partner,"3,6,7",false
852FE2017,"Conv. Store Shop No.G1 G/F., City One Plaza, City One Shatin, N.T.",便利店 置富第一城OK便利店,"Shop No.G1 G/F., City One Plaza, City One Shatin, N.T. ",沙田第一城置富第一城地下G1鋪OK #233*,,00:00-23:59,00:00-23:59,22.385531,114.204537,Sha Tin District,沙田區,Sha Tin,沙田,partner,"3,6,7",false
852FE2018,"Conv. Store Shop 1, G/F., Mei Tin Shopping Centre, Shatin",便利店 美田商場OK便利店,"Shop 1, G/F., Mei Tin Shopping Centre, Shatin",香港沙田美田商場地下1號鋪OK #310*,,00:00-23:59,00:00-23:59,22.376359,114.1682963,Sha Tin District,沙田區,Tai Wai,大圍,partner,"3,6,7",false
852FE2019,"Shop No. 2 on Second Floor, Double Cove Place, Lok Wo Sha, Ma On Shan",迎海薈OK便利店,"Shop No. 2 on Second Floor, Double Cove Place, Lok Wo Sha, Ma On Shan",香港馬鞍山落禾沙迎海薈2樓2號鋪OK #577*,,06:00-00:00,06:00-00:00,22.430674,114.243322,Sha Tin District,沙田區,Ma On Shan,馬鞍山,partner,"3,6,7",false
852FE2020,OK #568,便利店 碩門商場OK,"Shop No. G01, G/F, Shek Mun Shopping Centre, Shek Mun Estate (Phase 2), Shatin ",沙田碩門邨(二期)碩門商場地下G01號鋪鋪OK#568,,00:00-00:00,00:00-00:00 周六:00:00-00:00 周日:00:00-00:00 節假日:00:00-00:00,22.386679,114.208356,Sha Tin District,沙田區,Sha Tin,沙田,partner,"3,6,7",false
852FE2021,OK #422,便利店 第一城樂薈OK,"Shop Nos. 33 & 89 on Ground Floor, Fortune City One Plus, City One Shatin",沙田第一城置富第一城樂薈地下33及89號鋪(銀城)OK#422*,,00:00-00:00,00:00-00:00 周六:00:00-00:00 周日:00:00-00:00 節假日:00:00-00:00,22.386701,114.20271,Sha Tin District,沙田區,Sha Tin,沙田,partner,"3,6,7",false
852FE3001,"Indiv. Store Flat 209, 2/F, Hang On EST Shop'G Arcade,Ma On Shan,NT",合作點 忠誠鞋業,"Flat 209, 2/F, Hang On EST Shop G Arcade,Ma On Shan,NT*",香港沙田區馬鞍山恆安商場2樓209號鋪 忠誠鞋業*,,10:30-19:00,10:30-19:00 周六:10:30-19:00 節假日:11:00-18:00,22.416839,114.2260153,Sha Tin District,沙田區,Ma On Shan,馬鞍山,partner,"3,6,7",false
852FE3005, SHOP,合作點 CS便利店,"G/F, No. 36 Tseng Tau Tsuen, Sai Kung（CS SHOP）*",西貢井頭村36號地下（CS便利店迅達行）*,,10:00-19:00,10:00-19:00 周六:10:00-18:00,22.426926,114.268881,Sai Kung District,西貢區,Sai Kung,西貢,partner,"3,6,7",false
852FE3017,西徑士多,合作店 西徑士多,NO32F G/F SAI KENG VILLAGE SAI KUNG NT*,西貢西徑村32F地下 西徑士多（14：00-16：00午休時段）*,,10:00-22:00,10:00-22:00 周六:10:00-22:00,22.419052,114.266823,Sai Kung District,西貢區,Sai Kung,西貢,partner,"3,6,7",false
852FE3021,錦泰自提點,合作店 錦泰自提點,"Shop 21, Ground Floor Market, Kam Tai Shopping Centre, Ma On Shan(14:00-15:00 Closed)*",新界馬鞍山錦泰商場地下街市21號鋪 (錦泰自提點)(14:00-15:00午休)*,,11:00-20:00,11:00-20:00 周六:11:00-20:00 周日:11:00-18:00,22.408759,114.223102,Sha Tin District,沙田區,Ma On Shan,馬鞍山,partner,"3,6,7",false
852FE3022,百寶袋富寶店,合作店  百寶袋富寶店,"Shop F42, 1/F,Commercial Centre, Saddle Ridge Garden, Ma On Shan*",新界馬鞍山富寶花園商場一樓F42 百寶袋富寶店*,,13:00-20:00,13:00-20:00 周六:13:00-20:00 周日:13:00-17:00 節假日:13:00-17:00,22.4245515,114.237193,Sha Tin District,沙田區,Ma On Shan,馬鞍山,partner,"3,6,7",false
852FEL,"Holford Gardens, Tai Wai",大圍海福花園順豐站,"Shop Nos. 16A & 17 on Ground Floor, Holford Gardens, Nos. 2-8 Chik Wan Street*^,Tai Wai,Sha Tin District,Hong Kong",香港沙田區大圍積運街2-8號海福花園地下16A及17號鋪*,64687323,Mon to Fri 11:00-22:00; Sun & Public Holidays 12:00-20:00; Sat 12:00-20:00,"周一至周五,11:00-22:00;周日及公眾假期,12:00-20:00;周六,12:00-20:00",22.372962,114.177031,Sha Tin District,沙田區,Tai Wai,大圍,station,"3,5,6,7",false
852FFL,"Goodrich Garden, Tuen Mun",屯門盈豐商場順豐站,"Shop A13 on G/F, Goodrich Garden, No.9 Leung Tak Street*^,Tuen Mun,Tuen Mun District,Hong Kong",香港屯門區屯門良德街9號盈豐商場地下A13號鋪*,65082353,Mon to Fri 11:00-21:00; Sun & Public Holidays 12:00-20:00; Sat 12:00-20:00,"周一至周五,11:00-21:00;周日及公眾假期,12:00-20:00;周六,12:00-20:00",22.408071,113.967824,Tuen Mun District,屯門區,Tuen Mun,屯門,station,"3,5,6,7",false
852FH,"Wah Lok Industrial Centre, Sha Tin",沙田華樂工業中心順豐站,"Workshop C5 on UG/F, Wah Lok Industrial Centre(Phase II),Ngau Wu Tok Street, Fo Tan*^,Fo Tan,Sha Tin District,Hong Kong",香港沙田區火炭牛湖托街華樂工業中心2期UG樓C5室*,94522651,Mon to Sat 09:00-20:00; Sun & Statutory Holidays 09:00-18:00,"周一至周六,09:00-20:00;周日及勞工假期,09:00-18:00",22.397918,114.191268,Sha Tin District,沙田區,Fo Tan,火炭,station,"1,3,5,6,7",true
852FH2001,OK#710,便利店 上徑口村696地段OK,"Ground Floor, No.69 Sheung Keng Hau Village, Sha Tin, New Territories erected on LOT NO.696 IN D.D.187",新界沙田上徑口村696地段地鋪OK#710*,,00:00-00:00,00:00-00:00 周六:00:00-00:00 周日:00:00-00:00 節假日:00:00-00:00,22.363506,114.17358,Sha Tin District,沙田區,Sha Tin,沙田,partner,"3,6,7",false
852FH2002,OK#119,便利店 雲疊花園OK,"Shop 10A-C, 19A, G/F., Carado Garden, 10-18 Tin Sam St., Shatin, N.T.","沙田田心街10-18號雲疊花園地下10A-C,19A  OK#119",,00:00-00:00,00:00-00:00 周六:00:00-00:00 周日:00:00-00:00 節假日:00:00-00:00,22.368338,114.177612,Sha Tin District,沙田區,Sha Tin,沙田,partner,"3,6,7",false
852FH2003,OK#16,便利店 友愛邨H.A.N.D.S.OK,"Shop No.S-114 & S-115, G/F., H.A.N.D.S., Yau Oi Est, Tuen Mun. N.T",屯門友愛邨H.A.N.D.S.地下S-114 & S-115 OK#16*,,00:00-00:00,00:00-00:00 周六:00:00-00:00 周日:00:00-00:00 節假日:00:00-00:00,22.387525,113.974778,Tuen Mun District,屯門區,Tuen Mun,屯門,partner,"3,6,7",false
852FH2004,OK #24,便利店 乙明邨明耀樓OK,"Shop no. 7 & 9, G/F., Ming Yiu Lau,  Jat Min Chuen, Shatin, N.T.",沙田乙明邨明耀樓地下7-9號OK #24*,,00:00-00:00,00:00-00:00 周六:00:00-00:00 周日:00:00-00:00 節假日:00:00-00:00,22.376918,114.191281,Sha Tin District,沙田區,Sha Tin,沙田,partner,"3,6,7",false
852FH2005,OK #749,便利店 沙田圍方2樓220號鋪OK,"Shop Unit 220, 2/F, The Wai, Commercial Development at Tai Wai Station, Sha Tin Town Lot No.520, Sha Tin, New Territories",新界沙田圍方2樓220號鋪 OK #749*,,07:00-23:00,07:00-23:00 周六:07:00-23:00 周日:07:00-23:00 節假日:07:00-23:00,22.37323,114.180859,Sha Tin District,沙田區,Sha Tin,沙田,partner,"3,6,7",false
852FH3004,"Indiv. Store No. 48, 6/F, Sun Tin Wai Estate Hong Wai House, Tai Wai, Sha Tin, NT",合作點 穎翹公司,"Shop 28,4/F,Sun Tin Wai Commercial Centre, 29 Sha Tin Tau Rd,Tai Wai, NT",新田圍村新田圍商場4樓28號鋪 穎翹公司*,,11:00-19:00,11:00-19:00 周六:12:00-18:00,22.370009,114.186061,Sha Tin District,沙田區,Tai Wai,大圍,partner,"3,6,7",false
852FH3009,28鞋店,合作店 28鞋店,"Shop 207,Pok Hong Shopping Centre,Sha Tin*",新界沙田博康邨商場2座207鋪（28鞋店）*,,13:00-20:00,13:00-20:00 周六:11:00-16:00 周日:11:00-16:00,22.375168,114.19327,Sha Tin District,沙田區,Sha Tin,沙田,partner,"3,6,7",false
852FH3012,咪咪公社,合作店 咪咪公社,"Shop D1, 4 1st Street, Tai Wai Village, New Territories*",大圍大圍村第一街4號D1鋪 咪咪公社*,,12:00-21:00,12:00-21:00 周六:12:00-21:00,22.3753524,114.178998,Sha Tin District,沙田區,Tai Wai,大圍,partner,"3,6,7",false
852FHL,"Cheung Wah House, Fanling",粉嶺祥華邨祥頌樓順豐站,"Shop 111 & 112, G/F, Cheung Chung House, Cheung Wah Estate, 38 San Wan Road*^,Fanling,North District,Hong Kong",香港北區粉嶺新運路38號祥華邨祥頌樓地下111及112 號鋪*,64781595,Mon to Fri 11:00-21:00; Sun & Public Holidays 12:00-20:00; Sat 12:00-20:00,"周一至周五,11:00-21:00;周日及公眾假期,12:00-20:00;周六,12:00-20:00",22.4925454,114.1406376,North District,北區,Fanling,粉嶺,station,"3,5,6,7",false
852FLL,"Tung Fat Building, Yuen Long",元朗同發大廈順豐站,"Shop F and Cockloft on Ground Floor, Tung Fat Building, No.9 Ping Wui Street*^,Yuen Long,Yuen Long District,Hong Kong",香港元朗區元朗屏會路9號同發大廈地下F鋪(連閣樓)*,62730015,Mon to Fri 11:00-22:00; Sun & Public Holidays 12:00-20:00; Sat 12:00-20:00,"周一至周五,11:00-22:00;周日及公眾假期,12:00-20:00;周六,12:00-20:00",22.446245,114.022276,Yuen Long District,元朗區,Yuen Long,元朗,station,"1,3,5,6,7",true
852FSL,"Fortune City One Plus, Sha Tin",沙田第一城樂薈順豐站,"Shop G41, G/F, Fortune City One Plus, Pak Tak Street*^,Sha Tin,Sha Tin District,Hong Kong",香港沙田區沙田百得街置富第一城樂薈地下G41號鋪*,64635237,Mon to Fri 11:00-22:00; Sun & Public Holidays 12:00-20:00; Sat 12:00-20:00,"周一至周五,11:00-22:00;周日及公眾假期,12:00-20:00;周六,12:00-20:00",22.387125,114.202315,Sha Tin District,沙田區,Sha Tin,沙田,station,"1,3,5,6,7",true
852FTL,"Choi Yuen Estate, Sheung Shui",上水彩園邨彩珠樓順豐站,"Shop 117, G/F, Choi Chu House, Choi Yuen Estate*^,Sheung Shui,North District,Hong Kong",香港北區上水彩園路彩園邨彩珠樓地下117號鋪*,64781595,Mon to Fri 11:00-21:00; Sun & Public Holidays 12:00-20:00; Sat 12:00-20:00,"周一至周五,11:00-21:00;周日及公眾假期,12:00-20:00;周六,12:00-20:00",22.500736,114.125775,North District,北區,Sheung Shui,上水,station,"1,3,5,6,7",true
852FUL,"We Go Mall, Ma On Shan",馬鞍山WE GO MALL順豐站,"Shop No. 9, G/F, We Go Mall, 16 Po Tai Street*^,Ma On Shan,Sha Tin District,Hong Kong",香港沙田區馬鞍山保泰街16號WeGoMall地下G09鋪*,64635237,Mon to Fri 12:00-21:00; Sun & Public Holidays 12:00-20:00; Sat 12:00-20:00,"周一至周五,12:00-21:00;周日及公眾假期,12:00-20:00, 周六, 12:00-20:00",22.41409,114.223843,Sha Tin District,沙田區,Ma On Shan,馬鞍山,station,"1,3,5,6,7",true
852FVL,"Carado Garden, Tai Wai",大圍雲疊花園商場順豐站,"Shop 3A, Commercial Complex, Carado Garden, Fu Tin Lane*^,Tai Wai,Sha Tin District,Hong Kong",香港沙田區大圍田心街20-30號雲疊花園地下3A號鋪*,64687323,Mon to Fri 11:00-21:00; Sun & Public Holidays 12:00-20:00; Sat 12:00-20:00,"周一至周五,11:00-21:00;周日及公眾假期,12:00-20:00;周六,12:00-20:00",22.368716,114.177626,Sha Tin District,沙田區,Tai Wai,大圍,station,"3,5,6,7",false
852G,"Thriving Industrial Centre, Tsuen Wan",荃灣匯力工業中心順豐站,"Room 7& 8B, G/F, Thriving Industrial Centre, No. 26-38 Sha Tsui Road*^,Tsuen Wan,Tsuen Wan District,Hong Kong",香港荃灣區荃灣沙咀道26-38號匯力工業中心地下7號鋪*,64634785,Mon to Sat 09:00-20:00; Sun & Statutory Holidays 09:00-18:00,"周一至周六,09:00-20:00;周日及勞工假期,09:00-18:00",22.374084,114.108459,Tsuen Wan District,荃灣區,Tsuen Wan,荃灣,station,"1,3,5,6,7",true
852G2001,"Conv. Store Shop C8, C10, C12, UG/F, Tsuen Wan Centre Phase I, Tsuen Wan, N.T.",便利店 荃灣中心OK便利店,"Shop C8, C10, C12, UG/F, Tsuen Wan Centre Phase I, Tsuen Wan, N.T.","新界荃灣中心第一期高層平台C8,C10,C12鋪OK #67*",,00:00-23:59,00:00-23:59,22.378626,114.107917,Tsuen Wan District,荃灣區,Tsuen Wan,荃灣,partner,"3,6,7",false
852G2003,"Shop 2, G/F, Belvedere Square, Belvedere Garden Phase III, Tsuen Wan, N.T.",便利店 麗城商場OK便利店,"Shop 2, G/F, Belvedere Square, Belvedere Garden Phase III, Tsuen Wan, N.T.",新界荃灣麗城花園第三期麗城商場地下2號鋪OK #89*,,00:00-23:59,00:00-23:59,22.371314,114.100718,Tsuen Wan District,荃灣區,Sham Tseng,深井,partner,"3,6,7",false
852G2004,"Conv. Store 18 Hoi Pa Street, Fuk Lok Estate, Tsuen Wan, N.T.",便利店 海壩街18號OK便利店,"18 Hoi Pa Street, Fuk Lok Estate, Tsuen Wan, N.T.",新界荃灣海壩街18號鋪OK #95*,,00:00-23:59,00:00-23:59,22.3738717,114.112008,Tsuen Wan District,荃灣區,Tsuen Wan,荃灣,partner,"3,6,7",false
852G2005,"Conv. Store Shop A, G/F, Tai Yuen House, 59-61 Yuen Tun Circuit, Tsuen Wan, N.T.",便利店 圓墩圍OK便利店,"Shop A, G/F, Tai Yuen House, 59-61 Yuen Tun Circuit, Tsuen Wan, N.T.",荃灣圓墩圍59-61號地下A鋪OK #152*,,00:00-23:59,00:00-23:59,22.371158,114.112268,Tsuen Wan District,荃灣區,Tsuen Wan,荃灣,partner,"3,6,7",false
852G2007,"Conv. Store Shop 1, 1/F, Caribbean Bazaar, 1 Kin Tung Rd, Tung Chung, Lantau Island",便利店 映灣薈OK便利店,"Shop 1, 1/F, Caribbean Bazaar, 1 Kin Tung Rd, Tung Chung, Lantau Island",大嶼山東涌健東路1號映灣園映灣薈地面1號鋪OK #295*,,06:30-23:30,06:30-23:30,22.292548,113.950485,Lantau District,大嶼山區,Tung Chung,東涌,partner,"3,6,7",false
852G2011,"Conv. Store Shop C9 & C10, Tai Wo Hau Estate, Tsuen Wan, N.T.",便利店 大窩口村商場OK便利店,"Shop C9 & C10, Tai Wo Hau Estate, Tsuen Wan, N.T.",新界荃灣大窩口邨商場10號鋪OK #37*,,00:00-23:59,00:00-23:59,22.368253,114.123766,Tsuen Wan District,荃灣區,Tai Wo Hau,大窩口,partner,"3,6,7",false
852G2020,"Conv. Store Shop 31, P1/F, Caribbean Bazaar, Caribbean Coast, 1 Kin Tung Road, Tung Chung, Lantau Island",便利店 映灣薈OK便利店,"Shop 31, P1/F, Caribbean Bazaar, Caribbean Coast, 1 Kin Tung Road, Tung Chung, Lantau Island",大嶼山東涌健東路1號映灣園映灣薈地面一樓31號鋪OK #441*,,00:00-23:59,00:00-23:59,22.292266112524924,113.95004202372579,Lantau District,大嶼山區,Tung Chung,東涌,partner,"3,6,7",false
852G2021,"Conv. Store Shop P8, Luk Yeung Galleria, Tsuen Wan, N.T.",便利店 綠楊坊OK便利店,"Shop P8, Luk Yeung Galleria, Tsuen Wan, N.T.",香港新界荃灣綠楊坊平台P8號鋪OK #469*,,00:00-23:59,00:00-23:59,22.372994,114.119236,Tsuen Wan District,荃灣區,Tsuen Wan,荃灣,partner,"3,6,7",false
852G3003,"Indiv. Store G/F No 20, Chung Mei Lo UK Village, Tsing Yi, NT",合作點 康美創造實業,"G/F No 20, Chung Mei Lo UK Village, Tsing Yi, NT*",新界青衣涌美老屋村20號地下 康美創造實業*,,13:00-22:00,13:00-22:00 周六:13:00-22:00 周日:13:00-18:00,22.3516425,114.105041,Kwai Tsing District,葵青區,Tsing Yi,青衣,partner,"3,6,7",false
852G3009,Shop Manager,合作店 荃取營自提點,"Shop C2,G/F,Mee Wah Building,108 Sha Tsui Road, Tsuen Wan*",荃灣沙咀道108號美華樓C2地鋪 荃取營自提點*,,12:00-21:00,12:00-21:00 周六:12:00-18:00 周日:12:00-18:00,22.372569,114.11107,Tsuen Wan District,荃灣區,Tsuen Wan,荃灣,partner,"3,6,7",false
852GA,"Crowning-United Centre, Tsuen Wan",荃灣金銘聯合中心順豐站,"G/F, Crowning-United Centre,127-135 Yeung Uk Road*^,Tsuen Wan,Tsuen Wan District,Hong Kong",香港荃灣區荃灣楊屋道127-135號金銘聯合中心地下*,64609537,Mon to Sat 09:00-20:00; Sun & Statutory Holidays Closed,"周一至周六,09:00-20:00;周日及勞工假期,休息",22.366953,114.11798,Tsuen Wan District,荃灣區,Tsuen Wan,荃灣,station,"1,3,5,6,7",true
852GA2001,"Conv. Store Shop A2, G/F, Victory Court, 185-187 Castle Peak Road, Tsuen Wan, N.T.",便利店 荃勝大廈OK便利店,"Shop A2, G/F, Victory Court, 185-187 Castle Peak Road, Tsuen Wan, N.T.",新界荃灣青山道185-187號荃勝大廈地下A2號鋪OK #194*,,00:00-23:59,00:00-23:59,22.37247,114.117962,Tsuen Wan District,荃灣區,Tsuen Wan,荃灣,partner,"3,6,7",false
852GA2002,"Conv. Store Shop E, G/F, Fullytech Centre, 18 Tak Hoi Street, Tsuen Wan, N.T.",便利店 富利達中心OK便利店,"Shop E, G/F, Fullytech Centre, 18 Tak Hoi Street, Tsuen Wan, N.T.",荃灣德海街富利達中心地下E號鋪OK #313*,,00:00-23:59,00:00-23:59,22.36994,114.117492,Tsuen Wan District,荃灣區,Tsuen Wan,荃灣,partner,"3,6,7",false
852GA2004,"Conv. Store Shop C6, G/F, Shek Pik Resettlement Blk C, 61-75 Ham Tin Street, Tsuen Wan, N.T.",便利店 石壁新村OK便利店,"Shop C6, G/F, Shek Pik Resettlement Blk C, 61-75 Ham Tin Street, Tsuen Wan, N.T.",新界荃灣咸田街61號石壁新村遊樂場C座地下C6號鋪OK #356* ,,00:00-23:59,00:00-23:59,22.36828,114.117283,Tsuen Wan District,荃灣區,Tsuen Wan,荃灣,partner,"3,6,7",false
852GA2005,"Conv. Store G/F, 102B Hoi Pa Street, Cheuk Ming Building, Tsuen Wan, N.T.",便利店 卓明大廈OK便利店,"G/F, 102B Hoi Pa Street, Cheuk Ming Building, Tsuen Wan, N.T.",新界荃灣海壩街卓明大廈地下地鋪OK #456*,,07:00-23:00,07:00-23:00,22.371679,114.115972,Tsuen Wan District,荃灣區,Tsuen Wan,荃灣,partner,"3,6,7",false
852GA2008,OK #747,便利店 石圍角邨商場地下OK,"Shop No. M4-M5, Ground Floor, Car Pak Building A of Commercial/ Car Park Block, Shek Wai Kok Estate, 3 Shek Wai Kok Road, Tsuen Wan, New Territories.",新界荃灣石圍角路3號，石圍角邨商場地下M4-M5號鋪 OK #747,,07:00-23:00,07:00-23:00 周六:07:00-23:00 周日:07:00-23:00 節假日:07:00-23:00,22.374798,114.122765,Tsuen Wan District,荃灣區,Tsuen Wan,荃灣,partner,"3,6,7",false
852GA3003,斜角巷荃立方,合作店 斜角巷荃立方,"No.S64 2F,The Cube,122 Hoi Pa St,Tsuen Wan,NT*",新界荃灣海壩街荃立方2樓S64號鋪(斜角巷荃立方)*,,12:00-20:00,12:00-20:00 周六:12:00-20:00 周日:13:00-18:00,22.371224,114.116755,Tsuen Wan District,荃灣區,Tsuen Wan,荃灣,partner,"3,6,7",false
852GA3007,聚寶店,合作店 聚寶店,"Shop 48，LG,Merry Court，Tsuen Wan Garden，Tsuen Wan, NT*",大窩口荃灣花園第一期商場LG 48鋪(如意閣地下) 聚寶店*,,11:00-19:00,11:00-19:00 周六:11:00-19:00,22.370014,114.122021,Tsuen Wan District,荃灣區,Tai Wo Hau,大窩口,partner,"3,6,7",false
852GA3008,集運家族,合作店 集運家族,"Shop 9,Commercial Centre 2,Tai Wo Hau Estate,Tsuen Wan,NT*",大窩口邨二期商場地下9號鋪（集運家族）*,,10:00-20:00,10:00-20:00 周六:10:00-20:00 周日:16:00-20:00 節假日:16:00-20:00,22.366687,114.122908,Tsuen Wan District,荃灣區,Tai Wo Hau,大窩口,partner,"3,6,7",false
852GA3010,BeeMall,合作店 BeeMall,"Shop 7, Block D，Allway Gardens Phase 2,187-195 Tsuen King Circuit,Tsuen Wan,NT*",荃灣荃景圍 187-195 號荃威花園二期D座七號鋪 BeeMall *,,14:00-22:00,14:00-22:00 周六:14:00-22:00,22.3784679,114.10465,Tsuen Wan District,荃灣區,Tsuen Wan,荃灣,partner,"3,6,7",false
852GA3011,BONI SHOP TW,合作店 BONI SHOP TW,SHOP NO.108 G/F SHEK WAI KOK SHOPPING CTR SHEK WAI KOK EST3 SHEK WAI KOK ROAD TSUEN WAN*,新界荃灣石圍角路石圍角新城地下108鋪（BONI SHOP TW）*,,08:00-19:00,08:00-19:00 周六:08:00-19:00 周日:09:00-18:00 節假日:09:00-18:00,22.375566,114.124022,Tsuen Wan District,荃灣區,Tsuen Wan,荃灣,partner,"3,6,7",false
852GA3012,怡林集運,合作店 怡林集運,"Shop 52B, Xian Hui Market, Building Street, Tai Wo Hau Road, Kwai Chung*",葵涌大窩口道大廈街鮮薈街市52B鋪 怡林集運*,,11:00-20:00,11:00-20:00 周六:11:00-20:00 周日:11:00-16:00 節假日:11:00-16:00,22.3685101,114.1236636,Tsuen Wan District,荃灣區,Tai Wo Hau,大窩口,partner,"3,6,7",false
852GA3013,自取駅,合作店 自取駅,"Shop2, G/F, Hoi Chu Mansion, Block 2,Riviera Gardens, Tsuen Wan",荃灣海濱花園2座海珠閣地下2號鋪A平台電梯地下出口（自取駅）*,,13:00-20:30,13:00-20:30 周六:13:00-18:00,22.361452,114.113488,Tsuen Wan District,荃灣區,Tsuen Wan,荃灣,partner,"3,6,7",false
852GC2001,"Conv. Store G/F, Carpark Building, Ching Wah Court, Tsing Yi, N.T.",便利店 青華苑OK便利店,"G/F, Carpark Building, Ching Wah Court, Tsing Yi, N.T.",新界青衣青華苑停車場地下OK #294*,,06:00-00:00,06:00-00:00,22.34893,114.099412,Kwai Tsing District,葵青區,Tsing Yi,青衣,partner,"3,6,7",false
852GC2003,"Conv. Store Shop 6, G/F, Carpark Building Phase I, Tsing Yi Estate, Tsing Yi, N.T.",便利店 青衣村OK便利店,"Shop 6, G/F, Carpark Building Phase I, Tsing Yi Estate, Tsing Yi, N.T.",新界青衣青衣邨一期停車場大廈地下6號鋪OK #64*,,00:00-23:59,00:00-23:59,22.355786,114.103194,Kwai Tsing District,葵青區,Tsing Yi,青衣,partner,"3,6,7",false
852GC2005,"Conv. Store G/F, 23 Pak Lam Road, Ma Wan, N.T.",便利店 珀林路OK便利店,"G/F, 23 Pak Lam Road, Ma Wan, N.T.",新界馬灣珀林路23號地下OK #485*,,07:00-23:00,07:00-23:00,22.35056,114.059466,Lantau District,大嶼山區,Ma Wan,馬灣,partner,"3,6,7",false
852GC2006,"Shop 134, Cheung Fat Plaza, Cheung Fat Estate,  Tsing Yi, N.T.",長發廣場OK便利店,"Shop 134, Cheung Fat Plaza, Cheung Fat Estate,  Tsing Yi, N.T.",新界青衣擔桿山路6號長發廣場地下134號鋪OK #509*,,00:00-00:00,00:00-00:00 周六:00:00-00:00 周日:00:00-00:00 節假日:00:00-00:00,22.362414,114.103435,Kwai Tsing District,葵青區,Tsing Yi,青衣,partner,"3,6,7",false
852GC2007,"Shop 97 & 98, Level 3, Shopping Arcade of Mayfair Gardens, Tsing Yi, N.T.",美景花園OK便利店,"Shop 97 & 98, Level 3, Shopping Arcade of Mayfair Gardens, Tsing Yi, N.T.",新界青衣美景花園商場L3平台97及98號鋪OK #518*,,06:00-23:00,06:00-23:00 周六:06:00-23:00 周日:06:00-23:00 節假日:06:00-23:00,22.344653,114.107554,Kwai Tsing District,葵青區,Tsing Yi,青衣,partner,"3,6,7",false
852GE3002,"Indiv. Store Shop G21, Ground Floor, Cheong Ning Plaza, Tsuen Cheong Center, 202-216 Sai Lau Kok Road, Tsuen Wan, N.T",合作點 天空之城,"Shop G21, Ground Floor, Cheong Ning Plaza, Tsuen Cheong Center, 202-216 Sai Lau Kok Road, Tsuen Wan, N.T*",荃灣西樓角路202-216號荃昌中心昌寧商場地下G21號鋪 天空之城*,,13:30-19:30,13:30-19:30 周六:12:00-18:00,22.3710958,114.1205133,Tsuen Wan District,荃灣區,Tsuen Wan,荃灣,partner,"3,6,7",false
852GH,"Tsing Yi Industrial Centre, Tsing Yi",青衣工業中心順豐站,"Workshop Nos. B2, G/F, Tsing Yi Industrial Centre Phase 1, Cheung Lung Street*^,Tsing Yi,Kwai Tsing District,Hong Kong",香港葵青區青衣長隆街青衣工業中心1期B座地下G樓B2室*,64688873,Mon to Sat 09:00-20:00; Sun & Statutory Holidays 09:00-18:00,"周一至周六,09:00-20:00;周日及勞工假期,09:00-18:00",22.350438,114.110186,Kwai Tsing District,葵青區,Tsing Yi,青衣,station,"1,3,5,6,7",true
852GH2001,Conv. Store OK #566,便利店 逸東商場OK便利店,"Shop 4, G/F, Yat Tung Shopping Centre, 8 Yat Tung St, Tung Chung",新界東涌逸東街8號逸東邨逸東商場地下4號鋪OK #566*,,00:00-23:59,00:00-23:59,22.2818834,113.934728,Lantau District,大嶼山區,Tung Chung,東涌,partner,"3,6,7",false
852GH2002,"Shop No.161, 1/F., DB Plaza (Block C), Discovery Bay, Lantau Island, Hong Kong",便利店 愉景廣場OK便利店,"Shop No.161, 1/F., DB Plaza (Block C), Discovery Bay, Lantau Island, Hong Kong",香港大嶼山愉景灣愉景廣場一樓161號鋪OK #717*,,07:30-23:00,07:30-23:00,22.2958709,114.016576,Lantau District,大嶼山區,Discovery Bay,愉景灣,partner,"3,6,7",false
852GH2003,OK #402,便利店 OK #402,MTR Station Kiosk No. TSY 306 Tsing Yi Station,青衣港鐵站TSY 306號鋪OK #402*,,07:00-23:00,07:00-23:00 周六:07:00-23:00 周日:07:00-23:00 節假日:07:00-23:00,22.35848,114.10726,Tsuen Wan District,荃灣區,Tsuen Wan,荃灣,partner,"3,6,7",false
852GH2004,OK#401,便利店 青衣港鐵站OK,MTR Station Kiosk No. TSY 211 Tsing Yi Station,青衣港鐵站TSY 211號鋪OK#401,,06:00-22:00,06:00-22:00 周六:06:00-22:00 周日:06:00-22:00 節假日:06:00-22:00,22.35848,114.10726,Tsuen Wan District,荃灣區,Tsuen Wan,荃灣,partner,"3,6,7",false
852GH3001,"Indiv. Store G/F, No.16 Tai Wong Ha Resite VLG, Tsing Yi, NT",合作點 大王下便利店,"G/F, No.16 Tai Wong Ha Resite VLG, Tsing Yi, NT*",青衣大王下村16號地下 大王下便利店*,,10:00-20:00,10:00-20:00,22.353526,114.10141,Kwai Tsing District,葵青區,Tsing Yi,青衣,partner,"3,6,7",false
852GH3009,長青傢具平台,合作店 長青傢具平台,"NO.10,Cheung Ching Commercial Complex，Tsing Yi*",新界青衣長青邨長青商場10號（長青傢具平台）*,,10:00-20:00,10:00-20:00 周六:10:00-20:00 周日:12:00-18:00,22.345128,114.109317,Kwai Tsing District,葵青區,Tsing Yi,青衣,partner,"3,6,7",false
852GH3010,TOKO MAWAR,合作店 TOKO MAWAR,"Shop L, G/F, Rear seat, Chan Kee Plaza, 42 Castle Peak Road, Sham Tseng*",深井青山公路42號陳記廣場後座地下L鋪 TOKO MAWAR*,,10:00-18:00,10:00-18:00 周六:10:00-18:00 周日:10:00-18:00 節假日:10:00-18:00,22.368238,114.060493,Tsuen Wan District,荃灣區,Sham Tseng,深井,partner,"3,6,7",false
852GH3011,梅窩集運店,合作店 梅窩集運店,"14 Mui Wo Rural Committee Road, New Territories*",新界梅窩鄉事會路14號(梅窩集運店)*,,11:45-19:45,11:45-19:45 周六:11:45-17:45,22.26799066,113.9972807,Lantau District,大嶼山區,Lantau Island,大嶼山,partner,"3,6,7",false
852GH3013,極拼自提點,合作店 極拼自提點,SHOP NO.6B PODIUM 1ST FLOOR CARIBBEAN SQUARE CARIBBEAN COAST 1 KIN TUNG RD TUNG CHUNG NT*,香港東涌健東路1號映灣園映灣薈1樓6B號鋪 極拼自提點*,,11:00-20:00,11:00-20:00 周六:11:00-20:00 周日:11:00-20:00,22.29190406,113.9492087,Lantau District,大嶼山區,Tung Chung,東涌,partner,"3,6,7",false
852H,"Tonic Industrial Centre, Kowloon Bay",九龍灣同力工業中心順豐站,"G/F, Block B, Tonic Industrial Centre, No. 19 Lam Hing Street*^,Kowloon Bay,Kwun Tong District,Hong Kong",香港觀塘區九龍灣臨興街19號同力工業中心B座地下*,60826831,Mon to Sat 09:00-20:00; Sun & Statutory Holidays 09:00-18:00,"周一至周六,09:00-20:00;周日及勞工假期,09:00-18:00",22.324842,114.210307,Kwun Tong District,觀塘區,Kowloon Bay,九龍灣,station,"3,5,6,7",false
852H2003,"Shop A, G/F, Shui Hing Centre, 13 Sheung Yuet Road, Kowloon Bay, KLN",便利店 瑞興中心OK便利店,"Shop A, G/F, Shui Hing Centre, 13 Sheung Yuet Road, Kowloon Bay, KLN",九龍九龍灣常悅道13號瑞興中心地下A號單位之B部份OK #395,,07:00-20:00,07:00-20:00 周六:07:00-20:00 周日:09:00-18:00 節假日:09:00-18:00,22.321821,114.209236,Kwun Tong District,觀塘區,Kowloon Bay,九龍灣,partner,"3,6,7",false
852H2005,"Shop 3C, 1/F, Telford House, 18 Wang Hoi Road, Kowloon Bay, KLN",便利店 德福大廈OK便利店,"Shop 3C, 1/F, Telford House, 18 Wang Hoi Road, Kowloon Bay, KLN",九龍九龍灣宏開道18號德福大廈1樓3C鋪OK #215,,07:00-20:00,07:00-20:00 周六:07:00-20:00 周日:09:00-18:00 節假日:09:00-18:00,22.322542,114.211141,Kwun Tong District,觀塘區,Kowloon Bay,九龍灣,partner,"3,6,7",false
852H2006,"Conv. Store Shop 3, Choi Ying Place, Choi Ying Estate, Ngau Tau Kok, KLN",便利店 彩盈坊OK便利店,"Shop 3, Choi Ying Place, Choi Ying Estate, Ngau Tau Kok, KLN",九龍牛頭角彩盈邨彩盈坊3號鋪OK #366*,,00:00-23:59,00:00-23:59,22.328045,114.214709,Kwun Tong District,觀塘區,Ngau Tau Kok,牛頭角,partner,"3,6,7",false
852H2007,"Conv. Store Shop G04, G/F, Choi Tak Shopping Centre, Ngau Tau Kok, KLN",便利店 彩德商場OK便利店,"Shop G04, G/F, Choi Tak Shopping Centre, Ngau Tau Kok, KLN",牛頭角彩德商場地下G04號鋪OK #428*,,00:00-23:59,00:00-23:59,22.329628,114.213384,Kwun Tong District,觀塘區,Ngau Tau Kok,牛頭角,partner,"3,6,7",false
852H2008,"Conv. Store Shop B002, G/F, Ching Long Shopping Centre, Kowloon City, KLN",便利店 晴朗商場OK便利店,"Shop B002, G/F, Ching Long Shopping Centre, Kowloon City, KLN",九龍城晴朗商場地下B002號鋪OK #492*,,00:00-23:59,00:00-23:59,22.330869,114.204442,Kowloon City District,九龍城區,Kai Tak,啟德,partner,"3,6,7",false
852H2009,OK #377,便利店 同力工業中心地下OK,"No.B1, G/F., Block B, Tonic Industrial Centre, No. 19 Lam Hing Street, Kowloon Bay",九龍灣臨興街19號同力工業中心地下部份B1號單位OK #377*,,06:30-20:30,06:30-20:30 周六:06:30-20:30 周日:09:00-18:00 節假日:09:00-18:00,22.324705,114.210439,Kwun Tong District,觀塘區,Kowloon Bay,九龍灣,partner,"3,6,7",false
852HAL,"Tropicana Gardens, Wong Tai Sin",黃大仙豪苑順豐站,"Shop 29A, G/F, Tropicana Gardens, 110 Lung Cheung Road*^,Wong Tai Sin,Wong Tai Sin District,Hong Kong",香港黃大仙區黃大仙龍翔道110號豪苑地下29A號鋪*,56847740,Mon to Fri 11:00-21:00; Sun & Public Holidays 12:00-20:00; Sat 12:00-20:00,"周一至周五,11:00-21:00;周日及公眾假期,12:00-20:00;周六,12:00-20:00",22.3420395,114.1968364,Wong Tai Sin District,黃大仙區,Wong Tai Sin,黃大仙,station,"3,5,6,7",false
852HB2001,OK#26,便利店 淘大花園OK,"Shop no. 27-30, G/F., Amoy Plaza Phase 1, Ngau Tau Kok Rd, Kln.",九龍淘大花園第一期商場27-30號OK#26*,,00:00-00:00,00:00-00:00 周六:00:00-00:00 周日:00:00-00:00 節假日:00:00-00:00,22.3253,114.2152,Kwun Tong District,觀塘區,Kowloon Bay,九龍灣,partner,"3,6,7",false
852HB3004,在時有限公司,合作店 在時有限公司,"Shop F161, 1 / F, Amoy Mall, Phase 2, Kowloon Bay*",九龍灣淘大商場2期1樓F161號鋪（歡迎自提淘大店）*,,13:00-20:00,13:00-20:00 周六:13:00-18:00 周日:13:00-18:00,22.324243,114.216218,Kwun Tong District,觀塘區,Ngau Tau Kok,牛頭角,partner,"3,6,7",false
852HBL,"Tak Bo Mall, Kowloon Bay",九龍灣得寶商場順豐站,"Shop 209, 1/F, Tak Bo Mall, 3 Ngau Tau Kok Road*^,Kowloon Bay,Kwun Tong District,Hong Kong",香港觀塘區九龍灣牛頭角道3號得寶花園得寶商場1樓209號鋪*,64686946,Mon to Fri 11:00-21:00; Sun & Public Holidays 12:00-20:00; Sat 12:00-20:00,"周一至周五,11:00-21:00;周日及公眾假期,12:00-20:00;周六,12:00-20:00",22.327001,114.214171,Kwun Tong District,觀塘區,Kowloon Bay,九龍灣,station,"3,5,6,7",false
852HC,"Wing Fat Industrial Building, Kowloon Bay",九龍灣榮發工廈順豐站,"Workshop No. 5, G/F, Wing Fat Industrial Building, No. 12 Wang Tai Road*^,Kowloon Bay,Kwun Tong District,Hong Kong",香港觀塘區九龍灣宏泰道12號榮發工業大廈地下5號鋪*,56814976,Mon to Sat 09:00-20:00; Sun & Statutory Holidays Closed,"周一至周六,09:00-20:00;周日及勞工假期,休息",22.3231756,114.209156,Kwun Tong District,觀塘區,Kowloon Bay,九龍灣,station,"1,3,5,6,7",true
852HC3002,"Indiv. Store Shop CF21, Choi Fook Estate Market, Kowloon Bay, KL",合作點 彩淘自提點,"Shop CF21, Choi Fook Estate Market, Kowloon Bay, KL*",九龍九龍灣彩福邨街市CF21號鋪 彩淘自提點*,,11:00-20:00,11:00-20:00 周六:11:00-20:00 周日:11:00-18:00,22.329829,114.216449,Kwun Tong District,觀塘區,Kowloon Bay,九龍灣,partner,"3,6,7",false
852HC3004,提點坪彩雲一邨,合作店 提點坪彩雲一邨," Shop B119, G/F,Fei Fung House,Choi Wan (I) Estate, Kowloon*",牛池灣彩雲一邨飛鳳樓地下B119號鋪(提點坪彩雲一邨)*,,12:00-20:30,12:00-20:30 周六:12:00-20:30,22.334219,114.215209,Wong Tai Sin District,黃大仙區,Ngau Chi Wan,牛池灣,partner,"3,6,7",false
852HCL,"Chuk Yuen Plaza, Wong Tai Sin",黃大仙竹園廣場順豐站,"Shop S215A, 2/F, Chuk Yuen Plaza, Chuk Yuen South Estate, 15 Chuk Yuen Road*^,Wong Tai Sin,Wong Tai Sin District,Hong Kong",香港黃大仙區黃大仙竹園路15號竹園南邨竹園廣場2樓S215A號鋪*,56847740,Mon to Fri 11:00-20:30; Sun & Public Holidays 12:00-20:00; Sat 12:00-20:00,"周一至周五,12:00-21:00;周日及公眾假期,12:00-20:00;周六,12:00-20:00",22.344965,114.193225,Wong Tai Sin District,黃大仙區,Wong Tai Sin,黃大仙,station,"3,5,6,7",false
852HD,"Peter Leung Industrial Building, Kwun Tong",觀塘振邦工業大廈順豐站,"G/F, Peter Leung Industrial Building , No. 103 Wai Yip Street*^,Kwun Tong,Kwun Tong District,Hong Kong",香港觀塘區觀塘偉業街103號振邦工業大廈地下*,64685585,Mon to Sat 09:00-20:00; Sun & Statutory Holidays Closed,"周一至周六,09:00-20:00;周日及勞工假期,休息",22.315798,114.215414,Kwun Tong District,觀塘區,Kwun Tong,觀塘,station,"1,3,5,6,7",true
852HD2002,OK #580,便利店 啟德港鐵站OK,MTR Station Concession No. KAT 12 at Kai Tak Station,啟德港鐵站 KAT 12 號鋪OK #580,,06:00-00:00,06:00-00:00 周六:06:00-00:00 周日:06:00-00:00 節假日:06:00-00:00,22.330961,114.199094,Kwun Tong District,觀塘區,Kowloon Bay,九龍灣,partner,"3,6,7",false
852HD2003,尚珒溋地下6號舖OK,便利店 尚珒溋地下6號鋪OK,"Shop No. 6 on Ground Floor at Commercial Accommodation in Upper RiverBank, 11 Muk Tai Street, Kai Tak, Kowloon",九龍啟德沐泰街11號尚．珒溋商業部份地下6號鋪OK #770*,,07:00-23:00,07:00-23:00 周六:07:00-23:00 周日:07:00-23:00 節假日:07:00-23:00,22.3276911,114.1993282,Kwun Tong District,觀塘區,Kwun Tong,觀塘,partner,"3,6,7",false
852HD3002,啟航自提,合作店 啟航自提,"SHOP G01-G02,BLOCK 4, 7TH STREET,PHASE 2,RUNWAY 1331, SHING FUNG ROAD,KAI TAK HK TUEN HING PINCK UP（1600-1700 closed）*",啟德啟航1331第2區第7街04棟G01-G02鋪 啟航自提（1600-1700午休）*,,12:00-21:00,12:00-21:00 周六:12:00-21:00,22.3053417,114.2161784,Kwun Tong District,觀塘區,Kwun Tong,觀塘,partner,"3,6,7",false
852HHUM,"Nan Fung Plaza, Hang Hau",坑口南豐廣場順豐站,"Shop B28-B31, 1/F Nan Fung Plaza, 8 Pui Shing Road*,Hang Hau,Sai Kung District,Hong Kong",香港西貢區坑口培成路8號南豐廣場1樓B28-B31鋪*,64635030,Mon to Fri 11:00-22:00; Sun & Public Holidays 12:00-20:00; Sat 12:00-20:00,"周一至周五,11:00-22:00;周日及公眾假期,12:00-20:00;周六,12:00-20:00",22.314736,114.263893,Sai Kung District,西貢區,Hang Hau,坑口,station,"3,5,6,7",false
852J,"Fuk Wo Industrial Building, San Po Kong",新蒲崗福和工廈順豐站,"G/F, Fuk Wo Industrial Building, No. 5 Sheung Hei Street*^,San Po Kong,Wong Tai Sin District,Hong Kong",香港黃大仙區新蒲崗九龍雙喜街5號福和工業大廈地下*,97005361,Mon to Sat 09:00-20:00; Sun & Statutory Holidays 09:00-18:00,"周一至周六,09:00-20:00;周日及勞工假期,09:00-18:00",22.338205,114.198043,Wong Tai Sin District,黃大仙區,San Po Kong,新蒲崗,station,"1,3,5,6,7",true
852J2001,"Shop 6, L/G, Lok Fu Plaza, Wang Tau Hom, Lok Fu, KLN",樂富中心OK便利店,"Shop 6, L/G, Lok Fu Plaza, Wang Tau Hom, Lok Fu, KLN",九龍樂富樂富中心LG6號鋪OK #27*,,00:00-23:59,00:00-23:59,22.338138,114.187299,Wong Tai Sin District,黃大仙區,Lok Fu,樂富,partner,"3,6,7",false
852J2003,"G/F, Kam Pik House, Choi Hung Estate, Choi Hung, KLN",便利店 彩虹村OK便利店,"G/F, Kam Pik House, Choi Hung Estate, Choi Hung, KLN",九龍彩虹彩虹邨金碧樓地下OK #97*,,00:00-23:59,00:00-23:59,22.335278,114.205359,Wong Tai Sin District,黃大仙區,Choi Hung,彩虹,partner,"3,6,7",false
852J2004,"Conv. Store Shop 101, Lung Poon Court Commerce Centre, Lung Poon Court, Diamond Hill, KLN",便利店 龍蟠苑商場OK便利店,"Shop 101, Lung Poon Court Commerce Centre, Lung Poon Court, Diamond Hill, KLN",鑽石山龍蟠苑商場中心101號鋪OK #100*,,00:00-23:59,00:00-23:59,22.342104,114.200509,Wong Tai Sin District,黃大仙區,Diamond Hill,鑽石山,partner,"3,6,7",false
852J2005,"Conv. Store Shop 1, Tsz Ching Shopping Centre, 1 Tsz Ching Est., Tsz Wan Shan, KLN",便利店 慈正商場OK便利店,"Shop 1, Tsz Ching Shopping Centre, 1 Tsz Ching Est., Tsz Wan Shan, KLN",九龍慈雲山慈正邨慈正商場1號鋪OK #140*,,00:00-23:59,00:00-23:59,22.351043,114.200453,Wong Tai Sin District,黃大仙區,Tsz Wan Shan,慈雲山,partner,"3,6,7",false
852J2006,"Shop 1 G/F, Carpark Building, Ying Fuk Court, Wong Tai Sin, KLN",盈福苑OK便利店,"Shop 1 G/F, Carpark Building, Ying Fuk Court, Wong Tai Sin, KLN",九龍黃大仙盈福苑停車場大樓地下1號鋪OK #181*,,00:00-23:59,00:00-23:59,22.346379,114.195363,Wong Tai Sin District,黃大仙區,Wong Tai Sin,黃大仙,partner,"3,6,7",false
852J2007,"Conv. Store Shop 2, G/F, Tsz Ching Shopping Centre II, Tsz Ching EST, Tsz Wan Shan, KLN",便利店 慈正商場OK便利店,"Shop 2, G/F, Tsz Ching Shopping Centre II, Tsz Ching EST, Tsz Wan Shan, KLN",九龍慈雲山慈正商場2期地下2鋪OK #183*,,00:00-23:59,00:00-23:59,22.34958,114.202285,Wong Tai Sin District,黃大仙區,Tsz Wan Shan,慈雲山,partner,"3,6,7",false
852J2010,"Shop B G/F, Ho King Building, 35 & 37 Po Kong Village Road, Wong Tai Sin, KLN",蒲崗村道OK便利店,"Shop B G/F, Ho King Building, 35 & 37 Po Kong Village Road, Wong Tai Sin, KLN",九龍黃大仙蒲崗村道35-37號好景樓地下B號鋪OK #478*,,00:00-23:59,00:00-23:59,22.343586,114.198675,Wong Tai Sin District,黃大仙區,Wong Tai Sin,黃大仙,partner,"3,6,7",false
852J2011,"Conv. Store Shop 3C, G/F, Fu Shun Hse, Fu Shan Est, Diamond Hill, KLN",便利店 富山村OK便利店,"Shop 3C, G/F, Fu Shun Hse, Fu Shan Est, Diamond Hill, KLN",鑽石山富山邨富信樓地下3C號鋪OK #12*,,00:00-23:59,00:00-23:59,22.34268,114.209144,Wong Tai Sin District,黃大仙區,Diamond Hill,鑽石山,partner,"3,6,7",false
852J2012,"Conv. Store Kiosk CHH18 & CHH19, Choi Hung MTR Station , Choi Hung, KLN",便利店 彩虹港鐵OK便利店,"Kiosk CHH18 & CHH19, Choi Hung MTR Station , Choi Hung, KLN",彩虹港鐵站CHH18及19號鋪OK #259*,,06:00-00:00,06:00-00:00,22.334969,114.20905,Wong Tai Sin District,黃大仙區,Choi Hung,彩虹,partner,"3,6,7",false
852J2013,"Conv. Store Kiosk WTS 12, Wong Tai Sin MTR Station, Wong Tai Sin, KLN",便利店 黃大仙港鐵OK便利店,"Kiosk WTS 12, Wong Tai Sin MTR Station, Wong Tai Sin, KLN",九龍黃大仙港鐵站WTS12號鋪OK #274*,,06:00-00:00,06:00-00:00,22.341656,114.193851,Wong Tai Sin District,黃大仙區,Wong Tai Sin,黃大仙,partner,"3,6,7",false
852J2016,"Conv. Store Kiosk DIH 17, Diamond Hill MTR Station, Diamond Hill, KLN",便利店 鑽石山港鐵OK便利店,"Kiosk DIH 17, Diamond Hill MTR Station, Diamond Hill, KLN",九龍鑽石山港鐵站DIH17號鋪OK #510*,,06:30-00:00,06:30-00:00,22.340073,114.201711,Wong Tai Sin District,黃大仙區,Diamond Hill,鑽石山,partner,"3,6,7",false
852J2017,"Conv. Store Shop 1A, G/F, 35-49 Hong Keung Street, San Po Kong, KLN",便利店 康強街OK便利店,"Shop 1A, G/F, 35-49 Hong Keung Street, San Po Kong, KLN",九龍新蒲崗康強街35-49號地下連天井1A號鋪OK #516*,,06:30-23:00,06:30-23:00,22.334687,114.196827,Wong Tai Sin District,黃大仙區,San Po Kong,新蒲崗,partner,"3,6,7",false
852J2018,"Shop 210, 2/F, Fung Tak Shopping Centre, Fung Tak Estate, Diamond Hill, KLN",便利店 鳳德商場OK便利店,"Shop 210, 2/F, Fung Tak Shopping Centre, Fung Tak Estate, Diamond Hill, KLN",九龍鑽石山鳳德邨鳳德商場2樓210號鋪OK #530*,,00:00-23:59,00:00-23:59,22.343737,114.199747,Wong Tai Sin District,黃大仙區,Diamond Hill,鑽石山,partner,"3,6,7",false
852J2019,"Conv. Store Shop No. 767 on Ground Floor, Rhythm Garden, No. 242 Choi Hung Road, Kowloon",便利店 采頤花園OK便利店,"Shop No. 767 on Ground Floor, Rhythm Garden, No. 242 Choi Hung Road, Kowloon",九龍彩虹道采頤花園地下767鋪OK #578*,,00:00-23:59,00:00-23:59,22.336489,114.202836,Wong Tai Sin District,黃大仙區,Choi Hung,彩虹,partner,"3,6,7",false
852J2020,"Conv. Store Shop 16B, Ground Floor, Cheong Ning Plaza, Tsuen Cheong Center, 202-216 Sai Lau Kok Road, Tsuen Wan, N.T",便利店 東匯邨OK便利店,"Shop 16B, Ground Floor, Cheong Ning Plaza, Tsuen Cheong Center, 202-216 Sai Lau Kok Road, Tsuen Wan, N.T",香港黃大仙東匯邨匯智樓地下1號鋪OK #586*,,00:00-23:59,00:00-23:59,22.3710958,114.1205133,Kowloon City District,九龍城區,Kowloon City,九龍城,partner,"3,6,7",false
852J2021,OK #708,便利店 勤達中心OK便利店,"Workshop D, G/F, Midas Plaza, No.1 Tai Yau Street, KL",香港黃大仙區新蒲崗九龍大有街1號勤達中心地下D單位OK #708*,,07:00-23:00,07:00-23:00 周六:07:00-21:00 周日:09:00-18:00 節假日:09:00-18:00,22.3390027,114.199572,Wong Tai Sin District,黃大仙區,San Po Kong,新蒲崗,partner,"3,6,7",false
852J2022,OK #81,便利店 竹園商場OK,"Shop 11, Chuk Yuen Shopping Ctr, Chuk Yuen Est, Kln.",九龍竹園邨竹園商場11號鋪OK #81*,,00:00-00:00,00:00-00:00 周六:00:00-00:00 周日:00:00-00:00 節假日:00:00-00:00,22.345403,114.192891,Wong Tai Sin District,黃大仙區,San Po Kong,新蒲崗,partner,"3,6,7",false
852J2023,OK #353,便利店 渣打銀行大廈地下E號鋪OK,"Shop E, G/F., Chartered Bank Building, Nos. 10-20 Ning Yuen Street, San Po Kong, Kowloon",九龍新蒲崗寧遠街10-20號渣打銀行大廈地下E號鋪OK #353,,00:00-00:00,00:00-00:00 周六:00:00-00:00 周日:00:00-00:00 節假日:00:00-00:00,22.334093,114.195372,Wong Tai Sin District,黃大仙區,San Po Kong,新蒲崗,partner,"3,6,7",false
852J2024,啟鑽商場OK,便利店 啟鑽商場OK,"Shop No. G27, G/F, Kai Chuen Shopping Centre, Kai Chuen Court (Phase 2), Diamond Hill, Wong Tai Sin",黃大仙鑽石山啟鑽苑(第二期)啟鑽商場地下G27號鋪 OK #757*,,07:00-23:00,07:00-23:00 周六:07:00-23:00 周日:07:00-23:00 節假日:07:00-23:00,22.3399068,114.1995574,Wong Tai Sin District,黃大仙區,San Po Kong,新蒲崗,partner,"3,6,7",false
852J3005,"Indiv. Store Shop E, 1/G Comm Carpark Block, Grand View Garden, 185 Hammer Hill Rd, KL",合作點 裕豐藥行,"Shop E, 1/F Comm Carpark Block, Grand View Garden, 185 Hammer Hill Rd, KL*",鑽石山斧山道185號宏景花園停車場1樓E鋪藥房 裕豐藥行*,,09:00-21:30,09:00-21:30,22.3419569,114.208233,Wong Tai Sin District,黃大仙區,Diamond Hill,鑽石山,partner,"3,6,7",false
852J3006,"Indiv. Store FLT/RM N210B, 2/F, Temple Mall North, 136 Lung Chung Rd, Wong Tai Sin, KL",合作點 醉Chill,"FLT/RM N210B, 2/F, Temple Mall North, 136 Lung Chung Rd, Wong Tai Sin, KL*",黃大仙中心北館二樓N210B號鋪(醉Chill)*,,12:00-20:00,12:00-20:00,22.342095,114.1926665,Wong Tai Sin District,黃大仙區,Wong Tai Sin,黃大仙,partner,"3,6,7",false
852J3007,"Indiv. Store Shop 7, 1/F, Kai Tak Shopping Arcade,  Wong Tai Sin, KL",合作點 正德糖果,"Shop7 1/F, Kai Tak Shopping Arcade,  Wong Tai Sin, KL*",九龍黃大仙啟德商場1樓7號鋪(正德糖果)*,,09:00-19:00,09:00-19:00 周六:09:00-19:00,22.3380582,114.194211,Wong Tai Sin District,黃大仙區,Wong Tai Sin,黃大仙,partner,"3,6,7",false
852J3009,"Indiv. Store Cooked Food Stall No.5, G/F Tung Tau Shopping Centre, Tung Tau Est, KL",合作點 東頭邨自提點,"Cooked Food Stall No.5, G/F Tung Tau Shopping Centre, Tung Tau Est, KL*",九龍東頭邨熟食檔地下CF6號鋪 東頭邨自提點*,,12:00-20:00,12:00-20:00,22.3335068,114.192291,Kowloon City District,九龍城區,Kowloon City,九龍城,partner,"3,6,7",false
852J3012,"Indiv. Store G/F, 12A Lung Chi Path, Ngau Chi Wan, KL",合作點 新利加士多,"G/F, 12A Lung Chi Path, Ngau Chi Wan, KL*",九龍牛池灣龍池徑12A地下 新利加士多*,,09:00-21:00,09:00-21:00 周六:09:00-21:00 周日:09:00-20:00 節假日:09:00-20:00,22.3355763,114.208448,Wong Tai Sin District,黃大仙區,Ngau Chi Wan,牛池灣,partner,"3,6,7",false
852J3015,Car Lab,合作店 Car Lab,"G/F,No.56 Ming Fung Street,Wong Tai Sin (Closed on Mondays)*",九龍黃大仙鳴鳳街56號G樓（Car Lab）(逢星期一休息)*,,10:00-20:00,10:00-20:00 周六:10:00-20:00 周日:10:00-19:00 節假日:10:00-19:00,22.344279,114.196087,Wong Tai Sin District,黃大仙區,Wong Tai Sin,黃大仙,partner,"3,6,7",false
852J3019,大新工程,合作店 大新工程,"G/F,No.22B Shung Wah Street,Tsz Wan Shan, KLN*",慈雲山崇華街22B號地下(大新工程)*,,12:00-19:00,12:00-19:00 周六:14:00-18:00,22.346246,114.198043,Wong Tai Sin District,黃大仙區,Tsz Wan Shan,慈雲山,partner,"3,6,7",false
852J3022,腦行家,合作店 腦行家,"Shop 16，G/F,Fu Yan House,Fu Shan Estate，Ngau Chi Wan*",牛池灣富山村富仁樓 地下16號鋪(腦行家)*,,12:00-20:00,12:00-20:00 周六:13:30-20:00 周日:12:00-20:00,22.342769,114.208259,Wong Tai Sin District,黃大仙區,Ngau Chi Wan,牛池灣,partner,"3,6,7",false
852J3023,S AND K,合作店 S AND K,"Shop B72, 1 / F, SAN Po Kong Plaza*",新蒲崗廣場1樓B72鋪(（S AND K）*,,12:30-19:30,12:30-19:30 周六:12:30-19:00,22.335117,114.196209,Wong Tai Sin District,黃大仙區,San Po Kong,新蒲崗,partner,"3,6,7",false
852J3024,康頤藥行,合作店 康頤藥行,"Shop 770,G/F,Rhythm Garden,San Po Kong*",新蒲崗采頤花園地下770號鋪(康頤藥行)*,,09:30-20:00,09:30-20:00 周六:09:30-20:00 周日:09:30-20:00 節假日:09:30-20:00,22.337219,114.202361,Wong Tai Sin District,黃大仙區,San Po Kong,新蒲崗,partner,"3,6,7",false
852J3026,SO GOOD,合作店 SO GOOD,"Shop 29, G/F,Experiement，No.9 Ning Yuen St，San Po Kong, KLN*",九龍新蒲崗寧遠街9號越秀廣場G29號鋪（SO GOOD）*,,11:00-20:00,11:00-20:00 周六:11:00-20:00,22.333766,114.195612,Wong Tai Sin District,黃大仙區,San Po Kong,新蒲崗,partner,"3,6,7",false
852J3027,點拎貳,合作店 點拎貳,"Shop 307,3/F,Tsui Chuk Commercial Centre,No.8 Chui Chuk St，KLN*",九龍翠竹街8號翠竹花園商場3樓307號鋪(點拎貳)*,,13:00-21:00,13:00-21:00 周六:13:00-21:00,22.345692,114.189311,Wong Tai Sin District,黃大仙區,Wong Tai Sin,黃大仙,partner,"3,6,7",false
852J3035,昌渼貿易公司,合作店 昌渼貿易公司,"Shop C , Kwai Chi Path,Ngau Chi Wan*",九龍牛池灣村貴池徑C室（昌渼貿易公司）*,,12:00-21:00,12:00-21:00 周六:12:00-21:00 周日:12:00-17:00,22.3356497,114.2080774,Wong Tai Sin District,黃大仙區,Ngau Chi Wan,牛池灣,partner,"3,6,7",false
852J3037,港閩驛站,合作店 港閩驛站,"Shop N235-N236 ,2/F,Fung Tak Shopping Centre,111 Fung Tak Road, Diamond Hill,KLN（14:00-15:00 closed）*",黃大仙鳳德商場2樓N235-N236鋪（14:00-15:00午休）（港閩驛站）*,,12:00-20:00,12:00-20:00 周六:12:00-20:00 周日:12:00-20:00 節假日:12:00-15:00,22.344086,114.200426,Wong Tai Sin District,黃大仙區,Diamond Hill,鑽石山,partner,"3,6,7",false
852J3038,FIREFLY,合作店 FIREFLY,Shop 751，G/F，Rhythm Garden Shopping Centre，San Po Kong*,新蒲崗采頤花園購物商場751鋪地下(FIREFLY)*,,11:00-21:00,11:00-21:00 周六:11:00-21:00 周日:11:00-21:00,22.337221,114.202358,Wong Tai Sin District,黃大仙區,San Po Kong,新蒲崗,partner,"3,6,7",false
852K,"Hang Fung Industrial Building, Hung Hom",紅磡恆豐工廈順豐站,"Room A2, G/F, Phase 2, Hang Fung Industrial Building, 2G Hok Yuen Street*^,Hung Hom,Kowloon City District,Hong Kong",香港九龍城區紅磡鶴園街2G號恆豐工業大廈2期地下A2室*,64634943,Mon to Sat 09:00-20:00; Sun & Statutory Holidays 09:00-18:00,"周一至周六,09:00-20:00;周日及勞工假期,09:00-18:00",22.310731,114.188795,Kowloon City District,九龍城區,Hung Hom,紅磡,station,"1,3,5,6,7",true
852K2002,"Conv. Store G/F, Cheong Shing Court, 669 Gillies Rd, To Kwa Wan, To Kwa Wan, KLN",便利店 機利士路OK便利店,"G/F, Cheong Shing Court, 669 Gillies Rd, To Kwa Wan, To Kwa Wan, KLN",九龍土瓜灣機利士路669號昌盛金鋪大廈地下OK #94*,,00:00-23:59,00:00-23:59,22.312463,114.187343,Kowloon City District,九龍城區,To Kwa Wan,土瓜灣,partner,"3,6,7",false
852K2004,"G/F, 273 To Kwa Wan Road, To Kwa Wan, KLN",土瓜灣道OK便利店,"G/F, 273 To Kwa Wan Road, To Kwa Wan, KLN",九龍土瓜灣土瓜灣道273號地下OK #131*,,00:00-23:59,00:00-23:59,22.316689,114.190309,Kowloon City District,九龍城區,To Kwa Wan,土瓜灣,partner,"3,6,7",false
852K2005,"Unit CD1, G/F, Hang Fung Industrial Bldg Phase 1, 2G Hok Yuen St, Hung Hom, KLN",便利店 恆豐工業大廈OK便利店,"Unit CD1, G/F, Hang Fung Industrial Bldg Phase 1, 2G Hok Yuen St, Hung Hom, KLN",九龍紅磡鶴園街2G號恆豐工業大廈第一期地下CD1號鋪OK #261*,,06:00-22:00,06:00-22:00 周六:06:00-22:00,22.310949,114.188826,Kowloon City District,九龍城區,Hung Hom,紅磡,partner,"3,6,7",false
852K2007,"Shop 111, Geranium House, Ma Tau Wai Estate, Hung Hom, KLN",便利店 馬頭圍村OK便利店,"Shop 111, Geranium House, Ma Tau Wai Estate, Hung Hom, KLN",馬頭圍邨洋葵樓地下111號鋪OK #365*,,00:00-23:59,00:00-23:59,22.32243,114.187523,Kowloon City District,九龍城區,Hung Hom,紅磡,partner,"3,6,7",false
852K2008,"Conv. Store Flat C, G/F, 47 Nga Tsin Wai Road, Kowloon City, KLN",便利店 衙前圍道47號OK便利店,"Flat C, G/F, 47 Nga Tsin Wai Road, Kowloon City, KLN",九龍城衙前圍道47號地下C單位OK #386*,,00:00-23:59,00:00-23:59,22.328866,114.187963,Kowloon City District,九龍城區,Kowloon City,九龍城,partner,"3,6,7",false
852K2009,"Conv. Store Shop 3A, 1/F, Harbour Place, 8 Oi King Street, Hung Hom, KLN",便利店 海濱南岸OK便利店,"Shop 3A, 1/F, Harbour Place, 8 Oi King Street, Hung Hom, KLN",紅磡愛景街海濱南岸1樓商場3A OK #435*,,00:00-23:59,00:00-23:59,22.303733,114.186525,Kowloon City District,九龍城區,Hung Hom,紅磡,partner,"3,6,7",false
852K2014,"Conv. Store Shop G06, G/F, Grand Waterfront Plaza, 38 San Ma Tau Street, To Kwa Wan, KLN",便利店 翔龍灣廣場OK便利店,"Shop G06, G/F, Grand Waterfront Plaza, 38 San Ma Tau Street, To Kwa Wan, KLN",九龍土瓜灣馬頭角新馬頭街38號翔龍灣廣場地下G06號鋪OK #407*,,06:30-00:00,06:30-00:00,22.319118,114.193568,Kowloon City District,九龍城區,To Kwa Wan,土瓜灣,partner,"3,6,7",false
852K2016,"Conv. Store Shop 17F, G/F, United Building, 1-7 Wu Kwong Street, Hung Hom, KLN",便利店 湖光街OK便利店,"Shop 17F, G/F, United Building, 1-7 Wu Kwong Street, Hung Hom, KLN",九龍紅磡湖光街1-7號聯盛大廈地下17F號鋪OK #514*,,00:00-23:59,00:00-23:59,22.306448,114.186519,Kowloon City District,九龍城區,Hung Hom,紅磡,partner,"3,6,7",false
852K2017,"Conv. Store Shop No. LG09 Lower Ground Floor, Fisherman??s Wharf, 8 Laguna Verde Avenue,Hung Hom, Kowloon",便利店 海逸坊OK便利店,"Shop No. LG09 Lower Ground Floor, Fisherman??s Wharf, 8 Laguna Verde Avenue,Hung Hom, Kowloon",九龍紅磡海逸道8號海逸坊低層地下LG09號鋪OK #449*,,07:00-19:00,07:00-19:00,22.3090139,114.1890071,Kowloon City District,九龍城區,Hung Hom,紅磡,partner,"3,6,7",false
852K2018,"Shop 3, Commercial Accommodation, Downtown 38, No.38 Pak Tai",便利店 Downtown 38OK便利店,"Shop 3, Commercial Accommodation, Downtown 38, No.38 Pak Tai",九龍土瓜灣北帝街38號Downtown38地下3號鋪OK #595*,,00:00-23:59,00:00-23:59,22.321273,114.1882437,Kowloon City District,九龍城區,To Kwa Wan,土瓜灣,partner,"3,6,7",false
852K2019,OK#124,便利店 紅磡商業廣場地下OK,"Shop 43 & 44, G/F., Hunghom Comm. Square, 37-39 Ma Tau Wai Rd., Hung Hom, Kln.",紅磡馬頭圍道37-39號紅磡商業廣場地下43-44號OK#124*,,00:00-00:00,00:00-00:00 周六:00:00-00:00 周日:00:00-00:00 節假日:00:00-00:00,22.3102,114.1876,Yau Tsim Mong District,油尖旺區,Tsim Sha Tsui,尖沙咀,partner,"3,6,7",false
852K2020,OK #705,便利店 港鐵紅磡站HUH C11號鋪 OK,MTR Station Shop HUH C11 at Hung Hom Station,港鐵紅磡站HUH C11號鋪 OK #705,,07:00-23:30,07:00-23:30 周六:07:00-23:30 周日:07:00-23:30 節假日:07:00-23:30,22.302698,114.181781,Kowloon City District,九龍城區,Hung Hom,紅磡,partner,"3,6,7",false
852K3005,浩基公司,合作店 浩基公司,"Shop 406,4F,Kowloon City Plaza,128 Carpenter Rd,Kowloon City,KL*",九龍九龍城賈炳達道128號九龍城廣場4樓406號鋪（浩基公司）*,,13:30-21:00,13:30-21:00 周六:13:30-21:00 周日:14:00-18:00 節假日:14:00-18:00,22.33099,114.188015,Kowloon City District,九龍城區,Kowloon City,九龍城,partner,"3,6,7",false
852K3008,新佰佳洗衣店,合作店 新佰佳洗衣店,"Shop B, G/F, Chee Shing Buildin, No.143  Wuhu Street, Hung Hom, KLN*",九龍紅磡蕪湖街143號時盛大廈地下B鋪(新佰佳洗衣店)(星期三營業時間08:30-13:00)*,,08:30-20:00,08:30-20:00 周六:08:30-20:00 周日:08:30-20:00 節假日:08:30-20:00,22.30785,114.184682,Kowloon City District,九龍城區,Hung Hom,紅磡,partner,"3,6,7",false
852K3009,黃埔108商場,合作店 斜角巷黃埔108商場,"Shop 103, WHAMPOA 108, 25 Man Tai Street, Hung Hom, Kowloon*",九龍紅磡民泰街25號黃埔108商場103號鋪(斜角巷黃埔108商場)*,,12:00-20:00,12:00-20:00 周六:12:00-20:00,22.30684,114.187897,Kowloon City District,九龍城區,Hung Hom,紅磡,partner,"3,6,7",false
852K3011,FoodieGo,合作店 FoodieGo,SHOP 3 G/F HARBOURFRONT HORIZON HOTEL NO.8 HUNG LUEN ROAD KL FoodieGo*,九龍紅磡灣紅鸞道8號海灣軒地下3號鋪 FoodieGo*,,14:00-23:00,14:00-23:00 周六:14:00-23:00 周日:14:00-23:00 節假日:14:00-23:00,22.3002122,114.1849556,Kowloon City District,九龍城區,Hung Hom,紅磡,partner,"3,6,7",false
852KA2001,Conv. Store OK #700,便利店 衙前圍道84號OK便利店,"Shop A, G/F, 84 Nga Tsin Wai Road, KL",九龍衙前圍道84號地下A號鋪OK #700*,,00:00-23:59,00:00-23:59,22.329304,114.189728,Kowloon City District,九龍城區,To Kwa Wan,土瓜灣,partner,"3,6,7",false
852KA2002,OK #720,便利店 OK #720,"Shop TKW 1, To Kwa Wan MTR Station, Kowloon",土瓜灣港鐵站TKW 1號鋪OK#720*,,06:30-23:00,06:30-23:00 周六:06:30-23:00 周日:06:30-23:00 節假日:06:30-23:00,22.316327,114.187436,Kowloon City District,九龍城區,To Kwa Wan,土瓜灣,partner,"3,6,7",false
852KA2003,OK #751,便利店 連閣樓OK ,"Ground Floor & Cockloft, No.404 Ma Tau Wai Road, Kowloon",九龍馬頭圍道404號地下連閣樓OK #751*,,07:00-23:00,07:00-23:00 周六:07:00-23:00 周日:07:00-23:00 節假日:07:00-23:00,22.319019,114.187427,Kowloon City District,九龍城區,To Kwa Wan,土瓜灣,partner,"3,6,7",false
852KA2004,OK #598,便利店 美善同道OK,"Shop 1 on Ground Floor “80 Maidstone Road” No. 80 Maidstone Road, Kowloon",九龍土瓜灣美善同道80號1號鋪OK #598*,,00:00-00:00,00:00-00:00 周六:00:00-00:00 周日:00:00-00:00 節假日:00:00-00:00,22.317754,114.18696,Kowloon City District,九龍城區,To Kwa Wan,土瓜灣,partner,"3,6,7",false
852KA3001,長旺辦館,合作店 長旺辦館,"Shop 111,G/F,Rose House，Ma Tau Wai Estate， KLN*",馬頭圍村玫瑰樓地下111號鋪（長旺辦館）*,,09:30-21:00,09:30-21:00,22.323282,114.187054,Kowloon City District,九龍城區,To Kwa Wan,土瓜灣,partner,"3,6,7",false
852KA3003,土友站,合作店 土友站,"Shop 1,G/F,Sun Shing Centre，No.137 Kowloon City Road,To Kwa Wan, KLN*",土瓜灣九龍城道137號新城中心地下1號鋪(土友站 )*,,12:00-20:00,12:00-20:00 周六:12:00-17:00,22.320247,114.189681,Kowloon City District,九龍城區,To Kwa Wan,土瓜灣,partner,"3,6,7",false
852KA3005,高山劇場送禮勤,合作店 高山劇場送禮勤,"Lee Wing Building，No.3 Shansi st，To Kwa Wan,KLN*",土瓜灣山西街3號利榮大廈地下7-8號鋪(高山劇場送禮勤)*,,12:00-21:00,12:00-21:00 周六:12:00-21:00,22.313348,114.186461,Kowloon City District,九龍城區,To Kwa Wan,土瓜灣,partner,"3,6,7",false
852KBL,"Oi Man Estate, Ho Man Tin",何文田愛民邨康民樓順豐站,"Shop No.5, G/F, Hong Man House (Block C), Upper Oi Man Estate, No.60 Chung Hau Street*^,Ho Man Tin,Kowloon City District,Hong Kong",香港九龍城區何文田九龍忠孝街60號愛民邨康民樓(C座)地下5號鋪*,64635340,Mon to Fri 11:00-20:30; Sun & Public Holidays 12:00-20:00; Sat 12:00-20:00,"周一至周五,11:00-20:30;周日及公眾假期,12:00-20:00;周六,12:00-20:00",22.313332,114.178877,Kowloon City District,九龍城區,Ho Man Tin,何文田,station,"1,3,5,6,7",true
852KDL,"Pau Chung Street, To Kwa Wan",土瓜灣興基豪園順豐站,"Shop B, G/F, Kingsgate, 178 Pau Chung Street*^,To Kwa Wan,Kowloon City District,Hong Kong",香港九龍城區土瓜灣炮仗街178號興基豪園地下B鋪*,64635340,Mon to Fri 11:00-21:00; Sun & Public Holidays 12:00-20:00; Sat 12:00-20:00,"周一至周五,11:00-21:00;周日及公眾假期,12:00-20:00;周六,12:00-20:00",22.322319,114.190367,Kowloon City District,九龍城區,To Kwa Wan,土瓜灣,station,"1,3,5,6,7",true
852KEL,"Whampoa Garden, Hung Hom",紅磡黃埔花園順豐站,"Shop Nos. 9A and 9B in the 1st Basement, Site 12, Whampoa Garden*^,Hung Hom,Kowloon City District,Hong Kong",香港九龍城區紅磡黃埔花園12期地庫9A及9B號鋪*,62086145,Mon to Fri 11:00-22:00; Sun & Public Holidays 12:00-20:00; Sat 12:00-20:00,"周一至周五,11:00-22:00;周日及公眾假期,12:00-20:00;周六,12:00-20:00",22.306,114.190988,Kowloon City District,九龍城區,Hung Hom,紅磡,station,"1,3,5,6,7",true
852KFL,"Lok Man Sun Chuen, To Kwa Wan",土瓜灣樂民新邨順豐站,"Shop 126, G/F, Block G, Lok Man Sun Chuen*^,To Kwa Wan,Kowloon City District,Hong Kong",香港九龍城區土瓜灣靠背壟道126號樂民新邨G座平台地下126號鋪 (連閣樓)*,64635340,Mon to Fri 11:00-21:00; Sun & Public Holidays 12:00-20:00; Sat 12:00-20:00,"周一至周五,12:00-21:00;周日及公眾假期,12:00-20:00; 周六: 12:00-20:00",22.317972,114.186284,Kowloon City District,九龍城區,To Kwa Wan,土瓜灣,station,"1,3,5,6,7",true
852L,"Ching Cheong Industrial Building, Kwai Chung",葵涌禎昌工廈順豐站,"Workshop C, G/F, Ching Cheong Industrial Building, No. 1-7 Kwai Cheong Road*^,Kwai Chung,Kwai Tsing District,Hong Kong",香港葵青區葵涌大連排道葵昌路1-7號禎昌工業大廈地下C鋪*,94191937,Mon to Sat 09:00-20:00; Sun & Statutory Holidays 09:00-18:00,"周一至周六,09:00-20:00;周日及勞工假期,09:00-18:00",22.36474,114.134068,Kwai Tsing District,葵青區,Kwai Chung,葵涌,station,"1,3,5,6,7",true
852L2001,"Unit B, G/F, Mai Wah Industrial Bulding, 1-7 Wah Sing Street,Kwai Chung, N.T.",便利店 華星街OK便利店,"Unit B, G/F, Mai Wah Industrial Bulding, 1-7 Wah Sing Street,Kwai Chung, N.T.",新界葵涌華星街1至7號美華工業大廈地下B號鋪OK #403*,,06:00-22:00,06:00-22:00 周六:06:00-22:00 周日:08:00-18:00 節假日:08:00-18:00,22.363461,114.13427,Kwai Tsing District,葵青區,Kwai Chung,葵涌,partner,"3,6,7",false
852LA,"Well Fung Industrial Centre, Kwai Chung",葵涌和豐工廈順豐站,"Sub-Unit 06B, Unit 6, G/F, Well Fung Industrial Centre, No. 68 Ta Chuen Ping Street*^,Kwai Chung,Kwai Tsing District,Hong Kong",香港葵青區葵涌打磚坪街68號和豐工業大廈地下6號6B室*,65753413,Mon to Sat 09:00-20:00; Sun & Statutory Holidays Closed,"周一至周六,09:00-20:00;周日及勞工假期,休息",22.367971,114.13694,Kwai Tsing District,葵青區,Kwai Chung,葵涌,station,"1,3,5,6,7",true
852LA2001,"Conv. Store Shop 1, On Yam Shopping Centre, On Yam Estate, Kwai Chung, N.T.",便利店 安蔭商場OK便利店,"Shop 1, On Yam Shopping Centre, On Yam Estate, Kwai Chung, N.T.",新界葵涌安蔭邨安蔭商場1號鋪OK #107,,00:00-00:00,00:00-00:00 周六:00:00-00:00 周日:00:00-00:00 節假日:00:00-00:00,22.370734,114.141773,Kwai Tsing District,葵青區,Kwai Chung,葵涌,partner,"3,6,7",false
852LA2002,"Conv. Store Shop LG1, Lei Muk Shue Shopping Centre, Lei Muk Shue Estate, Kwai Chung, N.T.",便利店 梨木商場OK便利店,"Shop LG1, Lei Muk Shue Shopping Centre, Lei Muk Shue Estate, Kwai Chung, N.T.",新界葵涌梨木商場LG1號鋪OK #265*,,00:00-23:59,00:00-23:59,22.377819,114.135275,Kwai Tsing District,葵青區,Kwai Chung,葵涌,partner,"3,6,7",false
852LA2003,"Conv. Store Shop 1 & 2, G/F, Yam Hing House, Shek Yam East Estate., Kwai Chung, N.T.",便利店 石蔭東村OK便利店,"Shop 1 & 2, G/F, Yam Hing House, Shek Yam East Estate., Kwai Chung, N.T.",新界葵涌石蔭東邨蔭興樓1及2號鋪OK #143*,,00:00-23:59,00:00-23:59,22.372849,114.140388,Kwai Tsing District,葵青區,Kwai Chung,葵涌,partner,"3,6,7",false
852LA2005,"Conv. Store Shop 102, 1/F, Lei Muk Shue Shopping Centre, Lei Muk Shue Estate, Kwai Chung, N.T.",便利店 梨木商場OK便利店,"Shop 102, 1/F, Lei Muk Shue Shopping Centre, Lei Muk Shue Estate, Kwai Chung, N.T.",新界葵涌梨木商場1樓102號鋪OK #266*,,07:00-21:00,07:00-21:00,22.377747,114.136735,Kwai Tsing District,葵青區,Kwai Chung,葵涌,partner,"3,6,7",false
852LA2006,OK #597,石蔭商場OK便利店,"Shop 12-13, G/F, Shek Yam Shopping Centre, 120 Lei Muk Rd, Kwai Chung",葵涌梨木道120號石蔭邨石蔭商場地下12-13號鋪OK #597*,,07:00-23:00,07:00-23:00 周六:07:00-23:00 周日:07:00-23:00 節假日:07:00-23:00,22.3719826,114.138524,Kwai Tsing District,葵青區,Kwai Chung,葵涌,partner,"3,6,7",false
852LA3004,Indiv. Store KK Supermarket,合作點 佳佳超市,"Shop No.3&4, G/F, Shek Ning Hse, Shek Lei Est, Kwai Chung, NT*",新界葵涌石籬村石寧樓地下3&4號鋪 佳佳超市*,,00:00-23:00,00:00-23:00,22.3617231,114.1375233,Kwai Tsing District,葵青區,Kwai Chung,葵涌,partner,"3,6,7",false
852LA3008,GS集運王瑞景大廈,合作店 GS集運王瑞景大廈,"Shop 13，1/F，Shui King Building，152 Wo Yi Hop Road, Kwai Tsing, NT*",葵涌和宜和道瑞景大廈商場一樓13號鋪(GS集運王瑞景大廈)*,,13:30-19:30,13:30-19:30 周六:13:30-19:30,22.369404,114.139203,Kwai Tsing District,葵青區,Kwai Chung,葵涌,partner,"3,6,7",false
852LAL,"Hang King Garden, Kwai Fong",葵涌恆景商場順豐站,"Shop G16, G/F, Hang King Garden, 9 Wing Fong Road*^,Kwai Chung,Kwai Tsing District,Hong Kong",香港葵青區葵涌榮芳路9號恆景花園恆景商場地下G16號*,60317464,Mon to Fri 11:00-22:00; Sun & Public Holidays 12:00-20:00; Sat 12:00-20:00,"周一至周五,11:00-22:00;周日及公眾假期,12:00-20:00;周六,12:00-20:00",22.360612,114.128044,Kwai Tsing District,葵青區,Kwai Chung,葵涌,station,"3,5,6,7",false
852LB,"Join In Hang Sing Centre, Kwai Chung",葵涌鐘意恆勝中心順豐站,"Unit 3, G/F, Join In Hang Sing Centre, 71-75 Container Port Rd*^,Kwai Chung,Kwai Tsing District,Hong Kong",香港葵青區葵涌貨櫃碼頭路71-75號鐘意恆勝中心地下3室*,55001079,Mon to Sat 09:00-20:00; Sun & Statutory Holidays Closed,"周一至周六,09:00-20:00;周日及勞工假期,休息",22.35516,114.125078,Kwai Tsing District,葵青區,Kwai Chung,葵涌,station,"1,3,5,6,7",true
852LB2001,"Conv. Store Shop 6, G/F, Chau Kwai House, Kwai Chung Estate Phase 1,Kwai Chung, N.T.",便利店 葵涌村OK便利店,"Shop 6, G/F, Chau Kwai House, Kwai Chung Estate Phase 1,Kwai Chung, N.T.",葵涌葵涌邨第一期秋葵樓地下6鋪OK #156*,,00:00-23:59,00:00-23:59,22.367355,114.130206,Kwai Tsing District,葵青區,Kwai Chung,葵涌,partner,"3,6,7",false
852LB2006,"Conv. Store Shop 2, G/F, Kwai Hing Shopping Centre, 2 Wo Kwai Lane, Kwai Chung, N.T.",便利店 葵興商場OK便利店,"Shop 2, G/F, Kwai Hing Shopping Centre, 2 Wo Kwai Lane, Kwai Chung, N.T.",新界葵涌葵興商場地下2號鋪OK #493*,,00:00-23:59,00:00-23:59,22.366719,114.132832,Kwai Tsing District,葵青區,Kwai Hing,葵興,partner,"3,6,7",false
852LB2007,"Shop No. 26 on G/F (Level 2), Kwai Chung Plaza, Nos. 7-11 Kwai Foo Road, Kwai Chung, New Territories",便利店 葵涌廣場OK便利店,"Shop No. 26 on G/F (Level 2), Kwai Chung Plaza, Nos. 7-11 Kwai Foo Road, Kwai Chung, New Territories",新界葵涌葵富路7-11號，葵涌廣場地下26號鋪OK #556*,,06:30-23:00,06:30-23:00,22.3584385,114.1274926,Kwai Tsing District,葵青區,Kwai Fong,葵芳,partner,"3,6,7",false
852LB2008,OK #186,便利店 OK #186,"Shop 2 G/F., Wing Fong Heights, No.180 Hing Fong Road & No.15 Shing Fong Street, Kwai Chung",葵涌盛芳街15號運芳樓地下2號鋪 OK #186,,00:00-24:00,00:00-24:00 周六:00:00-24:00 周日:00:00-24:00 節假日:00:00-24:00,22.3599705,114.1278484,Kwai Tsing District,葵青區,Kwai Chung,葵涌,partner,"3,6,7",false
852LB2009,OK #558,便利店 綠翠樓地下OK,"Shop No. 1, G/F, Luk Tsui House, Kwai Tsui Estate",葵翠邨綠翠樓地下1號鋪*OK #558,,00:00-00:00,00:00-00:00 周六:00:00-00:00 周日:00:00-00:00 節假日:00:00-00:00,22.356424,114.128518,Kwai Tsing District,葵青區,Kwai Chung,葵涌,partner,"3,6,7",false
852LB3001,"Shop A7A, Kwai Chung Centre,  102 Kwai Hing Road, Kwai Chung, NT",合作點 AMI自提點,"Shop A7A, Kwai Chung Centre,  102 Kwai Hing Road, Kwai Chung, NT*",香港葵青區葵涌葵涌中心A12 AMI 葵興自提點*,,12:00-20:00,12:00-20:00 周六:12:00-20:00,22.3637859,114.129644,Kwai Tsing District,葵青區,Kwai Chung,葵涌,partner,"3,6,7",false
852LB3008,星通貿易,合作店 星通貿易,"Shop 114C , G/F, Kwai Shing East Estate Shopping Centre,Kwai Chung, N.T.*",新界葵涌葵盛圍63號葵盛東商場114C 集運天下*,,12:00-21:00,12:00-21:00 周六:12:00-21:00 周日:15:00-21:00,22.364163,114.127057,Kwai Tsing District,葵青區,Kwai Chung,葵涌,partner,"3,6,7",false
852LBL,"Tai Loong Street, Kwai Chung",葵涌大隴街葵都大廈順豐站,"Shop 7, G/F, Kwai Do Building, 129-151 Tai Loong Street*^,Kwai Chung,Kwai Tsing District,Hong Kong",香港葵青區葵涌大隴街129-151號葵都大廈地下7號鋪*,60317464,Mon to Fri 11:00-21:00; Sun & Public Holidays 12:00-20:00; Sat 12:00-20:00,"周一至周五,12:00-21:00;周日及公眾假期,12:00-20:00; 周六, 12:00-20:00 ",22.366191,114.138658,Kwai Tsing District,葵青區,Kwai Chung,葵涌,station,"1,3,5,6,7",true
852LC,"King Center, Kwai Chung",葵涌嘉慶中心順豐站,"Unit B, G/F, King Center, Nos. 5-9 Ka Hing Road*^,Kwai Chung,Kwai Tsing District,Hong Kong",香港葵青區葵涌嘉慶路5-9號嘉慶中心地下B鋪*,55001079,Mon to Sat 09:00-20:00; Sun & Statutory Holidays Closed,"周一至周六,09:00-20:00;周日及勞工假期,休息",22.359647,114.131859,Kwai Tsing District,葵青區,Kwai Chung,葵涌,station,"1,3,5,6,7",true
852M,"Man Lok Building, Sheung Wan",上環文樂商廈順豐站,"Shop A, G/F, Man Lok Building, No. 91 Bonham Strand & No. 117 Wing Lok Street*^,Sheung Wan,Central and Western District,Hong Kong",香港中西區上環文咸東街91號及永樂街117號文樂商業大廈地下A號鋪*,64686106,Mon to Sat 09:00-20:00; Sun & Statutory Holidays 09:.00-18:00,"周一至周六,09:00-20:00;周日及勞工假期,09:00-18:00",22.286022,114.151342,Central and Western District,中西區,Sheung Wan,上環,station,"1,3,5,6,7",true
852M2002,"Shop 1 G/F, 10-16 Cochrane Street, Central, Hong Kong",便利店 閣麟街OK便利店,"Shop 1 G/F, 10-16 Cochrane Street, Central, Hong Kong",香港中環閣麟街10-16號致發大廈地下1號鋪OK #188*,,00:00-23:59,00:00-23:59,22.28317,114.154638,Central and Western District,中西區,Central,中環,partner,"3,6,7",false
852M2015,"Conv. Store Shop A, G/F , 64 Centre Street, Sai Wan, HK",便利店 正街OK便利店,"Shop A, G/F , 64 Centre Street, Sai Wan, HK",香港西環正街64號地下A號鋪OK #507*,,07:00-23:00,07:00-23:00,22.284969,114.14207,Central and Western District,中西區,Sai Wan,西環,partner,"3,6,7",false
852M2016,"Conv. Store Shop A on G/F., & Cloak Room on LG/F., Kam Ning Mansion, Nos. 13 & 15 Bonham Road, Hong Kong",便利店 般咸道OK便利店,"Shop A on G/F., & Cloak Room on LG/F., Kam Ning Mansion, Nos. 13 & 15 Bonham Road, Hong Kong",香港般咸道13-15號金寧大廈地下A號鋪連低層地下OK #544*,,00:00-23:59,00:00-23:59,22.284508,114.14294,Central and Western District,中西區,Sai Ying Pun,西營盤,partner,"3,6,7",false
852M3001,"Indiv. Store G/F, 53 San Hing Street, Cheung Chau, New Territories",合作點 長洲橫店百貨,"G/F, 53 San Hing Street, Cheung Chau *",香港長洲新興街53號 橫店百貨*,,11:00-20:00,11:00-20:00 周六:10:00-18:00 周日:10:00-13:00,22.21007316,114.0286754,Cheung Chau District,長洲區,Cheung Chau,長洲,partner,"1,3,6,7",true
852M3002,"CHIU DIM G/F 122, Tai Sua Back Street, Cheung Chau",合作點 潮點集運,G/F 122 TAI SAN BACK STREET CHEUNG CHAU HK *,香港長洲大新後街122號地下潮點集運*,,12:00-21:00,12:00-21:00 周六:12:00-19:00,22.207618906393723,114.02946379392901,Cheung Chau District,長洲區,Cheung Chau,長洲,partner,"3,6,7",false
852MA,"Siu Cheung Fong, Sai Ying Pun",西營盤兆祥坊順豐站,"Shop A2, G/F, Siu Cheung Building, Siu Cheung Fong, No. 4A Chiu Kwong Street*^,Sai Ying Pun,Central and Western District,Hong Kong",香港中西區西營盤朝光街4A號兆祥坊A2地下*,59039602,Mon to Sat 09:00-20:00; Sun & Statutory Holidays Closed,"周一至周六,09:00-20:00;周日及勞工假期,休息",22.287374,114.139597,Central and Western District,中西區,Sai Ying Pun,西營盤,station,"1,3,5,6,7",true
852MA2002,"G/F, 333 & 335 Des Voeux Road West, Sai Wan, HK",便利店 德輔道西333號OK便利店,"G/F, 333 & 335 Des Voeux Road West, Sai Wan, HK",香港西環德輔道西333及335號地下OK #284*,,00:00-23:59,00:00-23:59,22.287525,114.138544,Central and Western District,中西區,Sai Wan,西環,partner,"3,6,7",false
852MA2006,"Shop D & H, G/F, Sea View Mansion,  21-27 Sutherland Street, Sheung Wan, HK",便利店 海景大廈OK便利店,"Shop D & H, G/F, Sea View Mansion,  21-27 Sutherland Street, Sheung Wan, HK",香港上環修打蘭街21-27號海景大廈地下D及H號鋪OK #413*,,07:00-22:00,07:00-22:00 周六:07:00-22:00,22.288279,114.146147,Central and Western District,中西區,Sheung Wan,上環,partner,"3,6,7",false
852MA2009,"Conv. Store Ground Floor, 202 Centre, No. 202 Des Voeux Road West, Hong Kong",便利店 德輔道西202號OK便利店,"Ground Floor, 202 Centre, No. 202 Des Voeux Road West, Hong Kong",香港德輔道西202號202中心地下OK #599*,,00:00-23:59,00:00-23:59,22.2877229,114.1407293,Central and Western District,中西區,Sai Ying Pun,西營盤,partner,"3,6,7",false
852MA2010,卑路乍街OK便利店,卑路乍街OK便利店,"Shop 6, G/F, Sands House, 39 Belcher's st & 18 Sands st, Kennedy Town, HK",香港卑路乍街39號及山市街18號山市樓地下6號鋪OK #706*,,00:00-23:59,00:00-23:59,22.2834742,114.130063,Central and Western District,中西區,Kennedy Town,堅尼地城,partner,"3,6,7",false
852MA2012,OK #433,便利店 德輔道西232號地下OK,"G/F., No. 232 Des Voeux Road West, Hong Kong",香港德輔道西232號地下OK #433*,,00:00-00:00,00:00-00:00 周六:00:00-00:00 周日:00:00-00:00 節假日:00:00-00:00,22.287852,114.142074,Central and Western District,中西區,Sai Ying Pun,西營盤,partner,"3,6,7",false
852MA2013,OK#727,便利店 聯威新樓地下OK,"Shop A on Ground Floor, Luen Wai Apartments, Nos.136, 136A, 138, 140 & 142 Belcher’s Street, Nos. 7 & 7A Davis Street, Hong Kong","香港爹核士街7號,卑路乍街142號,聯威新樓地下A號鋪OK#727*",,00:00-00:00,00:00-00:00 周六:00:00-00:00 周日:00:00-00:00 節假日:00:00-00:00,22.282294,114.126955,Central and Western District,中西區,Sai Ying Pun,西營盤,partner,"3,6,7",false
852MA3002,樹熊屋自取站,合作店 樹熊屋自取站,"Shop 13B,, G/F Kwan Yick BLDG Phase 2, 343 Des Voeux Road West, HK*",西營盤德輔道西343號均益大廈2期13號B鋪（樹熊屋自取站）*,,13:00-19:00,13:00-19:00 周六:13:00-19:00,22.287515,114.138044,Central and Western District,中西區,Sai Ying Pun,西營盤,partner,"3,6,7",false
852MA3007,盈盈乾洗,合作店 盈盈乾洗,"G/F，No.7 North Street，Kennedy Town,HK*",堅尼地城北街7號地鋪(盈盈乾洗)*,,09:00-20:00,09:00-20:00 周六:09:00-20:00,22.283913,114.128915,Central and Western District,中西區,Kennedy Town,堅尼地城,partner,"3,6,7",false
852MA3009,花膠雜貨小店,合作店 花膠雜貨小店," Room 5,20/F,Kaiser Centre,18 Centre St,Sai Ying Pun*",西營盤正街18號啟正中心20樓05室(花膠雜貨小店)*,,13:00-19:00,13:00-19:00 周六:13:00-17：00,22.287581,114.142192,Central and Western District,中西區,Sai Ying Pun,西營盤,partner,"3,6,7",false
852MA3010,富麗美沖印,合作店 富麗美沖印,"Shop 2J ,Kam Ho Court，144-148 Belcher's Street,Kennedy Town*",堅尼地城卑路乍街144-148號金豪閣2J鋪（富麗美）*,,12:00-20:00,12:00-20:00 周六:12:00-20:00 周日:12:00-20:00 節假日:12:00-20:00,22.282224,114.12674,Central and Western District,中西區,Kennedy Town,堅尼地城,partner,"3,6,7",false
852MA3011,田園坊,合作店 田園坊,"Shop A ,G/F,Kuk Fung Building,30 Catchick Street,Kennedy Town*",香港堅尼地城吉席街30號吉豐大廈地下A鋪 田園坊*,,12:00-20:30,12:00-20:30 周六:12:00-20:30 周日:12:00-18:00 節假日:12:00-18:00,22.2831362,114.12683689,Central and Western District,中西區,Kennedy Town,堅尼地城,partner,"3,6,7",false
852MA3013,士美菲自提點,合作店 士美菲自提點,"Shop H, G/F, Luen Hing New Building, 47 Smithfield Road, Central Sheung Wan((15:00-16:00 Closed)*",士美菲路47號聯興新樓地下H鋪(近地鐵站C出口)士美菲自提點(15:00-16:00午休)*,,12:00-20:00,12:00-20:00 周六:12:00-20:00,22.282142,114.128077,Central and Western District,中西區,Kennedy Town,堅尼地城,partner,"3,6,7",false
852MA3015, 第一街自提點,合作店 第一街自提點,FLAT /RM 77B G/F FIRST STREET SAI YING PUN(15:00-16:00 Closed)*,香港中西區西營盤第一街77B號地下 第一街自提點(15:00-16:00午休)*,,12:00-19:30,12:00-19:30 周六:12:00-19:30 周日:12:00-16:00,22.2867859,114.1420157,Central and Western District,中西區,Sai Ying Pun,西營盤,partner,"3,6,7",false
852MA3016,均益一期自提點,合作店 均益一期自提點,SHOP 29A2 G/F KWAN YIK BUILDING PHASE 1 O. 430-440A DES VOEUX RD WEST(15:00-16:00 Closed)*,德輔道西430-440A均益一期地下29A2號鋪(均益一期自提點)(15:00-16:00午休)*,,12:00-19:30,12:00-19:30 周六:12:00-19:30 周日:12:00-16:00,22.2875205,114.1377993,Central and Western District,中西區,Sai Ying Pun,西營盤,partner,"3,6,7",false
852MA3017,港大集運自提點,合作店 港大集運自提點,"（Rear Block）G/F ,Wing Wah Mansion 425Z QUEENS ROAD WEST Shek Tong Tsui*",石塘咀皇后大道西425Z永華大廈後座地鋪（港大集運自提點）*,,10:30-19:30,10:30-19:30 周六:10:30-19:30 周日:10:30-19:30,22.285959,114.136271,Central and Western District,中西區,Sai Ying Pun,西營盤,partner,"3,6,7",false
852MB,"Winbase Centre, Central",中環勝基中心順豐站,"Unit D, G/F, Winbase Centre, No. 208 Queen's Road Central*^,Central,Central and Western District,Hong Kong",香港中西區中環皇后大道中208號勝基中心地下D鋪*,93299023,Mon to Sat 09:00-20:00; Sun & Statutory Holidays Closed,"周一至周六,09:00-20:00;周日及勞工假期,休息",22.284683,114.152098,Central and Western District,中西區,Central,中環,station,"1,3,5,6,7",true
852MB2001,OK#589,便利店 業豐大廈地下E鋪 OK,"Shop E on Ground Floor (G/F of No. 10 D’Aguilar Street), Yip Fung Building, Nos. 2, 4, 6, 8 & 10 D’Aguilar Street, Hong Kong","香港德己立街 2, 4, 6, 8 及 10號，業豐大廈地下E鋪 OK#589*",,00:00-00:00,00:00-00:00 周六:00:00-00:00 周日:00:00-00:00 節假日:00:00-00:00,22.281492,114.156063,Central and Western District,中西區,Central,中環,partner,"3,6,7",false
852MC2001,"Conv. Store Shop 2C on Ground Floor, Harbour View Garden Tower III, 2 Catchick Street, HK",便利店 吉席街OK便利店,"Shop 2C on Ground Floor, Harbour View Garden Tower III, 2 Catchick Street, HK",香港堅尼地城吉席街2號海怡花園2期3座地下2C鋪OK #584*,,07:00-00:00,07:00-00:00,22.2833392,114.1293274,Central and Western District,中西區,Kennedy Town,堅尼地城,partner,"3,6,7",false
852MC2002,OK #731,便利店 輝煌台地下1及2號鋪OK,"Shop Nos. 1 & 2 on Ground Floor, Fairview Height, No.1 Seymour Road, Hong Kong",香港西摩道1號輝煌台地下1及2號鋪 OK #731*,,07:00-23:00,07:00-23:00 周六:07:00-23:00 周日:07:00-23:00 節假日:07:00-23:00,22.280355,114.150742,Central and Western District,中西區,Sai Wan,西環,partner,"3,6,7",false
852MD,"Ka On Building, Sheung Wan",上環嘉安大廈順豐站,"Shop No. 15, G/F, Ka On Building, Nos. 8-14 Connaught Road West, Nos. 15-27 New Market Street*^,Sheung Wan,Central and Western District,Hong Kong",香港中西區上環新街市街15-27號，干諾道西8-14號嘉安大廈地下15號鋪*,64628189,Mon to Sat 09:00-20:00; Sun & Statutory Holidays Closed,"周一至周六,09:00-20:00;周日及勞工假期,休息",22.287469,114.149866,Central and Western District,中西區,Sheung Wan,上環,station,"1,3,5,6,7",true
852MD2001,OK #720,便利店 OK #720,"All That Portion of Shop A1 (including the portion of external walls thereof) on G/F, Arion Commercial Centre, Nos. 2-12 Queen’s Road West, Hong Kong",香港皇后大道西2-12號聯發商業中心地下A1外牆OK #720*,,07:00-00:00,07:00-00:00 周六:07:00-00:00 周日:07:00-00:00 節假日:07:00-00:00,22.286333,114.148499,Central and Western District,中西區,Sheung Wan,上環,partner,"3,6,7",false
852MD3001,上環寶寶,合作店 上環寶寶,"Shop A42, 1 / F, Parkway Computer City Plaza (Lianfa Commercial Centre), 2-12 Queen's Road West, Sheung Wan, Hong Kong ‎‬‬‎‎‎*",香港上環皇后大道西2 -12號百匯電腦城廣場(聯發商業中心)1樓 A42鋪‎‬‬‎‎‎ 上環寶寶*,,11:00-19:00,11:00-19:00 周六:13:00-18:00,22.2863832,114.14824829,Central and Western District,中西區,Sheung Wan,上環,partner,"3,6,7",false
852NAL,"Jat Min Chuen, Sha Tin",沙田乙明邨明信樓順豐站,"Shop No. 51, G/F, Ming Shun Lau, No.3 Jat Min Chuen Street*^,Sha Tin,Sha Tin District,Hong Kong",香港沙田區沙田乙明邨街3號明信樓地下51號鋪*,64635237,Mon to Fri 11:00-21:00; Sun & Public Holidays 12:00-20:00; Sat 12:00-20:00,"周一至周五,12:00-21:00;周日及公眾假期,12:00-20:00, 周六, 12:00-20:00",22.376665,114.191045,Sha Tin District,沙田區,Sha Tin,沙田,station,"1,3,5,6,7",true
852NBL,"Hin Keng Estate, Tai Wai",大圍顯徑商場順豐站,"Shop No. 203, First Floor, Commercial / Car Park Complex (Wing A of Hin Keng Shopping Centre), Hin Keng Estate, No. 69 Che Kung Mui Road*^,Tai Wai,Sha Tin District,Hong Kong",香港沙田區大圍車公廟道69號顯徑邨顯徑商場1樓203號鋪*,64687323,Mon to Fri 11:00-21:00; Sun & Public Holidays 12:00-20:00; Sat 12:00-20:00,"周一至周五,12:00-21:00;周日及公眾假期,12:00-20:00, 周六, 12:00-20:00",22.363498,114.172104,Sha Tin District,沙田區,Tai Wai,大圍,station,"3,5,6,7",false
852NC,"Lai Cheong Factory Building, Lai Chi Kok",荔枝角麗昌工廠大廈順豐站,"Unit No. 3, G/F, Lai Cheong Factory Building, Nos, 479-479A Castle Peak Road*^,Lai Chi Kok,Sham Shui Po District,Hong Kong",香港深水埗區荔枝角荔枝角青山道479-479A號麗昌工廠大廈地下3號鋪*,67911146,Mon to Sat 09:00-20:00; Sun & Statutory Holidays Closed,"周一至周六,09:00-20:00;周日及勞工假期,休息",22.339117,114.151229,Sham Shui Po District,深水埗區,Lai Chi Kok,荔枝角,station,"1,3,5,6,7",true
852NC2001,OK#182,便利店 富榮花園地下OK,"Shop No.32 & 33 G/F., Site 2 Charming Garden, No.8 Hoi Ting Road, Kowloon",旺角西海泓道富榮花園地下32-33號鋪OK#182*,,00:00-00:00,00:00-00:00 周六:00:00-00:00 周日:00:00-00:00 節假日:00:00-00:00,22.314235,114.164474,Sham Shui Po District,深水埗區,Lai Chi Kok,荔枝角,partner,"3,6,7",false
852NC2002,OK #565,便利店 奧海城3期UG02號鋪OK,"Shop No. UG/F 02, Floor UG, Olympian City 3, 1 Hoi Wang Road, South West Kowloon",西九龍海泓道1號奧海城3期地上一層UG02號鋪OK #565*,,07:00-23:00,07:00-23:00 周六:07:00-23:00 周日:07:00-23:00 節假日:07:00-23:00,22.317423,114.164762,Sham Shui Po District,深水埗區,Lai Chi Kok,荔枝角,partner,"3,6,7",false
852NC2003,OK #736,便利店 美孚新邨OK,"ALL THAT PORTION OF SHOP A OF AND IN ALL THOSE SHOPS NOS.70A & 71 ON THE GROUND FLOOR OF NOS.41-49, 51-68, 70-90 BROADWAY, NOS.6-8 GLEE PATH, MEI FOO SUN CHUEN, KOWLOON , HONG KONG",九龍美孚新邨吉利徑6-8號，百老匯街71號A鋪 OK #736*,,00:00-00:00,00:00-00:00 周六:00:00-00:00 周日:00:00-00:00 節假日:00:00-00:00,22.336116,114.140035,Sham Shui Po District,深水埗區,Lai Chi Kok,美孚,partner,"3,6,7",false
852NC2004,OK #763*,便利店 南昌薈地下G18號鋪OK,"Shop No. G18, Ground Floor, Multi-Storey Commercial Accommodation",九龍深水埗富昌邨南昌薈地下G18號鋪OK #763*,,00:00-00:00,00:00-00:00 周六:00:00-00:00 周日:00:00-00:00 節假日:00:00-00:00,22.3279538,114.1546776,Sham Shui Po District,深水埗區,Lai Chi Kok,荔枝角,partner,"3,6,7",false
852NC3001,"Indiv. Store Shop G, G/F, 31 Lai Bo Garden, 383 Po On Road, Cheung Sha Wan, KL",合作點 弘嶺,"Shop G, G/F, 31 Lai Bo Garden, 383 Po On Road, Cheung Sha Wan(14:30-15:30 Closed)*",長沙灣保安道383號麗寶商場31號G鋪(14:30-15:30午休) 弘嶺*,,12:00-21:00,12:00-21:00 周六:12:00-18:00 周日:14:00-18:00,22.3405351,114.1548357,Sham Shui Po District,深水埗區,Sham Shui Po,深水埗,partner,"3,6,7",false
852NC3002,螢火蟲自提點,合作店 螢火蟲自提點,"Shop N15D, G/F, 15 Nassau Street, Mei Foo, KLN*",美孚新邨第五期蘭秀道15 號N15D 地鋪(螢火蟲自提點)*,,11:00-20:00,11:00-20:00 周六:11:00-20:00 周日:11:00-16:00,22.339134,114.139125,Sham Shui Po District,深水埗區,Lai Chi Kok,美孚,partner,"3,6,7",false
852NC3003,MY STYLE,合作店 MY STYLE,"Shop 117,Mei Foo Sun Chuen Phase4,KLN*",美孚新邨四期平台117鋪（MY STYLE）*,,12:00-19:00,12:00-19:00 周六:12:00-19:00,22.336145,114.141019,Sham Shui Po District,深水埗區,Lai Chi Kok,美孚,partner,"3,6,7",false
852NDL,"Fu Hing Street, Sheung Shui",上水符興街順豐站,"G/F, 4 Fu Hing Street*^,Sheung Shui,North District,Hong Kong",香港北區上水符興街4號地下*,64781595,Mon to Fri 10:00-22:00; Sun & Public Holidays 12:00-20:00; Sat 12:00-20:00,"周一至周五,10:00-22:00;周日及公眾假期,12:00-20:00;周六,12:00-20:00",22.504559,114.129232,North District,北區,Sheung Shui,上水,station,"1,3,5,6,7",true
852NFL,"Wo Tai Street, Fanling",粉嶺和泰街順豐站,"Shop A, G/F, 17 Wo Tai Street, Luen Wo Market*^,Fanling,North District,Hong Kong",香港北區粉嶺聯和墟和泰街17號地下A鋪*,64688642,Mon to Fri 11:00-22:00; Sun & Public Holidays 12:00-20:00; Sat 12:00-20:00,"周一至周五,11:00-22:00;周日及公眾假期,12:00-20:00;周六,12:00-20:00",22.499148,114.141684,North District,北區,Fanling,粉嶺,station,"3,5,6,7",false
852NJL,"Lek Yuen Estate, Sha Tin",沙田瀝源邨華豐樓順豐站,"Shop ST5, G/F, Wah Fung House, Lek Yuen Estate, 6 Lek Yuen Street*^,Sha Tin,Sha Tin District,Hong Kong",香港沙田區沙田瀝源街6號瀝源邨華豐樓地下ST5號鋪*,64687323,Mon to Fri 11:00-21:00; Sun & Public Holidays 12:00-20:00; Sat 12:00-20:00,"周一至周五,12:00-21:00;周日及公眾假期,12:00-20:00;周六,12:00-20:00",22.384203,114.191595,Sha Tin District,沙田區,Sha Tin,沙田,station,"1,3,5,6,7",true
852NLL,"Fu Shin Shopping Centre, Tai Po",大埔富善商場順豐站,"Shop F122B on 1/F., Fu Shin Shopping Centre*^,Tai Po,Tai Po District,Hong Kong",香港大埔區大埔安埔路12號富善商場1樓F122B號鋪*,64688642,Mon to Fri 11:00-20:30; Sun & Public Holidays 12:00-20:00; Sat 12:00-20:00,"周一至周五,12:00-21:00;周日及公眾假期,12:00-20:00, 周六, 12:00-20:00",22.45388,114.17461,Tai Po District,大埔區,Tai Po,大埔,station,"1,3,5,6,7",true
852NPTM,"Fung Full Plaza, North Point",北角豐富商場順豐站,"Shop 8, G/F, Fung Full Plaza, 480 King's Road*^,North Point,Eastern District,Hong Kong",香港東區北角英皇道480號豐富商場地下8號鋪*,64634947,Mon to Fri 10:00-22:00; Sun & Public Holidays 12:00-20:00; Sat 12:00-20:00,"周一至周五,11:00-22:00;周日及公眾假期,12:00-20:00;周六,12:00-20:00",22.29089,114.20129,Eastern District,東區,North Point,北角,station,"1,3,5,6,7",true
852P,"Hoi Shing Building, Fortress Hill",炮台山海城洋樓順豐站,"Shop E, G/F, Hoi Shing Building, 141-155 Electric Road, 1-1B Whitefield Road*^,Fortress Hill,Eastern District,Hong Kong","香港東區炮台山威非路道1-1B號, 電氣道141-155號海城洋樓地下E鋪*",64686104,Mon to Sat 09:00-20:00; Sun & Statutory Holidays Closed,"周一至周六,09:00-20:00;周日及勞工假期,休息",22.286323,114.191308,Eastern District,東區,Fortress Hill,炮台山,station,"1,3,5,6,7",true
852P2004,"Unit 5, G/F, Block 1-3 Podium, City Garden, 233 Electric Road, North Point, HK",城市花園OK便利店,"Unit 5, G/F, Block 1-3 Podium, City Garden, 233 Electric Road, North Point, HK","香港北角電器道233號城市花園1,2及3座平台地下5號鋪OK #237*",,00:00-23:59,00:00-23:59,22.290551,114.194663,Eastern District,東區,North Point,北角,partner,"3,6,7",false
852P2006,"G/F, 22 Fort Street, North Point, HK",堡壘街OK便利店,"G/F, 22 Fort Street, North Point, HK",香港北角堡壘街22號地下OK #321*,,00:00-23:59,00:00-23:59,22.289652,114.197023,Eastern District,東區,North Point,北角,partner,"3,6,7",false
852P2008,"Shop H, G/F, Kiu Hing Mansion, 14 King's Road, Tin Hau, HK",便利店 僑興大廈OK便利店,"Shop H, G/F, Kiu Hing Mansion, 14 King's Road, Tin Hau, HK",香港天後英皇道14號僑興大廈地下1H號鋪OK #410*,,00:00-23:59,00:00-23:59,22.282758,114.192646,Eastern District,東區,Tin Hau,天後,partner,"3,6,7",false
852P2010,"Shop A, G/F, Healthy Village Phase1, Tsat Tsz Mui Rd, Tsat Tsz Mui, HK",健康村OK便利店,"Shop A, G/F, Healthy Village Phase1, Tsat Tsz Mui Rd, Tsat Tsz Mui, HK",香港北角七姊妹道健康邨1期地下1樓A號鋪OK #596*,,00:00-23:59,00:00-23:59,22.2918694,114.206093,Eastern District,東區,North Point,北角,partner,"3,6,7",false
852P2011,OK #196,便利店 昌苑大廈OK,"Shop No.4, G/F., Cheong Yuen Apartments, Nos.2,4,6,8,8A Tsat Tsz Mui Road, North Point","北角七姊妹道2,4,6,8及8A,昌苑大廈地下4號鋪OK #196 *",,00:00-00:00,00:00-00:00 周六:00:00-00:00 周日:00:00-00:00 節假日:00:00-00:00,22.290518,114.200828,Eastern District,東區,Fortress Hill,炮台山,partner,"3,6,7",false
852P2012,OK #554,便利店 英皇道484號地下OK,"G/F, No. 484 King’s Road, Hong Kong",香港英皇道484號地下OK #554*,,06:00-23:00,06:00-23:00 周六:06:00-23:00 周日:06:00-23:00 節假日:06:00-23:00,22.291291,114.201451,Eastern District,東區,Fortress Hill,炮台山,partner,"3,6,7",false
852P2013,OK#289,便利店 英皇中心地下OK,"Shop No.25-27, G/F., King's Centre, 193-209 King's Road, Hong Kong",香港英皇道193-209號英皇中心地下25-27號鋪OK#289*,,00:00-00:00,00:00-00:00 周六:00:00-00:00 周日:00:00-00:00 節假日:00:00-00:00,22.289594,114.194334,Eastern District,東區,Fortress Hill,炮台山,partner,"3,6,7",false
852P2014,OK#735,便利店 冠貿商業大廈OK,"G/F., Morecrown Commercial Building, 108 Electric Road, North Point, Hong Kong",香港北角電氣道108號冠貿商業大廈地下OK#735*,,07:00-23:00,07:00-23:00 周六:07:00-23:00 周日:07:00-23:00 節假日:07:00-23:00,22.285031,114.191634,Eastern District,東區,Fortress Hill,炮台山,partner,"3,6,7",false
852P2015,OK#400,便利店 金都洋樓OK,"Shop Nos. 9 & 9A, G/F., Kam Tao Building, 2-10B Whitfield Road, Hong Kong",香港威非路道2-10B號金都洋樓9及9A號鋪OK#400*,,07:00-23:00,07:00-23:00 周六:07:00-23:00 周日:07:00-23:00 節假日:07:00-23:00,22.286546,114.191235,Eastern District,東區,Fortress Hill,炮台山,partner,"3,6,7",false
852P2016,OK#732,便利店 皇冠大廈OK,"Shop No.19 on Ground Floor, Coronet Court, Nos.321-333 King’s Road & Nos. 1, 3, 5, 7, 7A, 9 & 9A North Point Road, Hong Kong",香港英皇道321-333號及北角道1、3、5、7、7A、9及9A號皇冠大廈地下19號鋪OK#732*,,07:00-23:00,07:00-23:00 周六:07:00-23:00 周日:07:00-23:00 節假日:07:00-23:00,22.290735,114.196611,Eastern District,東區,Fortress Hill,炮台山,partner,"3,6,7",false
852P3005,"Indiv. Store G/F, Yen Dack Building, 107 Chun Yeung Street, North Point",合作點 名豐大藥房,"G/F, Yen Dack Building, 107 Chun Yeung Street, North Point,HK*",香港北角春秧街107號仁德大廈地下 名豐大藥房*,,08:30-19:30,08:30-19:30 周六:08:30-19:30 周日:08:30-19:30 節假日:08:30-19:30,22.291741,114.198354,Eastern District,東區,North Point,北角,partner,"3,6,7",false
852P3006,美佳,合作店 美佳,"Shop 20,G/F,Ming Fai Shopping Centre,No.20-36 Wharf Rd,North Point,HK*",北角和富道20-36號明暉商場地下20號鋪（美佳）*,,12:00-20:00,12:00-20:00 周六:12:00-20:00 周日:13：00-15:00,22.2916,114.195658,Eastern District,東區,North Point,北角,partner,"3,6,7",false
852PA2001,"Shop 14, G/F, Oi Tung Shopping Centre, Shau Kei Wan, HK",愛東商場OK便利店,"Shop 14, G/F, Oi Tung Shopping Centre, Shau Kei Wan, HK",香港筲萁灣愛東商場地下14號鋪OK #189*,,00:00-23:59,00:00-23:59,22.280968,114.227949,Eastern District,東區,Shau Kei Wan,筲箕灣,partner,"3,6,7",false
852PA2004,"Conv. Store Shop H1 & H2, G/F, Blk 1, Kornhill, Tai Koo, HK",便利店 康山花園OK便利店,"Shop H1 & H2, G/F, Blk 1, Kornhill, Tai Koo, HK*",香港太古康山花園第一座地下H1-H2號鋪OK #39*,,07:00-23:00,07:00-23:00 周六:07:00-23:00 周日:07:00-23:00 節假日:07:00-23:00,22.285093,114.215407,Eastern District,東區,Tai koo,太古,partner,"3,6,7",false
852PA2008,"Shop B, G/F, The Eastborne, 51 Shau Kei Wan Main St East, Shau Kei Wan, HK",東大街OK便利店,"Shop B, G/F, The Eastborne, 51 Shau Kei Wan Main St East, Shau Kei Wan, HK",香港筲箕灣東大街51號東灣閣地下B號鋪OK #499*,,06:30-23:30,06:30-23:30,22.280321,114.230548,Eastern District,東區,Shau Kei Wan,筲箕灣,partner,"3,6,7",false
852PA2009,"No.16, G/F., Hoi Kwong Court, Nos. 13-15 Hoi Kwong Street, Hong Kong",便利店 海光苑OK便利店,"No.16, G/F., Hoi Kwong Court, Nos. 13-15 Hoi Kwong Street, Hong Kong",香港海光街13-15號海光苑地下16號鋪OK #348*,,00:00-23:59,00:00-23:59,22.2873867,114.2160681,Eastern District,東區,Quarry Bay,鰂魚涌,partner,"3,6,7",false
852PA3004,"Shop 20A, G/F, Yick Fat Building, 1048 King's Road, Quarry Bay, Hong Kong",合作點 速寄2,"Shop Z2 Basement,Opposite to Shop,1056 King's Road, Quarry Bay, Hong Kong*",香港鰂魚涌英皇道1056號東匯坊商場地庫Z2號鋪（鰂魚涌圖書館對面 速寄2*,,12:00-20:00,12:00-20:00 周六:12:00-20:00 節假日:12:00-20:00,22.284465,114.212692,Eastern District,東區,Quarry Bay,鰂魚涌,partner,"3,6,7",false
852PA3006,"Indiv. Store G/F, 20 Tai Shek Street, Sai Wan Ho, Hong Kong",合作點 平記工程,"G/F, 20 Tai Shek Street, Sai Wan Ho, Hong Kong*",香港西灣河大石街20號地鋪 平記工程*,,12:00-20:00,12:00-20:00,22.2821029,114.22117,Eastern District,東區,Sai Wan Ho,西灣河,partner,"3,6,7",false
852PA3012,海光自提點,合作店 海光自提點,"Shop 2A3,Hoi Kwong Court Shopping Arcade，Quarry Bay*",香港鰂魚涌海光商場2A3號鋪 (海光自提點)*,,12:00-19:30,12:00-19:30 周六:12:00-19:30 周日:12:00-16:00,22.287643,114.210886,Eastern District,東區,Quarry Bay,鰂魚涌,partner,"3,6,7",false
852PAL,"Smiling Shaukeiwan Plaza, Shau Kei Wan",筲箕灣天悅廣場順豐站,"Shop 1142 & 1143, 1/F, Smiling Shaukeiwan Plaza, 17 Nam Hong Street*^,Shau Kei Wan,Eastern District,Hong Kong",香港東區筲箕灣南康街17號天悅筲箕灣廣場1樓1142及1143號鋪*,64634947,Mon to Fri 11:00-21:00; Sun & Public Holidays 12:00-20:00; Sat 12:00-20:00,"周一至周五,12:00-21:00;周日及公眾假期,12:00-20:00; 周六, 12:00-20:00",22.2776522,114.226465,Eastern District,東區,Shau Kei Wan,筲箕灣,station,"3,5,6,7",false
852PB,"Yiko Industrial Building, Chai Wan",柴灣益高工廈順豐站,"Workshop B, G/F, Yiko Industrial Building, No. 10 Ka Yip Street*^,Chai Wan,Eastern District,Hong Kong",香港東區柴灣嘉業街10號益高工業大廈地下B室*,65089993,Mon to Sat 09:00-20:00; Sun & Statutory Holidays 09:00-18:00,"周一至周六,09:00-20:00;周日及勞工假期,09:00-18:00",22.26772,114.243764,Eastern District,東區,Chai Wan,柴灣,station,"1,3,5,6,7",true
852PB2001,"Conv. Store Shop 209-210, Wo Hing House, Hing Wah Estate (II), Chai Wan, Chai Wan, HK",便利店 興華村OK便利店,"Shop 209-210, Wo Hing House, Hing Wah Estate (II), Chai Wan, Chai Wan, HK",香港柴灣興華邨和興樓210號鋪OK #32*,,00:00-23:59,00:00-23:59,22.263077,114.232997,Eastern District,東區,Chai Wan,柴灣,partner,"3,6,7",false
852PB2005,"Conv. Store Kiosk HFC 5 & 6, Heng Fa Chuen MTR Station, Chai Wan, HK",便利店 杏花村港鐵OK便利店,"Kiosk HFC 5 & 6, Heng Fa Chuen MTR Station, Chai Wan, HK",香港杏花邨港鐵站HFC5及6號鋪OK #342*,,06:00-00:00,06:00-00:00,22.276657,114.239691,Eastern District,東區,Heng Fa Chuen,杏花邨,partner,"3,6,7",false
852PB2006,"Conv. Store Shop 6A, G/F, Siu Sai Wan Shopping Centre, Siu Sai Wan, HK",便利店 小西灣商場OK便利店,"Shop 6A, G/F, Siu Sai Wan Shopping Centre, Siu Sai Wan, HK",小西灣小西灣商場地下6A號鋪OK #390*,,00:00-23:59,00:00-23:59,22.262494,114.248725,Eastern District,東區,Siu Sai Wan,小西灣,partner,"3,6,7",false
852PB2007,Conv. Store OK #166,便利店 小西灣商場OK便利店,"Shop 410, F/4, Siu Sai Wan Plaza, 10 Siu Sai Wan Rd, Siu Sai Wan",柴灣小西灣商場四樓401號鋪OK #166*,,00:00-23:59,00:00-23:59,22.2629864,114.248958,Eastern District,東區,Siu Sai Wan,小西灣,partner,"3,6,7",false
852PB2008,Conv. Store OK #199,便利店 藍灣半島OK便利店,"Shop 18, G/F, Island Resort, 28 Siu Sai Wan Rd, Siu Sai Wan",香港小西灣道28號藍灣半島地下18號鋪OK #199*,,00:00-23:59,00:00-23:59,22.2664505,114.250896,Eastern District,東區,Siu Sai Wan,小西灣,partner,"3,6,7",false
852PB2009,Conv. Store OK #304,便利店 康翠台商場OK便利店,"Shop 3B, F/L5, Greenwood Terrace Commercial Block, 16 Tai Man St, Chai Wan",香港柴灣泰民街16號康翠台商場L5樓3A&3B號鋪OK #304*,,00:00-23:59,00:00-23:59,22.2670838,114.235063,Eastern District,東區,Chai Wan,柴灣,partner,"3,6,7",false
852PB3003,"Indiv. Store 7A G/F Man Wah Building, 7-7D Sui Man Road, Chai Wan, HK",合作點 歐亞汽車,"7A G/F Man Wah Building, 7-7D Sui Man Road, Chai Wan, HK*",柴灣萃文道7-7D號文華樓7A號鋪地下 歐亞汽車*,,12:00-19:30,12:00-19:30 周六:12:00-14:30,22.2618245,114.2339611,Eastern District,東區,Chai Wan,柴灣,partner,"3,6,7",false
852PB3004,"Indiv. Store Shop 81,82 G/F Block B Walton Estate Shopping Arcade, 341-343 Chai Wan Road, HK",合作點 愛麗絲,"Shop 81,82 G/F Block B Walton Estate Shopping Arcade, 341-343 Chai Wan Road, HK*","香港柴灣宏德居商場B座地下81,82號 愛麗斯*",,11:00-20:00,11:00-20:00,22.2641413,114.2399346,Eastern District,東區,Chai Wan,柴灣,partner,"3,6,7",false
852PB3007,快提站,合作店 快提站,"Shop E, 1/F, Shopping Mall B, Hong Tak Court, Chai Wan, Hong Kong*",香港柴灣宏德居B商場1/F，E鋪 快提站*,,13:00-20:00,13:00-20:00 周六:13:00-20:00,22.2643628,114.2399118,Eastern District,東區,Chai Wan,柴灣,partner,"3,6,7",false
852PB3008,易提站,合作店  易提站,"Shop 139, G/F, East Harbour City Mall, Kau Wai Court, 111 Chai Wan Road, Hong Kong*",香港柴灣道111號高威閣東港城商場G樓139鋪 易提站*,,14:00-20:00,14:00-20:00 周六:14:00-20:00,22.2667064,114.2341617,Eastern District,東區,Chai Wan,柴灣,partner,"3,6,7",false
852PB3009,家的方便站,合作店 家的方便站,"Shop 4A, G/F Cheung Tat Centre,18 Cheung Lee Street，Chai Wan, HK*",柴灣祥利街18號祥達中心地下4a鋪 家的方便站*,,11:30-20:30,11:30-20:30 周六:11:30-20:30 周日:11:30-20:30 節假日:11:30-20:30,22.265051,114.236136,Eastern District,東區,Chai Wan,柴灣,partner,"3,6,7",false
852PC,"Centro-Sound Industrial Building, Shau Kei Wan",筲箕灣新高聲工廈順豐站,"Shop 1, G/F, Centro-Sound Industrial Building ,6A A Kung Ngam Village Road*^,Shau Kei Wan,Eastern District,Hong Kong",香港東區筲箕灣阿公岩村道6號新高聲工業大廈地下1號鋪*,64687697,Mon to Sat 09:00-20:00; Sun & Statutory Holidays Closed,"周一至周六,09:00-20:00;周日及勞工假期,休息",22.281781,114.232392,Eastern District,東區,Shau Kei Wan,筲箕灣,station,"1,3,5,6,7",true
852PC2001,OK#376,便利店 逢源大廈地下OK,"No. H1, G/F., Fung Yuen Building, Nos. 388-414 Shau Kei Wan Road, Hong Kong",香港筲箕灣道388-414號逢源大廈地下H1號鋪OK#376*,,00:00-00:00,00:00-00:00 周六:00:00-00:00 周日:00:00-00:00 節假日:00:00-00:00,22.277548,114.226989,Eastern District,東區,Shau Kei Wan,筲箕灣,partner,"3,6,7",false
852PC3003,rainbow pet shop,合作店 rainbow pet shop,"5-6, Dong Qiang Building, 54-60 East Shau Kei Wan Street 1630-1730closed*",筲箕灣東大街54-60號東強大廈5-6號地鋪Rainbow pet shop1630-1730午休*,,12:00-20:30,12:00-20:30 周六:12:00-20:00 周日:12:00-20:00 節假日:12:00-20:00,22.2796808,114.2299526,Eastern District,東區,Shau Kei Wan,筲箕灣,partner,"3,6,7",false
852PC3004,愛蝶灣自提點,合作店 愛蝶灣自提點,G/F SHOP 25A ALDRICH GARDEN NO 2 OI LAI ST SHAU KEI WAN HONG KONG  愛蝶灣自提點*,筲箕灣愛禮街2號愛蝶灣25號地下 愛蝶灣自提點*,,12:00-21:00,12:00-21:00 周六:12:00-21:00 周日:10:00-18:00 節假日:12:00-16:00,22.280674,114.228473,Eastern District,東區,Shau Kei Wan,筲箕灣,partner,"3,6,7",false
852PCL,"Trend Centre, Chai Wan",柴灣國貿中心順豐站,"Workshop 1, 5/F, Trend Centre, 29 Cheung Lee Street*^,Chai Wan,Eastern District,Hong Kong",香港東區柴灣祥利街29號國貿中心5樓1室*,64634947,Mon to Fri 11:00-21:00; Sun & Public Holidays Closed; Sat 12:00-20:00,"周一至周五,11:00-21:00;周日及公眾假期,休息;周六,12:00-20:00",22.265364,114.235291,Eastern District,東區,Chai Wan,柴灣,station,"1,3,5,6,7",true
852PD,"Kam Ping Street, North Point",北角錦屏街順豐站,"Shop 19&20 on G/F, Tung Fat Building Block D, No. 59 & 61 Kam Ping Street,North Point,Eastern District,Hong Kong",香港東區北角錦屏街59&61號東發大廈D座地下19&20號鋪*,64686104,Mon to Sat 09:00-20:00; Sun & Statutory Holidays Closed,"周一至周六,09:00-20:00;周日及勞工假期,休息",22.2902126,114.2001389,Eastern District,東區,North Point,北角,station,"5,6,7,3,1",true
852PDL,"Olympia Plaza, North Point",北角國都廣場順豐站,"Shop 202 & 203, 2/F, Olympia Plaza, 255 King's Road*^,North Point,Eastern District,Hong Kong",香港東區北角英皇道255號國都廣場2樓202及203號鋪*,64634947,Mon to Fri 11:00-21:00; Sun & Public Holidays 12:00-20:00; Sat 12:00-20:00,"周一至周五,11:00-21:00;周日及公眾假期,12:00-20:00;周六,12:00-20:00",22.289759,114.19453,Eastern District,東區,North Point,北角,station,"3,5,6,7",false
852PGL,"Hing Man Street, Sai Wan Ho",西灣河興民街順豐站,"Portion A of Shop E, G/F, 28-36 Hing Man Street*^,Sai Wan Ho,Eastern District,Hong Kong",香港東區西灣河興民街28-36號地下E鋪A部份*,64634947,Mon to Fri 10:00-21:00; Sun & Public Holidays 12:00-20:00; Sat 12:00-20:00,"周一至周五,10:00-21:00;周日及公眾假期,12:00-20:00;周六,12:00-20:00",22.281319,114.223438,Eastern District,東區,Sai Wan Ho,西灣河,station,"3,5,6,7",false
852Q2001,"Conv. Store 7/F, CTR A, Asia Terminals CTR, KwaiChung Container Terminal, Kwai Chung, N.T.",便利店 葵涌貨櫃碼頭OK便利店,"7/F, CTR A, Asia Terminals CTR, KwaiChung Container Terminal, Kwai Chung, N.T.",新界葵涌貨櫃碼頭亞洲貨運大廈第三期A座7樓OK #116*,,06:30-20:00,06:30-20:00 周六:06:30-20:00,22.342433,114.123882,Kwai Tsing District,葵青區,Kwai Chung,葵涌,partner,"3,6,7",false
852Q3001,"Indiv. Store G/F, 27 Main Street, Yung Shue Wan Lamma Island (Li Yuen Shop)",合作點 利源便利店,"G/F, 27 Main Street, Yung Shue Wan Lamma Island (Li Yuen Shop)*",南丫島榕樹灣大街27號地下 利源便利店*,,14:00-23:00,14:00-23:00 周六:14:00-23:00,22.226803,114.111571,Lamma Island District,南丫島區,Lamma Island,南丫島,partner,"3,6,7",false
852Q3005,"Indiv. Store G/F, Shop 16, Mui Wo Centre, 3 Ngan Wan Road, Mui Wo, Islands, NT",合作點 利興隆,"G/F, Shop 16, Mui Wo Centre, 3 Ngan Wan Road, Mui Wo, Islands, NT*",香港大嶼山梅窩銀運路3號梅窩中心地下16號鋪 利興隆*,,09:30-18:30,09:30-18:30 周六:09:30-18:30,22.2642775,114.001648,Lantau District,大嶼山區,Lantau Island,大嶼山,partner,"3,6,7",false
852Q3008,Goodies Express,合作店 華昌行,33 Yung Shue Wan Main Street Goodies Express (Mon:14:00-19:00)*,南丫島榕樹灣大街33號 華昌行(星期一：14:00-19:00、在後街取件)*,,11:00-21:00,11:00-21:00 周六:11:00-21:00 周日:11:00-19:00 節假日:11:00-19:00,22.226455502635595,114.11171349627443,Lamma Island District,南丫島區,Lamma Island,南丫島,station,"1,3,6,7",true
852SKL,"Yi Chun Street, Sai Kung",西貢宜春街順豐站,"Shop 10, G/F, 66 Yi Chun Street*^,Sai Kung,Sai Kung District,Hong Kong",香港西貢區西貢宜春街66號地下10號鋪*,67934923,Mon to Fri 12:00-21:00; Sun & Public Holidays 12:00-20:00; Sat 12:00-20:00,"周一至周五,12:00-21:00;周日及公眾假期,12:00-20:00; 周六, 12:00-20:00",22.380383,114.271875,Sai Kung District,西貢區,Sai Kung,西貢,station,"1,3,5,6,7",true
852T,"Man Shek Building, Wan Chai",灣仔文石大廈順豐站,"Shop A & B, G/F, Man Shek Building, No. 404-406 Jaffe Road*^,Wan Chai,Wan Chai District,Hong Kong",香港灣仔區灣仔謝斐道404-406號文石大廈地下A&B號鋪*,61015796,Mon to Sat 09:00-20:00; Sun & Statutory Holidays 09:00-18:00,"周一至周六,09:00-20:00;周日及勞工假期,09:00-18:00",22.280003,114.180184,Wan Chai District,灣仔區,Wan Chai,灣仔,station,"3,5,6,7",false
852T2001,"Shop 2 G/F, Wai Tak Building, 414, 418 -430 Lockhart Road, Causeway Bay, HK",便利店 偉德大廈OK便利店,"Shop 2 G/F, Wai Tak Building, 414, 418 -430 Lockhart Road, Causeway Bay, HK","香港銅鑼灣駱克道414,418-430號偉德大廈地下2號鋪OK #291*",,00:00-00:00,00:00-00:00 周六:00:00-00:00 周日:00:00-00:00 節假日:00:00-00:00,22.2797877,114.1806716,Wan Chai District,灣仔區,Wan Chai,灣仔,partner,"3,6,7",false
852T2002,"Shop B, G/F, Holley Mansion, 21-23 Wong Nai Chung Road, Happy Valley, HK",便利店 黃泥涌道OK便利店,"Shop B, G/F, Holley Mansion, 21-23 Wong Nai Chung Road, Happy Valley, HK",香港跑馬地黃泥涌道21-23號浩利大廈地下B號鋪OK #349*,,06:00-00:00,06:00-00:00,22.269695,114.184379,Wan Chai District,灣仔區,Happy Valley,跑馬地,partner,"3,6,7",false
852T2004,"Shop No.K G/F., Po Ming Building, 2-6 Foo Ming Street,49-57 Lee Garden Road, 96-106 Percival Street, Hong Kong",利園山道OK便利店,"Shop No.K G/F., Po Ming Building, 2-6 Foo Ming Street,49-57 Lee Garden Road, 96-106 Percival Street, Hong Kong",銅鑼灣利園山道49號地下k鋪OK #443*,,00:00-23:59,00:00-23:59 周六:00:00-23:59 周日:00:00-23:59,22.2785098,114.18373,Wan Chai District,灣仔區,Causeway Bay,銅鑼灣,partner,"3,6,7",false
852T2005,"G/F & Cockloft, 5 Canal Road East, Causeway Bay, HK",便利店 堅拿道東OK便利店,"G/F & Cockloft, 5 Canal Road East, Causeway Bay, HK",香港銅鑼灣堅拿道東5號地下及閣樓OK #521*,,00:00-23:59,00:00-23:59,22.278546,114.181508,Wan Chai District,灣仔區,Causeway Bay,銅鑼灣,partner,"3,6,7",false
852T2006,"Shop Nos. 9-12 on Ground Floor and Unit Nos. 9-11 on First Floor, Excelsior Plaza, Yee On Building, No. 26 East Point Road, Hong Kong",便利店 怡東商場OK便利店,"Shop Nos. 9-12 on Ground Floor and Unit Nos. 9-11 on First Floor, Excelsior Plaza, Yee On Building, No. 26 East Point Road, Hong Kong",香港東角道26號怡安大廈怡東商場地下9-12號鋪OK #543*,,00:00-23:59,00:00-23:59,22.2812,114.1843,Wan Chai District,灣仔區,Causeway Bay,銅鑼灣,partner,"3,6,7",false
852T2007,"Shop B on Ground Floor, Po Hon Building, 24-30 Percival Street, Hong Kong",便利店 波斯富街OK便利店,"Shop B on Ground Floor, Po Hon Building, 24-30 Percival Street, Hong Kong",香港波斯富街24-30號寶漢大廈地下B號鋪OK #547*,,00:00-23:59,00:00-23:59,22.280638,114.182492,Wan Chai District,灣仔區,Causeway Bay,銅鑼灣,partner,"3,6,7",false
852T3003,"Indiv. Store G/F, Shop 4, 177-179 Wan Chai Rd, Wan Chai, HK",合作點 藝舍洗衣專門店,"G/F, Shop 4, 177-179 Wan Chai Rd, Wan Chai, HK*",香港灣仔灣仔道177-179地下4號鋪 藝舍洗衣專門店**,,08:00-20:00,08:00-20:00,22.2771062,114.177228,Wan Chai District,灣仔區,Wan Chai,灣仔,partner,"3,6,7",false
852T3006,山光文具,合作店 山光文具,"A Shop 7 Shan Kwong Rd, Happy Valley*",跑馬地山光道7號地下A鋪 山光文具*,,10:30-20:00,10:30-20:00 周六:10:30-20:00,22.268120904521023,114.18476278552406,Wan Chai District,灣仔區,Happy Valley,跑馬地,partner,"3,6,7",false
852TA,"Johnston Court, Wan Chai",灣仔庄士敦大樓順豐站,"Shop D, G/F, Johnston Court,  No. 9, 11 & 13 Lun Fat Street*^,Wan Chai,Wan Chai District,Hong Kong","香港灣仔區灣仔聯發街9, 11-13號庄士敦大樓地下D鋪*",59058751,Mon to Sat 09:00-20:00; Sun & Statutory Holidays Closed,"周一至周六,09:00-20:00;周日及勞工假期,休息",22.276644,114.170479,Wan Chai District,灣仔區,Wan Chai,灣仔,station,"1,3,5,6,7",true
852TA2001,"G/F & M/F, 38 Hennessy Road, Wan Chai, HK",便利店 軒尼詩道38號OK便利店,"G/F & M/F, 38 Hennessy Road, Wan Chai, HK",香港灣仔軒尼詩道38號地下OK #1*,,00:00-23:59,00:00-23:59,22.2775672,114.1705704,Wan Chai District,灣仔區,Wan Chai,灣仔,partner,"3,6,7",false
852TA2003,"G/F, 89 Wan Chai Road, Wan Chai, HK",灣仔道OK便利店,"G/F, 89 Wan Chai Road, Wan Chai, HK",香港灣仔灣仔道89號地下OK #357*,,00:00-23:59,00:00-23:59,22.276578,114.175045,Wan Chai District,灣仔區,Wan Chai,灣仔,partner,"3,6,7",false
852TA2004,"Conv. Store Shop 1, Ground Floor, 112 Johnston Road, Hong Kong",便利店 庄士敦道OK便利店,"Shop 1, Ground Floor, 112 Johnston Road, Hong Kong",香港庄士敦道112號地下1號鋪OK #546*,,00:00-23:59,00:00-23:59,22.276472,114.173006,Wan Chai District,灣仔區,Wan Chai,灣仔,partner,"3,6,7",false
852TA2005,"Shop 1002B, 1/F, United Centre, 95 Queensway, Central, HK",便利店 統一中心OK便利店,"Shop 1002B, 1/F, United Centre, 95 Queensway, Central, HK",金鐘金鐘道95號統一中心1樓1002B號鋪OK #420*,,07:00-20:00,07:00-20:00 周六:07:00-20:00 周日:08:00-18:00 節假日:08:00-18:00,22.278375,114.1654,Central and Western District,中西區,Admiralty,金鐘,partner,"3,6,7",false
852TA2008,"Shop No. F01-02, Lab Concept, 1/F Queensway Plaza, 93 Queensway, Hong Kong",便利店 金鐘廊OK便利店,"Shop No. F01-02, Lab Concept, 1/F Queensway Plaza, 93 Queensway, Hong Kong",金鐘道93號金鐘廊1樓LabConceptF01-02號鋪OK #549*,,07:00-21:00,07:00-21:00 周六:08:00-21:00 周日:08:00-00:00,22.279931,114.163586,Central and Western District,中西區,Admiralty,金鐘,partner,"3,6,7",false
852TA3003,揚壹統一中心,合作店 揚壹物流統一中心,"Shop 2041,2/F,United Centre，95 Queensway,Central (15:00-16:00 Closed)*",金鐘道95號統一中心2樓2041鋪 揚壹物流統一中心 (15:00-16:00午休)*,,12:00-21:00,12:00-21:00 周六:12:00-21:00 周日:11:00-15:00 節假日:11:00-15:00,22.278429,114.165403,Central and Western District,中西區,Admiralty,金鐘,partner,"6,7",false
852TAL,"Fullagar Industrial Building, Aberdeen",香港仔富嘉工廈順豐站,"Workshop No. 6, 9/F, Fullagar Industrial Building, 234 Aberdeen Main Road*^,Aberdeen,Southern District,Hong Kong",香港南區香港仔香港仔大道234號富嘉工業大廈9樓6室*,98319090,Mon to Fri 11:00-21:00; Sun & Public Holidays 12:00-20:00; Sat 12:00-20:00,"周一至周五,11:00-21:00;周日及公眾假期,12:00-20:00;周六,12:00-20:00",22.248855,114.15272,Southern District,南區,Aberdeen,香港仔,station,"1,3,5,6,7",true
852TB,"Yally Industrial Building, Wong Chuk Hang",黃竹坑益年工廈順豐站,"Unit A2, G/F, Yally Industrial Building, No. 6 Heung Yip Road & No. 6 Yip Fat Street*^,Wong Chuk Hang,Southern District,Hong Kong",香港南區黃竹坑香業道6號及業發街6號益年工業大廈地下A2號鋪*,59236803,Mon to Sat 09:00-20:00; Sun & Statutory Holidays Closed,"周一至周六,09:00-20:00;周日及勞工假期,休息",22.248578,114.167991,Southern District,南區,Wong Chuk Hang,黃竹坑,station,"1,3,5,6,7",true
852TB2001,"Conv. Store Shop 7 & 8, Town Centre, Wah Fu Estate, Aberdeen, HK",便利店 華富中心OK便利店,"Shop 7 & 8, Town Centre, Wah Fu Estate, Aberdeen, HK",華富華富中心7及8號鋪OK #13*,,00:00-23:59,00:00-23:59,22.250365,114.137102,Southern District,南區,Wah Fu,華富,partner,"3,6,7",false
852TB2002,"Conv. Store Shop 7, G/F, Site 5, Aberdeen Centre., Aberdeen, HK",便利店 香港仔中心OK便利店,"Shop 7, G/F, Site 5, Aberdeen Centre., Aberdeen, HK",香港仔香港仔中心第五期地下7號鋪OK #163*,,00:00-23:59,00:00-23:59,22.248736,114.153839,Southern District,南區,Aberdeen,香港仔,partner,"3,6,7",false
852TB2003,"Stalls 7-8, Shop 503, 5/F, Chi Fu Landmark, Pok Fu Lam, HK",置富南區廣場OK便利店,"Stalls 7-8, Shop 503, 5/F, Chi Fu Landmark, Pok Fu Lam, HK",香港薄扶林置富南區廣場5樓503號鋪7-8號檔OK #264*,,06:00-23:00,06:00-23:00,22.257872,114.138722,Southern District,南區,Pok Fu Lam,薄扶林,partner,"3,6,7",false
852TB2004,"Conv. Store Shop 3 & 4, G/F, Silver Mansion, 81 Shek Pai Wan Road, Aberdeen, HK",便利店 石排灣道OK便利店,"Shop 3 & 4, G/F, Silver Mansion, 81 Shek Pai Wan Road, Aberdeen, HK",香港香港仔石排灣道81號兆輝大廈地下3及4號鋪OK #336*,,00:00-23:59,00:00-23:59,22.24935,114.148738,Southern District,南區,Aberdeen,香港仔,partner,"3,6,7",false
852TB2007,"Conv. Store Shop 7, Shek Pai Wan Shopping Centre, Aberdeen, HK",便利店 石排灣商場OK便利店,"Shop 7, Shek Pai Wan Shopping Centre, Aberdeen, HK",香港香港仔石排灣商場7號鋪OK #393*,,06:00-00:00,06:00-00:00,22.249203,114.15701,Southern District,南區,Aberdeen,香港仔,partner,"3,6,7",false
852TB2009,"G/F, 23 Tung Sing Road, Aberdeen, HK",便利店 東勝道OK便利店,"G/F, 23 Tung Sing Road, Aberdeen, HK",香港香港仔東勝道23號地下OK #445*,,00:00-23:59,00:00-23:59,22.248806,114.155242,Southern District,南區,Aberdeen,香港仔,partner,"3,6,7",false
852TB2010,"Conv. Store Shop 30, Wah Fu (II) Commercial Complex, Wah Fu (II) Estate, Aberdeen, HK",便利店 華富(二)商場OK便利店,"Shop 30, Wah Fu (II) Commercial Complex, Wah Fu (II) Estate, Aberdeen, HK",香港香港仔華富(二)邨華富(二)商場30號鋪OK #473*,,06:30-23:30,06:30-23:30,22.253142,114.136114,Southern District,南區,Wah Fu,華富,partner,"3,6,7",false
852TB2011,Conv. Store Concession No. OCP 5 at MTR Ocean Park Station,便利店 海洋公園港鐵OK便利店,Concession No. OCP 5 at MTR Ocean Park Station,香港海洋公園港鐵站OCP5號鋪OK #537*,,07:00-19:00,07:00-19:00 周六:07:00-19:00 周日:08:00-19:00,22.247944,114.176067,Southern District,南區,Wong Chuk Hang,黃竹坑,partner,"3,6,7",false
852TB2014,OK #587,便利店 恩平道OK便利店,"G/F, 50 Yun Ping Road, Causeway Bay, HK",香港恩平道50號地下OK #587*,,00:00-23:59,00:00-23:59,22.279604,114.18434,Wan Chai District,灣仔區,Causeway Bay,銅鑼灣,partner,"3,6,7",false
852TB2015,OK#382,便利店 海怡廣場(東翼)OK,"Shop No. 2, G/F., East Commercial Block of South Horizons, No. 18A South Horizon Drive, Apleichau, Hong Kong",香港鴨脷洲海怡路18A號海怡廣場(東翼)地下G02號鋪OK#382*,,00:00-00:00,00:00-00:00 周六:00:00-00:00 周日:00:00-00:00 節假日:00:00-00:00,22.243153,114.148091,Southern District,南區,Ap Lei Chau,鴨脷洲,partner,"3,6,7",false
852TB2016,OK#551,便利店 鴨脷洲大街85號OK,"Ground Floor, No. 85 Main Street Ap Lei Chau, Hong Kong",香港鴨脷洲大街85號地下 OK#551,,00:00-00:00,00:00-00:00 周六:00:00-00:00 周日:00:00-00:00 節假日:00:00-00:00,22.2438216,114.1553876,Wan Chai District,灣仔區,Wan Chai,灣仔,partner,"3,6,7",false
852TB3005,利澤樓自取點利,合作店 利澤樓自取點," Shop 16B-18, Lei Chak House, Ap Lei Chau Estate, Ap Lei Chau*",鴨脷洲西村利澤樓16B至18號鋪羽毛球場(利澤樓自取點)*,,12:00-21:00,12:00-21:00 周六:12:00-21:00 周日:10:00-18:00 節假日:10:00-18:00,22.244703,114.150135,Southern District,南區,Ap Lei Chau,鴨脷洲,partner,"3,6,7",false
852TBL,"Wah Fu Estate, Aberdeen",香港仔華富邨華安樓順豐站,"Shop 119, Wah On House, Wah Fu (I) Estate, 18 Wah Fu Road*^,Aberdeen,Southern District,Hong Kong",香港南區香港仔華富道18號華富（一）邨華安樓119號鋪*,98319090,Mon to Fri 11:00-20:30; Sun & Public Holidays 12:00-20:00; Sat 12:00-20:00,"周一至周五,11:00-20:30;周日及公眾假期,12:00-20:00;周六,12:00-20:00",22.251884,114.138105,Southern District,南區,Aberdeen,香港仔,station,"3,5,6,7",false
852TC,"Jaffe Road, Wan Chai",灣仔東惠商業大廈順豐站,"Shop 6, G/F, Tung Wai Commercial Mansion, 22-26 Fleming Road, Wan Chai, Hong Kong Island, Hong Kong*^,Wan Chai,Wan Chai District,Hong Kong",香港灣仔區灣仔灣仔菲林明道22-26號東惠商業大廈地下6號鋪*,64785647,Mon to Sat 09:00-20:00; Sun & Statutory Holidays Closed,"周一至周六,09:00-20:00;周日及勞工假期,休息",22.27897,114.174459,Wan Chai District,灣仔區,Wan Chai,灣仔,station,"1,3,5,6,7",true
852TC2003,"Conv. Store Shop E, G/F, Lee Wing Building, 156, 160 & 162 Hennessy Road, 7A & 7B O'Brien Road, Wan Chai, HK",便利店 利榮大樓OK便利店,"Shop E, G/F, Lee Wing Building, 156, 160 & 162 Hennessy Road, 7A & 7B O'Brien Road, Wan Chai, HK",灣仔軒尼詩道156、160至162號利榮大樓地下E號鋪OK #484*,,00:00-23:59,00:00-23:59,22.277422,114.173527,Wan Chai District,灣仔區,Wan Chai,灣仔,partner,"3,6,7",false
852TC2006,"Conv. Store Shop A, G/F., Nos. 146 Lockhart Road, Hong Kong",便利店 駱克道146號OK便利店,"Shop A, G/F., Nos. 146 Lockhart Road, Hong Kong",香港駱克道146號地下A號OK #388*,,06:30-23:00,06:30-23:00,22.2779847,114.1708928,Wan Chai District,灣仔區,Wan Chai,灣仔,partner,"3,6,7",false
852TC2007,OK#359,便利店 華寧大廈OK,"G/F., Warner Building, 91 Hennessy Road, Hong Kong",香港軒尼詩道91號華寧大廈地下OK#359*,,00:00-00:00,00:00-00:00 周六:00:00-00:00 周日:00:00-00:00 節假日:00:00-00:00,22.277645,114.171859,Wan Chai District,灣仔區,Wan Chai,灣仔,partner,"3,6,7",false
852TCL,"Fortune Mansion, Ap Lei Chau",鴨脷洲利是大廈順豐站,"Shop A on G/F, Fortune Mansion, Nos. 57-63 Main Street Ap Lei Chau, Nos. 14-24 Hung Shing Street*^,Ap Lei Chau,Southern District,Hong Kong",香港南區鴨脷洲鴨脷洲大街57-63號利是大廈地下A鋪*,98319090,Mon to Fri 11:00-21:00; Sun & Public Holidays 12:00-20:00; Sat 12:00-20:00,"周一至周五,12:00-21:00;周日及公眾假期,12:00-20:00; 周六: 12:00-20:00",22.243973,114.155952,Southern District,南區,Ap Lei Chau,鴨脷洲,station,"3,5,6,7",false
852TCSM,"Tseng Choi Street, Tuen Mun",屯門井財街順豐站,"Shop No. 9, G/F, Yan Oi Building, No. 11 Tseng Choi Street*^,Tuen Mun,Tuen Mun District,Hong Kong",香港屯門區屯門井財街11號仁愛大廈地下9號鋪*,65082353,Mon to Fri 11:00-21:00; Sun & Public Holidays 12:00-20:00; Sat 12:00-20:00,"周一至周五,11:00-21:00;周日及公眾假期,12:00-20:00;周六,12:00-20:00",22.403188,113.978158,Tuen Mun District,屯門區,Tuen Mun,屯門,station,"1,3,5,6,7",true
852TD,"Haven Street, Causeway Bay",銅鑼灣希雲街順豐站,"G/F, No. 15 Haven Street*^,Causeway Bay,Wan Chai District,Hong Kong",香港灣仔區銅鑼灣希雲街15號地下*,26832337,Mon to Sat 09:00-20:00; Sun & Statutory Holidays Closed,"周一至周六,09:00-20:00;周日及勞工假期,休息",22.277807,114.186752,Wan Chai District,灣仔區,Causeway Bay,銅鑼灣,station,"3,5,6,7",false
852TE,"Po Chai Industrial Building, Wong Chuk Hang",黃竹坑保濟工廈順豐站,"Unit A, G/F, Po Chai Industrial Building, No.28 Wong Chuk Hang Road*^,Wong Chuk Hang,Southern District,Hong Kong",香港南區黃竹坑黃竹坑道28號保濟工業大廈地下A室*,66553935,Mon to Sat 09:00-20:00; Sun & Statutory Holidays Closed,"周一至周六,09:00-20:00;周日及勞工假期,休息",22.2482146,114.1649042,Southern District,南區,Wong Chuk Hang,黃竹坑,station,"1,3,5,6,7",true
852TE3005,家藝屋,合作店 家藝屋,"32, 1 / F, Lee Kwan Shopping Centre, Aberdeen Centre, Hong Kong*",香港香港仔中心利群商場1樓32號 家藝屋*,,12:00-20:00,12:00-20:00 周六:12:00-20:00 周日:12:00-18:00,22.248645,114.152676,Southern District,南區,Aberdeen,香港仔,partner,"3,6,7",false
852TE3006,阿婆自提點,合作店 阿婆自提點,"Shop 82, 1MN, Tin Wan Market, 11 Hing Wo Street, Aberdeen*",香港香港仔興和街11號田灣街市1MN82號鋪 阿婆自提點*,,13:00-20:00,13:00-20:00 周六:13:00-20:00 周日:13:00-20:00,22.2504201,114.148179,Southern District,南區,Wong Chuk Hang,黃竹坑,partner,"3,6,7",false
852U,"Hoi Cheung Industrial Building, Tuen Mun",屯門凱昌工廈順豐站,"Unit F, G/F, Hoi Cheung Industrial Building, No. 4 Ho Tin Street*^,Tuen Mun,Tuen Mun District,Hong Kong",香港屯門區屯門河田街4號凱昌工業大廈地下F鋪*,96640636,Mon to Sat 09:00-20:00; Sun & Statutory Holidays 09:00-18:00,"周一至周六,09:00-20:00;周日及勞工假期,09:00-18:00",22.39808,113.971019,Tuen Mun District,屯門區,Tuen Mun,屯門,station,"1,3,5,6,7",true
852U2003,"Conv. Store Cooked Food Stall C13-16, Butterfly Estate, Tuen Mun, N.T.",便利店 蝴蝶村OK便利店,"Cooked Food Stall C13-16, Butterfly Estate, Tuen Mun, N.T.",屯門蝴蝶邨熟食市場13至16檔OK #33*,,00:00-23:59,00:00-23:59 周六:00:00-00:00 周日:00:00-00:00,22.375729,113.964266,Tuen Mun District,屯門區,Tuen Mun,屯門,partner,"3,6,7",false
852U2007,"Shop 104, Siu Hong Court Commerce Centre, Tuen Mun, N.T.",便利店 兆康苑OK便利店,"Shop 104, Siu Hong Court Commerce Centre, Tuen Mun, N.T.",新界屯門兆康苑商場中心104號鋪OK #60*,,00:00-23:59,00:00-23:59 周六:00:00-00:00 周日:00:00-00:00,22.412434,113.977986,Tuen Mun District,屯門區,Tuen Mun,屯門,partner,"3,6,7",false
852U2010,"Conv. Store Shop 12 & 13, G/F, Tsui Ning Garden, Tuen Mun, N.T.",便利店 翠寧花園OK便利店,"Shop 12 & 13, G/F, Tsui Ning Garden, Tuen Mun, N.T.",屯門翠寧花園地下12-13號鋪OK #104*,,00:00-23:59,00:00-23:59 周六:00:00-00:00 周日:00:00-00:00,22.384789,113.974453,Tuen Mun District,屯門區,Tuen Mun,屯門,partner,"3,6,7",false
852U2012,"Shop 129, Chi Lok Fa Yuen Shopping Centre, Tuen Mun, N.T.",便利店 置樂花園OK便利店,"Shop 129, Chi Lok Fa Yuen Shopping Centre, Tuen Mun, N.T.",新界屯門置樂花園商場地下129號鋪OK #114*,,00:00-23:59,00:00-23:59 周六:00:00-00:00 周日:00:00-00:00,22.387098,113.980477,Tuen Mun District,屯門區,Tuen Mun,屯門,partner,"3,6,7",false
852U2015,"Shop 16-17, G/F, Oceania Heights, 2 Hoi Chu Road, Tuen Mun, N.T.",海典軒OK便利店,"Shop 16-17, G/F, Oceania Heights, 2 Hoi Chu Road, Tuen Mun, N.T.",新界屯門海珠路2號海典軒地下16-17號鋪OK #279*,,00:00-00:00,00:00-00:00 周六:00:00-00:00 周日:00:00-00:00 節假日:00:00-00:00,22.383831,113.971493,Tuen Mun District,屯門區,Tuen Mun,屯門,partner,"3,6,7",false
852U2016,"Conv. Store Shop 2 G/F, Park Court, 15&19 Kai Fat Path, 31-43 Tak Ching Court, Tuen Mun, N.T.",便利店 德政圍OK便利店,"Shop 2 G/F, Park Court, 15&19 Kai Fat Path, 31-43 Tak Ching Court, Tuen Mun, N.T.","屯門啟發徑德政圍31-33,37-43號柏苑地下2號鋪OK #292*",,00:00-23:59,00:00-23:59 周六:00:00-00:00 周日:00:00-00:00,22.395258,113.97568,Tuen Mun District,屯門區,Tuen Mun,屯門,partner,"3,6,7",false
852U2017,"Shop 87, G/F, Glorious Garden, 45 Lung Mun Road, Tuen Mun, N.T.",富健花園OK便利店,"Shop 87, G/F, Glorious Garden, 45 Lung Mun Road, Tuen Mun, N.T.",新界屯門龍門路45號富健花園地下87號鋪OK #299*,,00:00-23:59,00:00-23:59 周六:00:00-00:00 周日:00:00-00:00,22.38404,113.96579,Tuen Mun District,屯門區,Tuen Mun,屯門,partner,"3,6,7",false
852U2018,"Conv. Store Shop 6, G/F, Po Tin Shopping Centre, Tuen Mun, N.T.",便利店 寶田商場OK便利店,"Shop 6, G/F, Po Tin Shopping Centre, Tuen Mun, N.T.",新界屯門寶田商場地下6號鋪OK #324*,,00:00-23:59,00:00-23:59 周六:00:00-00:00 周日:00:00-00:00,22.40957,113.966584,Tuen Mun District,屯門區,Tuen Mun,屯門,partner,"3,6,7",false
852U2020,"Conv. Store Shop L106, Level 1,Leung King Estate, 31 Tin King Road, Tuen Mun, N.T.",便利店 良景商場OK便利店,"Shop L106, Level 1,Leung King Estate, 31 Tin King Road, Tuen Mun, N.T.",新界屯門良景商場L106號鋪OK #329*,,00:00-23:59,00:00-23:59 周六:00:00-00:00 周日:00:00-00:00,22.406228,113.962818,Tuen Mun District,屯門區,Tuen Mun,屯門,partner,"3,6,7",false
852U2021,"Shop 53-57, 81-85, G/F, Yuet Wu Villa Commerce Block, Tuen Mun, N.T.",便利店 悅湖商場OK便利店,"Shop 53-57, 81-85, G/F, Yuet Wu Villa Commerce Block, Tuen Mun, N.T.",新界屯門悅湖商場53-57及81-85號鋪OK #109*,,00:00-23:59,00:00-23:59 周六:00:00-00:00 周日:00:00-00:00,22.373616,113.968011,Tuen Mun District,屯門區,Tuen Mun,屯門,partner,"3,6,7",false
852U2023,"Shop 6, G/F, Hung Fuk Shopping Centre, Hung Fuk Estate, Hung Shui Kiu, Yuen Long, N.T.",洪福商場OK便利店,"Shop 6, G/F, Hung Fuk Shopping Centre, Hung Fuk Estate, Hung Shui Kiu, Yuen Long, N.T.",香港元朗區洪水橋洪福邨洪福商場地下6號鋪OK #519*,,00:00-23:59,00:00-23:59 周六:00:00-00:00 周日:00:00-00:00,22.43667,113.99822,Yuen Long District,元朗區,Hung Shui Kiu,洪水橋,partner,"3,6,7",false
852U2025,"Shop Nos. L229A and L229B, Level 2, Commercial Leung King Estate, No. 31 Tin King Road",便利店 良景廣場2樓OK便利店,"Shop Nos. L229A and L229B, Level 2, Commercial Leung King Estate, No. 31 Tin King Road",屯門田景路31號良景廣場2樓L229A&L229B號鋪OK #553*,,00:00-23:59,00:00-23:59,22.406293,113.962847,Tuen Mun District,屯門區,Tuen Mun,屯門,partner,"3,6,7",false
852U2028,"Conv. Store Shop No. L106, Ground Floor, Tai Hing Shopping Centre, Tai Hing Estate, No. 1 Tai Hing Street, Tuen Mun, N.T.",便利店 大興商場OK便利店,"Shop No. L106, Ground Floor, Tai Hing Shopping Centre, Tai Hing Estate, No. 1 Tai Hing Street, Tuen Mun, N.T.",新界屯門大興街1號大興商場地下L106號鋪OK #526*,,00:00-23:59,00:00-23:59 周六:00:00-00:00 周日:00:00-00:00,22.403042,113.9687202,Tuen Mun District,屯門區,Tuen Mun,屯門,partner,"3,6,7",false
852U2029,"Conv. Store Shop 1, 11 Tsun Wen Rd, Tai Hing Gardens Phase I, Tuen Mun, NT",便利店 大興花園OK便利店,"Shop 1, 11 Tsun Wen Rd, Tai Hing Gardens Phase I, Tuen Mun, NT",新界屯門震寰路11號大興花園一期地下1號鋪OK #588*,,00:00-23:59,00:00-23:59,22.4000775,113.972704,Tuen Mun District,屯門區,Tuen Mun,屯門,partner,"3,6,7",false
852U2030,OK #726,龍門居OK,"Portion B of Shop No.97 of Lung Mun Oasis, 43 Lung Mun Road, Tuen Mun, NT",新界屯門龍門路43號龍門居地下97號鋪B部份OK #726*,,00:00-00:00,00:00-00:00 周六:00:00-00:00 周日:00:00-00:00 節假日:00:00-00:00,22.3850987,113.966546,Tuen Mun District,屯門區,Tuen Mun,屯門,partner,"3,6,7",false
852U2031,"Conv. Store Shop 11, G/F, Ching Tin Shopping Centre, Ching Tin Estate, Tuen Mun",便利店 菁田邨商場便利店,"Shop 11, G/F, Ching Tin Shopping Centre, Ching Tin Estate, Tuen Mun",新界屯門菁田商場地下G11號鋪OK #734*,,00:00-23:59,00:00-23:59,22.4123662,113.97142,Tuen Mun District,屯門區,Tuen Mun,屯門,partner,"3,6,7",false
852U2032,OK #524,便利店 OK #524,"Shop No. 206, Ground Floor, Shan King Shopping Centre, Shan King Estate, Tuen Mun, N.T.",新界屯門山景商場地下206號鋪 OK #524,,00:00-24:00,00:00-24:00 周六:00:00-24:00 周日:00:00-24:00 節假日:00:00-24:00,22.396244,113.966403,Tuen Mun District,屯門區,Tuen Mun,屯門,partner,"3,6,7",false
852U2033,OK #111,便利店 寶怡花園OK,"Shop 23-23A, G/F., Blossom Garden, Tuen Mun, N.T.",屯門寶怡花園23-23A鋪地下OK #111*,,00:00-00:00,00:00-00:00 周六:00:00-00:00 周日:00:00-00:00 節假日:00:00-00:00,22.407884,113.968309,Tuen Mun District,屯門區,Tuen Mun,屯門,partner,"3,6,7",false
852U2034,OK#739,便利店 景峰花園OK,SHOP G13 ON G/F， PRIME VIEW GARDEN，NO.2 KING FUNG PATH ，TUEN MUN，NEW TERRITORITIES,屯門景峰徑2號景峰花園地下13號鋪OK#739*,,00:00-00:00,00:00-00:00 周六:00:00-00:00 周日:00:00-00:00 節假日:00:00-00:00,22.402929,113.979838,Tuen Mun District,屯門區,Tuen Mun,屯門,partner,"3,6,7",false
852U2035,OK #707,便利店 邨山景商場低層地下OK,"Shop No.122, Lower Ground Floor, Car Park /Commercial Complex (Also known as Shan King Shopping Centre), Shan King Estate, No. 1 Ming Kum Road, Tuen Mun, New Territories, Hong Kong",屯門山景邨山景商場低層地下一樓122號鋪OK #707*,,00:00-00:00,00:00-00:00 周六:00:00-00:00 周日:00:00-00:00 節假日:00:00-00:00,22.396999,113.966531,Tuen Mun District,屯門區,Tuen Mun,屯門,partner,"3,6,7",false
852U2036,OK #69,便利店 南光樓高層地下OK,"Shop D, UG/F., Nam Kwong Bldg., Tsing Choi Street, San Hui, Tuen Mun, N.T.",屯門青翠徑南光樓高層地下D鋪OK #69*,,00:00-00:00,00:00-00:00 周六:00:00-00:00 周日:00:00-00:00 節假日:00:00-00:00,22.402755,113.978154,Tuen Mun District,屯門區,Tuen Mun,屯門,partner,"3,6,7",false
852U2037,OK #51,便利店 美樂花園商場OK,"Shop 81 & 82, G/F, Melody Garden Comm. Complex, Melody Garden, Tuen Mun, N.T.",屯門美樂花園商場81-82號地下 OK #51*,,00:00-00:00,00:00-00:00 周六:00:00-00:00 周日:00:00-00:00 節假日:00:00-00:00,22.374834,113.961119,Tuen Mun District,屯門區,Tuen Mun,屯門,partner,"3,6,7",false
852U2040,業旺商場OK,便利店 業旺商場OK,"Shop No. G01, G/F, Yip Wong Shopping Centre, Yip Wong Estate, Tuen Mun",屯門業旺邨業旺商場地下 G01 號鋪 OK #766*,,00:00-24:00,00:00-24:00,22.3881607,113.9700221,Tuen Mun District,屯門區,Tuen Mun,屯門,partner,"3,6,7",false
852U3006,"Indiv. Store No S13, G/F, Fung Yu Hse, Sam Shing Est, Tuen Mun, NT",合作點 三江書報社,"No S13, G/F, Fung Yu Hse, Sam Shing Est, Tuen Mun, NT*",屯門三聖邨豐漁樓地下S13鋪 三江書報社*,,09:00-19:00,09:00-19:00,22.3812751,113.977948,Tuen Mun District,屯門區,Tuen Mun,屯門,partner,"3,6,7",false
852U3009,"Indiv. Store Shop 6, 1/F Richland Garden Shopping Center, Tuen Mun, New Territories",合作點 啟豐自提點,"Shop 32,  Richland Garden Shopping Center, Tuen Mun(14:00-15:00 Closed)*",新界屯門啟豐商場地下32號鋪(14:00-15:00午休) 啟豐自提點*,,11:00-20:00,11:00-20:00 周六:12:00-18:00,22.3728091,113.9646099,Tuen Mun District,屯門區,Tuen Mun,屯門,partner,"3,6,7",false
852U3017,"Indiv. Store Shop No.s 215&216 Level2, Chelsea Heights, 1 Shek Pai Tau Path, Tuen Mun, NT",合作點 大師藥房,"Shop No.s 215&216 Level2, Chelsea Heights, 1 Shek Pai Tau Path, Tuen Mun, NT*",屯門石排頭徑1號卓爾廣場2樓215&216號鋪 大師藥房*,,11:00-20:00,11:00-20:00,22.4005579,113.973845,Tuen Mun District,屯門區,Tuen Mun,屯門,partner,"3,6,7",false
852U3019,"Indiv. Store LG, Shop30, Commercial Complex, Affluence Garden, Tuen Mun, NT",合作點 新界屯門澤豐花園商場LG30號鋪,"LG, Shop30, Commercial Complex, Affluence Garden, Tuen Mun, NT*",新界屯門澤豐花園商場LG30號鋪 HKMAMISHOP B*,,12:30-20:00,12:30-20:00,22.4038398,113.975056,Tuen Mun District,屯門區,Tuen Mun,屯門,partner,"3,6,7",false
852U3020,多彩店（良景）,合作店 多彩店（良景）,L411 LEVEL 4 COMM（LEUNG KING PLAZA）LEUNG KING ESTATE 31 TIN KING RD TUEN MUN NT*,田景路31號良景村良景廣場L411 LEVEL 4 COMM（多彩店）*,,11:30-20:30,11:30-20:30 周六:11:30-20:30 周日:11:30-20:30 節假日:11:30-20:30,22.406333,113.962864,Tuen Mun District,屯門區,Tuen Mun,屯門,partner,"3,6,7",false
852U3023,富運,合作店 富運,"Shop D23，Yan Tin Estate Market，Yan Tin Estate,Tuen Mun*",新界屯門紫田路欣田邨欣田街市D23鋪（富運）*,,10:00-20:00,10:00-20:00 周六:10:00-20:00 周日:12:00-18:00 節假日:12:00-18:00,22.414705,113.97587,Tuen Mun District,屯門區,Tuen Mun,屯門,partner,"3,6,7",false
852U3024,屯興自提,合作店 屯興自提,"Shop SS69,G/F,Tai Hing Market，Tuen Mun*",屯門大興邨街市地下SS69號鋪（屯興自提）*,,12:00-21:00,12:00-21:00 周六:12:00-21:00,22.402727,113.970404,Tuen Mun District,屯門區,Tuen Mun,屯門,partner,"3,6,7",false
852UA2006,"Conv. Store Shop 4, G/F, Kwong Wah Plaza, 11 Tai Tong Road, Yuen Long, N.T.",便利店 光華廣場OK便利店,"Shop 4, G/F, Kwong Wah Plaza, 11 Tai Tong Road, Yuen Long, N.T.",新界元朗大棠路光華廣場地下4鋪OK #214*,,00:00-23:59,00:00-23:59 周六:00:00-00:00 周日:00:00-00:00,22.444018,114.029428,Yuen Long District,元朗區,Yuen Long,元朗,partner,"3,6,7",false
852UA2007,"Shop A, G/F, Fu Hing Bldg,  218, 222 & 226-230 Castle Peak Rd, Yuen Long, N.T.",便利店 富興大廈OK便利店,"Shop A, G/F, Fu Hing Bldg,  218, 222 & 226-230 Castle Peak Rd, Yuen Long, N.T.",新界元朗青山道226-230號富興大廈地下A號鋪OK #285*,,00:00-23:59,00:00-23:59,22.444363,114.025217,Yuen Long District,元朗區,Yuen Long,元朗,partner,"3,6,7",false
852UA2008,"Conv. Store Shop 109 & 110, Tin Yan Shopping Centre, Tin Shui Wai, N.T.",便利店 天恩商場OK便利店,"Shop 109 & 110, Tin Yan Shopping Centre, Tin Shui Wai, N.T.",天水圍天恩商場109-110鋪OK #288*,,06:00-00:00,06:00-00:00,22.462538,113.996399,Yuen Long District,元朗區,Tin Shui Wai,天水圍,partner,"3,6,7",false
852UA2009,"Conv. Store Shop 4 & 11, G/F, Yuen Sun Mansion, 7-25 Yau San Street, Yuen Long, N.T.",便利店 又新街OK便利店,"Shop 4 & 11, G/F, Yuen Sun Mansion, 7-25 Yau San Street, Yuen Long, N.T.",新界元朗又新街7-25號元新大廈地下4號及11號鋪OK #325*,,00:00-23:59,00:00-23:59 周六:00:00-00:00 周日:00:00-00:00,22.443976,114.031303,Yuen Long District,元朗區,Yuen Long,元朗,partner,"3,6,7",false
852UA2010,"Conv. Store Shop M009, Keung Ping House, Long Ping Estate, Yuen Long, N.T.",便利店 鏡屏樓OK便利店,"Shop M009, Keung Ping House, Long Ping Estate, Yuen Long, N.T.",元朗朗屏邨鏡屏樓M009號鋪OK #330*,,06:00-00:00,06:00-00:00,22.449849,114.023489,Yuen Long District,元朗區,Yuen Long,元朗,partner,"3,6,7",false
852UA2011,"Shop L30, G/F, Grandeur Terr, Tin Shui Wai Town Lot 28, Tin Shui Wai, N.T.",便利店 俊宏廣場OK便利店,"Shop L30, G/F, Grandeur Terr, Tin Shui Wai Town Lot 28, Tin Shui Wai, N.T.",新界天水圍俊宏軒俊宏廣場地下L30號鋪OK #337*,,00:00-23:59,00:00-23:59,22.468569,114.000511,Yuen Long District,元朗區,Tin Shui Wai,天水圍,partner,"3,6,7",false
852UA2013,"Conv. Store Shop E, G/F, Golden Hall Building, 49-63 Castle Peak Road, Yuen Long, N.T.",便利店 金豪大廈OK便利店,"Shop E, G/F, Golden Hall Building, 49-63 Castle Peak Road, Yuen Long, N.T.",新界元朗青山公路49-63號金豪大廈地下E號鋪OK #414*,,00:00-23:59,00:00-23:59,22.444621,114.030294,Yuen Long District,元朗區,Yuen Long,元朗,partner,"3,6,7",false
852UA2015,"Conv. Store Shop L026, Tin Shui Shopping Centre, 9 Tin Shui Road, Tin Shui Wai, N.T.",便利店 天瑞廣場OK便利店,"Shop L026, Tin Shui Shopping Centre, 9 Tin Shui Road, Tin Shui Wai, N.T.",天水圍天瑞廣場地下L026號鋪OK #437*,,00:00-23:59,00:00-23:59,22.456366,113.998572,Yuen Long District,元朗區,Tin Shui Wai,天水圍,partner,"3,6,7",false
852UA2016,"Conv. Store Shop A, G/F Hung Min Building, 35/39 Tai Tong Road, Yuen Long, N.T.",便利店 大棠路OK便利店,"Shop A, G/F Hung Min Building, 35/39 Tai Tong Road, Yuen Long, N.T.",新界元朗大棠路紅棉洋樓地下A鋪OK #454*,,00:00-23:59,00:00-23:59,22.442806,114.028954,Yuen Long District,元朗區,Yuen Long,元朗,partner,"3,6,7",false
852UA2017,"Conv. Store Shop 13A & 13E, G/F, Fu Shing Building, 9 Sai Ching Street, Yuen Long, N.T.",便利店 富盛大廈OK便利店,"Shop 13A & 13E, G/F, Fu Shing Building, 9 Sai Ching Street, Yuen Long, N.T.",新界元朗西菁街9號富盛大廈地下13A及13E號鋪OK #459*,,00:00-23:59,00:00-23:59,22.442635,114.027518,Yuen Long District,元朗區,Yuen Long,元朗,partner,"3,6,7",false
852UA2018,"Conv. Store Shop 1, G/F, Yuk Ping House, Long Ping Estate, Yuen Long, N.T.",便利店 玉屏樓OK便利店,"Shop 1, G/F, Yuk Ping House, Long Ping Estate, Yuen Long, N.T.",新界元朗朗屏邨玉屏樓地下1號鋪OK #23*,,00:00-23:59,00:00-23:59,22.450756,114.023294,Yuen Long District,元朗區,Yuen Long,元朗,partner,"3,6,7",false
852UA2020,"Conv. Store Shop No. LG12, Lower Ground 1 Floor,Commercial/Car Park Block,Tin Yiu Estate, Tin Wu Road, Tin Shui Wai,New Territories, Hong Kong",便利店 天耀廣場OK便利店,"Shop No. LG12, Lower Ground 1 Floor,Commercial/Car Park Block,Tin Yiu Estate, Tin Wu Road, Tin Shui Wai,New Territories, Hong Kong",新界元朗天水圍天湖路2號天耀廣場LG1樓LG12號鋪OK #550*,,00:00-23:59,00:00-23:59,22.450646,114.003314,Yuen Long District,元朗區,Tin Shui Wai,天水圍,partner,"3,6,7",false
852UA2022,"Conv. Store Shop No.003 G/F., Tin Shing Shopping Centre, Tin Shui Wai, N.T.",便利店 天盛商場OK便利店,"Shop No.003 G/F., Tin Shing Shopping Centre, Tin Shui Wai, N.T.",天水圍天盛商場地下L003號鋪OK #520*,,00:00-23:59,00:00-23:59 周六:00:00-00:00 周日:00:00-00:00,22.4485712,114.0032423,Yuen Long District,元朗區,Tin Shui Wai,天水圍,partner,"3,6,7",false
852UA2023,"Conv. Store Shop Nos. S115 and S116, First Floor, T Town South, Tin Chung Court, 30 Tin Wah Road, Tin Shui Wai",便利店 天頌苑OK便利店,"Shop Nos. S115 and S116, First Floor, T Town South, Tin Chung Court, 30 Tin Wah Road, Tin Shui Wai","天水圍天頌苑TTownSouth,S115/S116號鋪OK #567*",,06:30-00:00,06:30-00:00,22.4623179,113.997948,Yuen Long District,元朗區,Tin Shui Wai,天水圍,partner,"3,6,7",false
852UA2024,"Conv. Store Shop D G/F, Po Fai Building, No. 70/74 Yuen Long On Ning Rd, Yuen Long, NT",便利店 安寧路OK便利店,"Shop D G/F, Po Fai Building, No. 70/74 Yuen Long On Ning Rd, Yuen Long, NT",新界元朗安寧路70/74號保輝樓地下D鋪OK #719*,,00:00-23:59,00:00-23:59,22.4464254,114.025415,Yuen Long District,元朗區,Yuen Long,元朗,partner,"3,6,7",false
852UA2025,Shop  L12 & L13 Outside the Commercial Grandeur Terrace No.88 Tin Shui Road,便利店 俊宏軒OK便利店,Shop  L12 & L13 Outside the Commercial Grandeur Terrace No.88 Tin Shui Road,天瑞路88號俊宏軒商業座外圍L12及L13號鋪OK #759*,,00：00-23:59,00：00-23:59 周六:00:00-00:00 周日:00:00-00:00,22.4682038,114.000337,Yuen Long District,元朗區,Tin Shui Wai,天水圍,partner,"3,6,7",false
852UA2026,OK #421,便利店 元朗貿易中心OK,"Shop 7 G/F., Yuen Long Trade Centre, 99-109 Castle Peak Road Yuen Long, Yuen Long, N.T.",元朗青山公路99-109號元朗貿易中心地下7號鋪OK #421*,,00:00-00:00,00:00-00:00 周六:00:00-00:00 周日:00:00-00:00 節假日:00:00-00:00,22.444713,114.028666,Yuen Long District,元朗區,Yuen Long,元朗,partner,"3,6,7",false
852UA2027,OK #105,便利店 谷亭街杰文樓OK,"Shop A, G/F., & M/F., Kit Man Hse, no.1 Kuk Ting St., Yuen Long, N.T.",元朗谷亭街1號杰文樓地鋪OK #105*,,00:00-00:00,00:00-00:00 周六:00:00-00:00 周日:00:00-00:00 節假日:00:00-00:00,22.444747,114.029573,Yuen Long District,元朗區,Yuen Long,元朗,partner,"3,6,7",false
852UA2028,OK #488,便利店 青山公路 32 號OK,"G/F., No. 32 Castle Peak Road, Yuen Long, N.T",新界元朗青山公路 32 號地下OK #488*,,00:00-00:00,00:00-00:00 周六:00:00-00:00 周日:00:00-00:00 節假日:00:00-00:00,22.444286,114.031171,Yuen Long District,元朗區,Yuen Long,元朗,partner,"3,6,7",false
852UA2029,OK#380,便利店 玉龍樓OK,"Shop No. 4 G/F., Yuk Lung Mansion, No. 18 Fung Kam Street, Yuen Long",元朗鳳琴街18號玉龍樓地下4號鋪OK#380*,,00:00-00:00,00:00-00:00 周六:00:00-00:00 周日:00:00-00:00 節假日:00:00-00:00,22.44234,114.033585,Yuen Long District,元朗區,Yuen Long,元朗,partner,"3,6,7",false
852UA2031,OK #773,便利店 OK #773,"Shop No.G10, G/F, Long Tin Shopping Centre, Long Tin Court, Ping Shan, Yuen Long cum Advertising Light Box No.A1 in Long Tin Shopping Centre",元朗屏山朗天苑朗天商場地下G10 號鋪 OK #773*,,07:00-23:00,07:00-23:00 周六:07:00-23:00 周日:07:00-23:00 節假日:07:00-23:00,22.4434308,114.0154791,Yuen Long District,元朗區,Ping Shan,屏山,partner,"3,6,7",false
852UA230,OK#14,便利店 康水樓OK,"Shop 103 & 105, Hong Shui Hse, Shui Pui Wai Est, Yuen Long, N.T.",元朗水邊圍邨康水樓地下103-5號 OK#14*,,00:00-00:00,00:00-00:00 周六:00:00-00:00 周日:00:00-00:00 節假日:00:00-00:00,22.446196,114.021203,Yuen Long District,元朗區,Yuen Long,元朗,partner,"3,6,7",false
852UA3008,"Indiv. Store Shop 46, G/F, Ho Shun Tai Building, 10 Sai Ching Street, Yuen Long, NT",合作點 淘點易取站(好順泰),"Shop 46, G/F, Ho Shun Tai Building, 10 Sai Ching Street, Yuen Long, NT*",新界元朗西菁街10號好順泰大廈46號地鋪 淘點易取站*,,13:30-20:30,13:30-20:30,22.4420195,114.0276873,Yuen Long District,元朗區,Yuen Long,元朗,partner,"3,6,7",false
852UA3010,"Indiv. Store Shop No.3, G/F, Wing Light BLDG, 68-76 Castle Peak Rd, Yuen Long, NT",合作點 幸福美妝藥店,"Shop No.3, G/F, Wing Light BLDG, 68-76 Castle Peak Rd, Yuen Long, NT*",新界元朗青山公路68-76號榮光大廈地下3號鋪(幸福美妝藥店)*,,09:00-21:00,09:00-21:00,22.4442473,114.030194,Yuen Long District,元朗區,Yuen Long,元朗,partner,"3,6,7",false
852UA3013,"Indiv. Store Shop A, G/F, Ma Tin Tsuen, 172 Kung Um Rd, Yuen Long, NT",合作點 小虎士多,"Shop A, G/F, Ma Tin Tsuen, 172 Kung Um Rd, Yuen Long, NT*",新界元朗公庵路馬田村172號A地下 小虎士多*,,11:00-20:00,11:00-20:00 周六:11:00-19:00,22.4394573,114.025686,Yuen Long District,元朗區,Yuen Long,元朗,partner,"3,6,7",false
852UA3016,90's CARWASH LIMITED,90's CARWASH LIMITED,"37 Fuk hi Street, Yuen Long, NT*",元朗橫洲福喜街37號(90's CARWASH) *,,13:00-00:00,13:00-00:00 周六:13:00-00:00 周日:13:00-00:00 節假日:13:00-00:00,22.45641,114.02369,Yuen Long District,元朗區,Yuen Long,元朗,partner,"3,6,7",false
852UA3018,概念數碼,合作店 概念數碼,SHOP NO.LG05 LG 1/F TIN YIU PLAZA 2 TIN WU ROAD TIN SHUI WAI YUEN LONG NT*,天水圍天耀廣場LG1層LG05鋪（概念數碼）*,,10:30-20:30,10:30-20:30 周六:10:30-20:30 周日:10:30-20:30 節假日:10:30-20:30,22.45109,114.003444,Yuen Long District,元朗區,Tin Shui Wai,天水圍,partner,"3,6,7",false
852UA3021,LUCKY,合作店 LUCKY STAR,"Shop 148, 2 / F, New Beijiang Shopping Centre, Tin Shui Wai",天水圍新北江商場2樓148號鋪（LUCKY STAR）*,,14:00-20:30,14:00-20:30 周六:14:00-20:30,22.452461,114.000445,Yuen Long District,元朗區,Tin Shui Wai,天水圍,partner,"3,6,7",false
852UA3027,串得起士多,合作店 串得起士多,"No.682, Tai Shu Ha Road East, Yuen Long*",元朗大樹下東路682號 (682飯堂)（串得起士多）*,,15:00-24:00,15:00-24:00 周六:15:00-24:00 節假日:15:00-24:00,22.4327765,114.0321378,Yuen Long District,元朗區,Yuen Long,元朗,partner,"3,6,7",false
852UA3029,亨記車行,合作店 亨記車行,"No.173b,Wing Lung Wai,Yuen Long, NT*",元朗元朗錦田永隆圍173B(亨記車行)*,,09:00-20:00,09:00-20:00 周六:09:00-17:00,22.440765,114.069171,Yuen Long District,元朗區,Kam Tin,錦田,partner,"3,6,7",false
852UA3031,淘點易取站,合作店 淘點易取站,"Next to Wai Hong, Sheung Yuet-Fong, 659 Sha Pat Heung Road, Yuen Long*",元朗十八鄉路659號地鋪尚悅方惠康旁 淘點易取站*,,13:30-20:30,13:30-20:30 周六:13:30-20:30,22.4382149,114.0309289,Yuen Long District,元朗區,Yuen Long,元朗,partner,"3,6,7",false
852UA3033,包記士多,合作店 包記士多,"58 Shui Jiao New Village, Yuen Long, New Territories*",新界元朗水蕉新村58號 包記士多*,,14:30-23:30,14:30-23:30 周六:14:30-23:30,22.425476,114.0282563,Yuen Long District,元朗區,Yuen Long,元朗,partner,"3,6,7",false
852UAA,"Lai Sun Yuen Long Centre, Yuen Long",元朗麗新元朗中心順豐站,"Unit 12C, G/F, Lai Sun Yuen Long Centre, No.27 Wang Yip Street East*^,Yuen Long,Yuen Long District,Hong Kong",香港元朗區元朗宏業東街26號麗新元朗中心地下12C*,63096879,Mon to Sat 09:00-20:00; Sun & Statutory Holidays 09:00-18:00,"周一至周六,09:00-20:00;周日及勞工假期,09:00-18:00",22.448287,114.029522,Yuen Long District,元朗區,Yuen Long,元朗,station,"1,3,5,6,7",true
852UAB,"Hung Wai Industrial Building, Yuen Long",元朗雄偉工業大廈順豐站,"Unit no. F, G/F, Hung Wai Industrial Building,Nos.1-5 Hi Yip Street West*^,Yuen Long,Yuen Long District,Hong Kong",香港元朗區元朗喜業街1-5號雄偉工業大廈地下F室*,63096879,Mon to Sat 09:00-20:00; Sun & Statutory Holidays 09:00-18:00,"周一至周六,09:00-20:00;周日及勞工假期,09:00-18:00",22.449805,114.028084,Yuen Long District,元朗區,Yuen Long,元朗,station,"1,3,5,6,7",true
852UAL,"Melody Garden, Tuen Mun",屯門美樂花園商場順豐站,"Shop 65, G/F, Melody Garden, Tuen Mun Ferry Pier*^,Tuen Mun,Tuen Mun District,Hong Kong",香港屯門區屯門屯門碼頭美樂花園商場65號鋪*,64686958,Mon to Fri 11:00-21:00; Sun & Public Holidays 12:00-20:00; Sat 12:00-20:00,"周一至周五,11:00-21:00;周日及公眾假期,12:00-20:00;周六,12:00-20:00",22.374191,113.961061,Tuen Mun District,屯門區,Tuen Mun,屯門,station,"1,3,5,6,7",true
852UB3003,"Indiv. Store No 101, Shan Tsuen (Wang Toi Shan), Yuen Long, NT",合作點 燦利士多,"No 101, Shan Tsuen (Wang Toi Shan), Yuen Long, NT*",新界八鄉橫台山散村101號 燦利士多*,,12:00-23:59,12:00-23:59,22.4428727,114.0785564,Yuen Long District,元朗區,Pat Heung,八鄉,partner,"3,6,7",false
852UB3006,"Indiv. Store NO.1A1, HA CHUK YUEN VILLAGE, YUEN LONG, NT",合作點 奕豐士多,"NO.1A1, HA CHUK YUEN VILLAGE, YUEN LONG, NT*",元朗青山公路潭美段下竹園邨1A1號地下 奕豐士多*,,13:30-21:00,13:30-21:00,22.477171,114.056257,Yuen Long District,元朗區,San Tin,新田,partner,"3,6,7",false
852UB3007,"Indiv. Store Rd 251A, Kam Sheung Rd, Shek Wu Tong, Shek Tin, NT",合作點 NET MEAT SHOP,"Rd 251A, Kam Sheung Rd, Shek Wu Tong, Shek Tin, NT*",元朗錦上路石湖塘石田路251A號地下 NET MEAT SHOP*,,11:00-20:00,11:00-20:00,22.4257434,114.0717054,Yuen Long District,元朗區,Yuen Long,元朗,partner,"3,6,7",false
852UC,"Winfield Building, Tuen Mun",屯門永發工廈順豐站,"Unit B, G/F, Winfield Building, No. 3 Kin Kwan Street*^,Tuen Mun,Tuen Mun District,Hong Kong",香港屯門區屯門建群路3號永發工業大廈地下B室*,96640636,Mon to Sat 09:00-20:00; Sun & Statutory Holidays Closed,"周一至周六,09:00-20:00;周日及勞工假期,休息",22.396406,113.96931,Tuen Mun District,屯門區,Tuen Mun,屯門,station,"3,5,6,7",false
852UC2001,OK#479,便利店 錦珊園OK,"Shop No. 2 G/F., Coronet Court, No. 2 Hung Tai Road, Hung Shui Kiu, Yuen Long, N.T.",元朗洪水橋洪堤路 2 號錦珊園地下2號鋪OK#479,,00:00-00:00,00:00-00:00 周六:00:00-00:00 周日:00:00-00:00 節假日:00:00-00:00,22.433843,113.997123,Yuen Long District,元朗區,Hung Shui Kiu,洪水橋,partner,"3,6,7",false
852UC2002,OK#187,便利店 富泰商場地下OK,"Shop 6 G/F., Fu Tai Shopping Centre, Tuen Mun, N.T.",屯門富泰商場地下6號鋪OK#187*,,00:00-00:00,00:00-00:00 周六:00:00-00:00 周日:00:00-00:00 節假日:00：-00:00,22.4136,113.9828,Tuen Mun District,屯門區,Tuen Mun,屯門,partner,"3,6,7",false
852UC3001,進達餐廳,合作店 進達餐廳,"311 Ng Lau Rd,Tsing Chuen Wai ,Lam Tei,Tuen Mun,N.T*",屯門區藍地青磚 圍五柳路311號（進達餐廳）*,,13:00-19:00,13:00-19:00 周六:11:00-16:00 周日:11:00-16:00 節假日:11:00-16:00,22.4216,113.982114,Tuen Mun District,屯門區,Lam Tei,藍地,partner,"3,6,7",false
852UC3002,洪美藍星站,合作店 洪美藍星站,"Shop B,No.25 Lam Tei Main St, Tuen Mun, N.T.*",屯門藍地大街2號B鋪(洪美藍星站)*,,11:00-20:00,11:00-20:00,22.418623,113.984914,Tuen Mun District,屯門區,Lam Tei,藍地,partner,"3,6,7",false
852UC3004,CAR ONE,合作店 CAR ONE,"Ground Floor, 422 SAN King Village, Tuen Mun*",屯門新慶村422號地下 CAR ONE*,,09:00-19:00,09:00-19:00 周六:09:00-19:00 周日:09:00-19:00,22.416664,113.9792067,Tuen Mun District,屯門區,Tuen Mun,屯門,partner,"3,6,7",false
852UC3006,有嘢攞,合作店 有嘢攞,"SHOP 44,FU TAI SHOPPING CENTRE,TUEN MUN*",屯門屯貴路9號富泰街市44號鋪 (有嘢攞)*,,11:00-20:00,11:00-20:00 周六:11:00-20:00,22.41391,113.982997,Tuen Mun District,屯門區,Tuen Mun,屯門,partner,"3,6,7",false
852UCL,"Tin Chak Shopping Centre, Tin Shui Wai",天水圍天澤商場順豐站,"Shop No. 310, 3/F., Tin Chak Shopping Centre, Nos. 71,73,75 and 77 Tin Shui Road*^,Tin Shui Wai,Yuen Long District,Hong Kong",香港元朗區天水圍天瑞路71-77號天澤商場3樓310鋪*,65082310,Mon to Fri 11:00-22:00; Sun & Public Holidays 12:00-20:00; Sat 12:00-20:00,"周一至周五,11:00-22:00;周日及公眾假期,12:00-20:00;周六,12:00-20:00",22.468821,113.998561,Yuen Long District,元朗區,Tin Shui Wai,天水圍,station,"1,3,5,6,7",true
852UD,"My Loft, Tuen Mun",屯門萬能閣順豐站,"Unit G01 on G/F of My Loft, No.9 Hoi Wing Road*^,Tuen Mun,Tuen Mun District,Hong Kong",香港屯門區屯門海榮路9號萬能閣地下1號鋪*,94479757,Mon to Sat 09:00-20:00; Sun & Statutory Holidays Closed,"周一至周六,09:00-20:00;周日及勞工假期,休息",22.382035,113.97512,Tuen Mun District,屯門區,Tuen Mun,屯門,station,"1,3,5,6,7",true
852UD2001,OK#16,便利店 友愛邨H.A.N.D.S.OK,"Shop No.S-114 & S-115, G/F., H.A.N.D.S., Yau Oi Est, Tuen Mun. N.T",屯門友愛邨H.A.N.D.S.地下S-114 & S-115 OK#16*,,00:00-00:00,00:00-00:00 周六:00:00-00:00 周日:00:00-00:00 節假日:00:00-00:00,22.387525,113.974778,Tuen Mun District,屯門區,Tuen Mun,屯門,partner,"3,6,7",false
852UD3001,韻瑤琴室,合作店 韻瑤琴室,"G/F 249 So Kwun Wat Tsuen Road, Tuen Mun,NT*",屯門掃管笏村249號村口（韻瑤琴室）*,,12:30-22:00,12:30-22:00 周六:12:00-19:00,22.376568,114.00563,Tuen Mun District,屯門區,So Kwun Wat,掃管笏,partner,"3,6,7",false
852UFL,"Fung Yau Street South, Yuen Long",元朗好順利大廈順豐站,"Shop No.79 on the Ground Floor of Ho Shun Lee Building, No.9 Fung Yau Street South*^,Yuen Long,Yuen Long District,Hong Kong",香港元朗區元朗鳯攸南街9號好順利大廈地下79號鋪*,62730015,Mon to Fri 11:00-21:00; Sun & Public Holidays 12:00-20:00; Sat 12:00-20:00,"周一至周五,11:00-21:00;周日及公眾假期,12:00-20:00;周六,12:00-20:00",22.441994,114.034504,Yuen Long District,元朗區,Yuen Long,元朗,station,"1,3,5,6,7",true
852UGL,"On Hing Street, Yuen Long",元朗安泰樓順豐站,"Shop 3, G/F and Cockloft, On Tai Building, 59-67 Yuen Long On Hing Street*^,Yuen Long,Yuen Long District,Hong Kong",香港元朗區元朗安興街59-67號安泰樓地下3號鋪*,62730015,Mon to Fri 11:00-22:00; Sun & Public Holidays 12:00-20:00; Sat 12:00-20:00,"周一至周五,11:00-22:00;周日及公眾假期,12:00-20:00;周六,12:00-20:00",22.442228,114.02376,Yuen Long District,元朗區,Yuen Long,元朗,station,"1,3,5,6,7",true
852UHL,"Golden Plaza, Yuen Long",元朗萬金中心順豐站,"G/F23, Floor G, Golden Plaza, No. 28 Shui Che Kwun Street*^,Yuen Long,Yuen Long District,Hong Kong",香港元朗區元朗水車館街28號萬金中心地下23鋪*,62730015,Mon to Fri 11:00-22:00; Sun & Public Holidays 12:00-20:00; Sat 12:00-20:00,"周一至周五,11:00-22:00;周日及公眾假期,12:00-20:00;周六,12:00-20:00",22.445162,114.031224,Yuen Long District,元朗區,Yuen Long,元朗,station,"1,3,5,6,7",true
852UJL,"One Sky Mall, Tin Shui Wai",天水圍天一商城順豐站,"Shop 3007, 3/F, 8 Tin Sau Rd*^,Tin Shui Wai,Yuen Long District,Hong Kong",香港元朗區天水圍天秀路8號天一商城3樓3007號鋪*,65082310,Mon to Fri 11:00-20:30; Sun & Public Holidays 12:00-20:00; Sat 12:00-20:00,"周一至周五,11:00-20:30;周日及公眾假期,12:00-20:00;周六,12:00-20:00",22.464742,114.003161,Yuen Long District,元朗區,Tin Shui Wai,天水圍,station,"3,5,6,7",false
852WCLM,"Wei Chi Lane, Shek Kip Mei",石硤尾偉智里順豐站,"Shop 222, G/F, Kam Yuck Building, 2 Wai Chi Lane*^,Shek Kip Mei,Sham Shui Po District,Hong Kong",香港深水埗區石硤尾偉智里2號金玉大廈地下222號鋪*,64635273,Mon to Fri 11:00-21:00; Sun & Public Holidays 12:00-20:00; Sat 12:00-20:00,"周一至周五,11:00-21:00;周日及公眾假期,12:00-20:00;周六,12:00-20:00",22.33464,114.167044,Sham Shui Po District,深水埗區,Shek Kip Mei,石硤尾,station,"3,5,6,7",false
852YMCM,"Yue Man Centre, Kwun Tong",觀塘裕民中心順豐站,"Shop No. 53 on Ground Floor., Yue Man Centre, Nos. 300 & 302 Ngau Tau Kok Road*^,Kwun Tong,Kwun Tong District,Hong Kong",香港觀塘區觀塘牛頭角道300-302號裕民中心地下53號鋪*,67934923,Mon to Fri 11:00-22:00; Sun & Public Holidays 12:00-20:00; Sat 12:00-20:00,"周一至周五,11:00-22:00;周日及公眾假期,12:00-20:00;周六,12:00-20:00",22.314448,114.222762,Kwun Tong District,觀塘區,Kwun Tong,觀塘,station,"3,5,6,7",false
852Z010,"Fanling, Queen Hill Estate",粉嶺皇後山邨順豐站,"Shop No. 7, G/F, Queens Hill Shopping Centre, Queens Hill Estate*^,Fanling,North District,Hong Kong",香港北區粉嶺皇後山邨皇後山商場地下7號鋪*,64781595,Mon to Fri 11:00-20:30; Sun & Public Holidays 12:00-20:00; Sat 12:00-20:00,"周一至周五,11:00-20:30;周日及公眾假期,12:00-20:00;周六,12:00-20:00",22.503439,114.156047,North District,北區,Fanling,粉嶺,station,"1,3,5,6,7",true
852Z011,"Flora Plaza, Fanling",粉嶺花都廣場順豐站,"Shop No. 103, G/F, Flora Plaza, 88 Pak Wo Road*^,Fanling,North District,Hong Kong",香港北區粉嶺百和路88號花都廣場地下103鋪*,64688642,Mon to Fri 11:00-21:00; Sun & Public Holidays 12:00-20:00; Sat 12:00-20:00,"周一至周五,11:00-21:00;周日及公眾假期,12:00-20:00;周六,12:00-20:00",22.485184,114.141308,North District,北區,Fanling,粉嶺,station,"3,5,6,7",false
852Z051,"Kowloon Tong, Festival Walk",九龍塘又一城順豐站,"Shop G36C (Near Taxi Station), Level G, Festival Walk, 80 Tat Chee Avenue*,Kowloon Tong,Kowloon City District,Hong Kong",香港九龍城區九龍塘達之路80號又一城地下G36C號鋪(近的士站旁)*,,Mon to Fri 11:00-21:00; Sun & Public Holidays 12:00-20:00; Sat 12:00-20:00,"周一至周五,11:00-21:00;周日及公眾假期,12:00-20:00;周六,12:00-20:00",22.337588,114.174464,Kowloon City District,九龍城區,Kowloon Tong,九龍塘,station,"5,7,6,3",false
852Z053,"Yin Chong Street, Mong Kok",旺角煙廠街順豐站,"Shop A, G/F, Nos.33 Yin Chong Street*^,Mong Kok,Yau Tsim Mong District,Hong Kong",香港油尖旺區旺角煙廠街33號地下A鋪*^,63297806,Mon to Fri: 11:00-22:00; Sat、Sun and Public Holiday: 12:00-20:00,"周一至周五,11:00-22:00;周日及公眾假期,12:00-20:00; 周六: 12:00-20:00",22.316656,114.172732,Yau Tsim Mong District,油尖旺區,Mong Kok,旺角,station,"1,6,5,7",true
852Z101,"The LOHAS, Tseung Kwan O",將軍澳康城順豐站,"Shop 340, Level 3, The Lohas, No.1 Lohas Park Road*,LOHAS Park,Sai Kung District,Hong Kong",香港西貢區康城康城路1號康城3樓340號鋪*,64635030,Mon to Fri 10:00-22:00; Sun & Public Holidays 12:00-20:00; Sat 12:00-20:00,"周一至周五,10:00-22:00;周日及公眾假期,12:00-20:00;周六,12:00-20:00",22.29510598,114.2697184,Sai Kung District,西貢區,LOHAS Park,康城,station,"3,5,6,7,4",false
852Z102,"Ocean Shores, Tiu Keng Leng",調景嶺維景灣畔順豐站,"Shop A1, LG2/F, Phase III Ocean Shores, 88 O King Road, Tiu Keng Leng, Sai Kung District, New Territories, Hong Kong*,Tiu Keng Leng,Sai Kung District,Hong Kong",香港西貢區調景嶺香港新界西貢區調景嶺澳景路88號維景灣畔3期低層地下2樓A1號鋪*,63320238,"Mon-Fri: 12:00-21:00 Sat, Sun and Public Holilday: 12:00-20:00","周一至周五,12:00-22:00;周日及公眾假期,12:00-20:00; 周六, 12:00-20:00",22.30372,114.252515,Sai Kung District,西貢區,Tiu Keng Leng,調景嶺,station,"5,6,1,3,7",true
852Z151,"Prosperity Place, Kwun Tong",觀塘泓富廣場順豐站,"Unit 708, 7/F, Prosperity Place, No. 6 Shing Yip Street*^,Kwun Tong,Kwun Tong District,Hong Kong",香港觀塘區觀塘成業街6號泓富廣場7樓708室*,67934923,Mon to Fri 11:00-20:00; Sun & Public Holidays Closed; Sat 12:00-20:00,"周一至周五,11:00-20:00;周日及公眾假期,休息;周六,12:00-20:00",22.31055,114.225721,Kwun Tong District,觀塘區,Kwun Tong,觀塘,station,"1,3,5,6,7",true
852Z152,"Sau Mau Ping, Po Tat shopping CTR",秀茂坪寶達商場順豐站,"Shop No. 108, P1 Floor, Po Tat Shopping Centre, Po tat Estate, Kwun Tong, Kwun Tong District, Kowloon, Hong Kong*,Yau Tong,Kwun Tong District,Hong Kong",香港觀塘區油塘秀茂坪寶達邨寶達商場P1樓108號鋪*,67934923,"Mon - Fri: 11:00-21:00, Sat, Sun and Public Holiday: 12:00-20:00","周一至周五,12:00-21:00;周日及公眾假期,12:00-20:00; 周六, 12:00-20:00",22.317409,114.236184,Kwun Tong District,觀塘區,Yau Tong,油塘,station,"7,6,5,1,3",true
852Z201,Nam Cheong MTR,南昌港鐵順豐站,"MTR Station Shop NAC 22-23 at Nam Cheong Station*^,Nam Cheong,Sham Shui Po District,Hong Kong",香港深水埗區南昌港鐵南昌站NAC 22-23號鋪 (非入閘區)*,64684261,Mon to Fri 11:00-22:00; Sun & Public Holidays 12:00-20:00; Sat 12:00-20:00,"周一至周五,11:00-22:00;周日及公眾假期,12:00-20:00;周六,12:00-20:00",22.328088,114.15311,Sham Shui Po District,深水埗區,Nam Cheong,南昌,station,"3,5,6,7",false
852Z251,"Harbour City, Tsim Sha Tsui(self drop-off only)",尖沙咀海港城順豐站(只限寄件),"Gateway Arcade Level 4 (Inside the customer service center), Harbour City, 3-27 Canton Road,Tsim Sha Tsui,Yau Tsim Mong District,Hong Kong",香港油尖旺區尖沙咀廣東道3-27號海港城港威商場四樓（客戶服務中心內）（只提供寄件服務）,62086145,Mon to Fri 11:00-21:00; Sun & Public Holidays 12:00-21:00; Sat 12:00-21:00,"周一至周五,11:00-21:00;周日及公眾假期,12:00-21:00;周六,12:00-21:00",22.298629,114.168166,Yau Tsim Mong District,油尖旺區,Tsim Sha Tsui,尖沙咀,station,"5,7",false
852Z252,Hong Kong West Kowloon Station SF Store,尖沙咀西九龍高鐵順豐站,"Shop WEK G-5, G/F, Hong Kong West Kowloon Station*^,Tsim Sha Tsui,Yau Tsim Mong District,Hong Kong",香港油尖旺區尖沙咀西九龍站G層WEK G-5號鋪*,62086145,Mon to Fri 11:00-20:00; Sun & Public Holidays 11:00-20:00; Sat 11:00-20:00,"周一至周五,11:00-20:00;周日及公眾假期,11:00-20:00;周六,11:00-20:00",22.30499,114.1649,Yau Tsim Mong District,油尖旺區,Tsim Sha Tsui,尖沙咀,station,"5,6,7",false
852Z253,"Kowloon City, Pearl House",九龍城龍珠樓順豐站,"G/F, Pearl House, Nos.368-374 Prince Edward Road West*^,Kowloon City,Kowloon City District,Hong Kong",香港九龍城區九龍城太子道西368-374號龍珠樓地下*,64635340,Mon to Fri 11:00-21:00; Sun & Public Holidays 12:00-20:00; Sat 12:00-20:00,"周一至周五,11:00-21:00;周日及公眾假期,12:00-20:00;周六,12:00-20:00",22.3276,114.18794,Kowloon City District,九龍城區,Kowloon City,九龍城,station,"1,3,5,6,7",true
852Z351,"Citygate, Tung Chung(self drop-off only)",東涌東薈城順豐站(只限寄件),"Customer Service Centre (near Shop 259), L2 Citygate Outlets, 20 Tat Tung Road(self drop-off only),Tung Chung,Lantau District,Hong Kong",香港大嶼山區東涌達東路20號東薈城2樓顧客服務中心(近259號鋪)（只提供自寄服務：只限東薈城購物人仕、東薈城一座辦公室員工及諾富特東薈城酒店住客使用）,61125020,Mon to Fri 11:00-21:00; Sun & Public Holidays 11:00-21:00; Sat 11:00-21:00,"周一至周五,11:00-21:00;周日及公眾假期,11:00-21:00;周六,11:00-21:00",22.28975,113.941301,Lantau District,大嶼山區,Tung Chung,東涌,station,"5,7",false
852Z352,Tsing Yi MTR,青衣港鐵順豐站,"TSY 14-15, U2 Airport Express Platform, Tsing Yi Station*^,Tsing Yi,Kwai Tsing District,Hong Kong",香港葵青區青衣港鐵站機場快線大堂U2層14-15號鋪*,61125020,Mon to Fri 11:00-22:00; Sun & Public Holidays 12:00-20:00; Sat 12:00-20:00,"周一至周五,11:00-22:00;周日及公眾假期,12:00-20:00;周六,12:00-20:00",22.359567,114.108129,Kwai Tsing District,葵青區,Tsing Yi,青衣,station,"3,5,6,7",false
852Z355,"Nan Fung Centre, Tsuen Wan",荃灣南豐中心順豐站,"Unit Nos. 807 & 808 on 8/F of Nan Fung Centre,  264-298 Castle Peak Road Tsuen Wan & 64-98 Sai Lau Kok Road*^,Tsuen Wan,Tsuen Wan District,Hong Kong",香港荃灣區荃灣西樓角路64-98號及荃灣青山公路264-298號南豐中心807-808室*,61125020,Mon to Fri 11:00-22:00; Sun & Public Holidays 12:00-20:00; Sat 12:00-20:00,"周一至周五,11:00-22:00;周日及公眾假期,12:00-20:00;周六,12:00-20:00",22.373709,114.116563,Tsuen Wan District,荃灣區,Tsuen Wan,荃灣,station,"5,6,3,1,7",true
852Z401,"Richland Gardens, Kowloon Bay",九龍灣麗晶花園順豐站,"Unit 211, 2/F, Richland Gardens, 80 Wang Kwong Road, Kowloon Bay, Kwun Tong District, Kowloon, Hong Kong*,Kowloon Bay,Kwun Tong District,Hong Kong",香港觀塘區九龍灣香港九龍觀塘區九龍灣宏光道80號麗晶花園2樓211號鋪*,64686946,"Mon - Fri: 11:00-21:00, Sat & Sun & Public Hoilday: 12:00-20:00","周一至周五,12:00-21:00;周日及公眾假期,12:00-20:00; 周六,12:00-20:00",22.329308,114.205985,Kwun Tong District,觀塘區,Kowloon Bay,九龍灣,station,"7,6,5,3",false
852Z402,Tsz Wan Shan Shopping Centre,慈雲山中心順豐站,"Shop No.410B, Tsz Wan Shan Shopping Centre, 23 Yuk Wah Street, Tsz Wan Shan, Wong Tai Sin District, Kowloon, Hong Kong,Kowloon Bay,Kwun Tong District,Hong Kong",香港觀塘區九龍灣慈雲山毓華街23號慈雲山中心4樓410B鋪*,56847740,"Mon to Fri: 11:00-21:00, Sat to Sun, Public: 12:00-20:00","周一至周五,11:00-21:00;周日及公眾假期,12:00-20:00;周六,12:00-20:00",22.347802,114.200472,Kwun Tong District,觀塘區,Kowloon Bay,九龍灣,station,"1,3,5,6,7",true
852Z403,"Kai Tak Mall, Kai Tak",啟德零售館順豐站,"Shop No. M2-205, Level 2, Kai Tak Mall 2, Kai Tak Sports Park, Kai Tak, Kowloon City District, Kowloon, Hong Kong,Kai Tak,Kowloon City District,Hong Kong",香港九龍城區啟德香港九龍九龍城區啟德啟德體育園零售館2期2樓M2-205室鋪*,64686946,"Mon to Fri: 12:00-21:00, Sat, Sun and Public Holiday: 12:00-20:00","周一至周五,12:00-21:00;周日及公眾假期,12:00-20:00; 周六, 12:00-20:00",22.32612,114.19586,Kowloon City District,九龍城區,Kai Tak,啟德,station,"6,5,7,1,3",true
852Z501,"Sunglow Building,Sai Wan",西環曉暉大廈順豐站,"Shop No.1, G/F, Sunglow Building, Nos. 1L-1Q Belcher's Street,Sai Wan,Central and Western District,Hong Kong",香港中西區西環卑路乍街1L-1Q號曉暉大廈地下1號*,55235742,Mon to Fri 11:00-20:30; Sun & Public Holidays 12:00-20:00; Sat 12:00-20:00,"周一至周五,11:00-20:30;周日及公眾假期,12:00-20:00;周六,12:00-20:00",22.28605,114.1324,Central and Western District,中西區,Sai Wan,西環,station,"3,5,6,7,1",true
852Z502,"Han Yu Building, Sai Wan",西環恆裕大廈順豐站,"Shop Nos 3 and 4, G/F, Han Yu Building, Nos. 45-55 Cadogan Street,Kennedy Town,Central and Western District,Hong Kong",香港中西區堅尼地城香港香港島中西區堅尼地城加多近街45-55號恆裕大廈地下3號鋪*,55235742,Mon to Fri 11:00-21:00; Sun & Public Holidays 12:00-20:00; Sat 12:00-20:00,"周一至周五,11:00-21:00;周日及公眾假期,12:00-20:00;周六,12:00-20:00",22.28182205,114.1263858,Central and Western District,中西區,Kennedy Town,堅尼地城,station,"1,5,6,7,3",true
852Z552,"Fullview Garden Commercial Centre, Siu Sai Wan",小西灣富景花園商場順豐站,"Shop No. 173 & 128, 1/F, Fullview Garden Commercial Centre, 18 Siu Sai Wan Road*,Siu Sai Wan,Eastern District,Hong Kong",香港東區小西灣小西灣道18號富景花園商場1樓173號鋪 & 128號鋪*,64634947,Mon to Fri 11:00-21:00; Sun & Public Holidays 12:00-20:00; Sat 12:00-20:00,"周一至周五,12:00-21:00;周日及公眾假期,12:00-20:00;周六,12:00-20:00",22.262566,114.251355,Eastern District,東區,Siu Sai Wan,小西灣,station,"1,3,5,6,7",true
852Z601,"Marina Square West Centre, Aberdeen",鴨脷洲海怡西廣場順豐站,"209D, 2/F, Marina Square West Centre, 12A South Horizon Drive*^,Ap Lei Chau,Southern District,Hong Kong",香港南區鴨脷洲海怡廣場西翼2樓209D鋪*,98319090,Mon to Fri 11:00-21:00; Sun & Public Holidays 12:00-20:00; Sat 12:00-20:00,"周一至周五,11:00-21:00;周日及公眾假期,12:00-20:00;周六,12:00-20:00",22.243808,114.146854,Southern District,南區,Ap Lei Chau,鴨脷洲,station,"1,3,5,6,7",true
852Z660,"H.A.N.D.S, Tuen Mun",屯門愛定商場順豐站,"Shop Nos. N313, 3/F, Zone N, H.A.N.D.S, On Ting Estate*^,Tuen Mun,Tuen Mun District,Hong Kong",香港屯門區屯門鄉事會路2A號安定邨愛定商場3樓N-313號鋪*,65755840,Mon to Fri 11:00-21:00; Sun & Public Holidays 12:00-20:00; Sat 12:00-20:00,"周一至周五,11:00-21:00;周日及公眾假期,12:00-20:00;周六,12:00-20:00",22.387876,113.975233,Tuen Mun District,屯門區,Tuen Mun,屯門,station,"1,3,5,6,7",true
852Z661,"Trend Plaza, Tuen Mun",屯門時代廣場順豐站,"Shop No. 32, Level 2, North Wing, Trend Plaza,Tuen Mun*^,Tuen Mun,Tuen Mun District,Hong Kong",香港屯門區屯門屯門時代廣場北翼L2-32鋪*,64686958,Mon to Fri 10:00-22:00; Sun & Public Holidays 12:00-20:00; Sat 12:00-20:00,"周一至周五,11:00-22:00;周日及公眾假期,12:00-20:00;周六,12:00-20:00",22.393138,113.975477,Tuen Mun District,屯門區,Tuen Mun,屯門,station,"1,3,5,6,7,4",true
852Z662,"Tak Cheung Building, Hung Shui Kiu",洪水橋德祥樓順豐站,"Shop 25, 26A & 12B on G/F, Tak Cheung Building, No.1 Hung Shui Kiu Main Street*,Hung Shui Kiu,Yuen Long District,Hong Kong","香港元朗區洪水橋洪水橋大街1號德祥樓地下25 ,26A & 12B號鋪*",65082353,Mon to Fri 11:00-21:00; Sun & Public Holidays 12:00-20:00; Sat 12:00-20:00,"周一至周五,12:00-21:00;周日及公眾假期,12:00-20:00, 周六: 12:00-20:00",22.432767,113.995815,Yuen Long District,元朗區,Hung Shui Kiu,洪水橋,station,"1,3,5,6,7",true
852Z701,On King Building SF Store,元朗安景樓順豐站,"Shop A,G/F,On King Building Nos. 81-97 Hop Yick Road*,Yuen Long,Yuen Long District,Hong Kong",香港元朗區元朗合益路81-97號安景樓地下A鋪*,62730015,Mon to Fri 11:00-22:00; Sun & Public Holidays 12:00-20:00; Sat 12:00-20:00,"周一至周五,11:00-22:00;周日及公眾假期,12:00-20:00;周六,12:00-20:00",22.441775,114.029795,Yuen Long District,元朗區,Yuen Long,元朗,station,"1,3,5,6,7",true
H852A001S,"G/F, Queens Hill Shopping Centre, Queens Hill Estate",冷凍櫃 粉嶺皇後山邨皇後山商場地下,"Shop No.7, G/F, Queens Hill Shopping Centre, Queens Hill Estate, Fanling",粉嶺皇後山邨皇後山商場地下7號鋪,,11:00-20:30,11:00-20:30 周六:12:00-20:00 周日:12:00-20:00 節假日:12:00-20:00,22.503553,114.156334,North District,北區,Fanling,粉嶺,station,"1,6,7",true
H852A003P,"SF Locker Yung Shing Shopping Centre, Fanling",自助櫃 粉嶺雍盛商場,"1/F, Yung Shing Shopping Centre, Fanling*",粉嶺雍盛商場1樓(停車場升降機大堂)*,,07:00-23:00,07:00-23:00 周六:07:00-23:00 周日:07:00-23:00 節假日:07:00-23:00,22.48263,114.138548,North District,北區,Fanling,粉嶺,locker,"3,5,6,7",false
H852A007P,"Tsui Lai Garden, Sheung Shui",自助櫃 上水翠麗花園,"Bus Terminus, Tsui Lai Garden, Sheung Shui*",上水翠麗花園巴士總站*,,00:00-23:59,00:00-23:59 周六:00:00-23:59 周日:00:00-23:59 節假日:00:00-23:59,22.507258,114.12853,North District,北區,Sheung Shui,上水,station,"3,5,6,7",false
H852A009P,"Landmark North, Sheung Shui",自助櫃 上水上水廣場,"Bus Terminus (Near Platform 3), Landmark North, Sheung Shui *",上水廣場地下巴士總站近3號月台*,,00:00-23:59,00:00-23:59 周六:00:00-23:59 周日:00:00-23:59 節假日:00:00-23:59,22.502456,114.128122,North District,北區,Sheung Shui,上水,station,"3,5,6,7",false
H852A010P,"Tai Ping Estate, Sheung Shui",自助櫃 上水太平邨,"Bus Terminus (Near North District Hospital), Tai Ping Estate, Sheung Shui*",上水太平邨巴士總站近北區醫院*,,00:00-23:59,00:00-23:59 周六:00:00-23:59 周日:00:00-23:59 節假日:00:00-23:59,22.497854,114.125297,North District,北區,Sheung Shui,上水,station,"3,5,6,7",false
H852A011P,"Heung Yuen Wai Boundary Control Point, Ta Kwu Ling",自助櫃 打鼓嶺香園圍邊境管制站,"Public Transport Interchange (Near Parking Space For Coaches), Heung Yuen Wai Boundary Control Point, Ta Kwu Ling*",香園圍邊境管制站公共運輸交匯處旅遊巴落客點*,,00:00-23:59,00:00-23:59 周六:00:00-23:59 周日:00:00-23:59 節假日:00:00-23:59,22.55185,114.153924,North District,北區,North District,北區,station,"3,5,6,7",false
H852A012P,"SF Locker Ka Fuk Shopping Centre, Fanling",自助櫃 粉嶺嘉福商場,"G/F, Ka Fuk Shopping Centre, Fanling*",粉嶺嘉福商場地下(意樂餐廳旁邊通道)*,,00:00-23:59,00:00-23:59 周六:00:00-23:59 周日:00:00-23:59 節假日:00:00-23:59,22.493469,114.135708,North District,北區,Fanling,粉嶺,locker,"3,5,6,7",false
H852A013P,"Sha Tau Kok Chuen, Sha Tau Kok",自助櫃 沙頭角沙頭角邨,"Bus Terminus, Sha Tau Kok Chuen, Sha Tau Kok*",沙頭角沙頭角邨巴士總站*,,00:00-23:59,00:00-23:59 周六:00:00-23:59 周日:00:00-23:59 節假日:00:00-23:59,22.545621,114.223749,North District,北區,Sha Tau Kok,沙頭角,station,"3,5,6,7",false
H852A015P,"Near Block 2 , Podium, Block 1,2,3,5, Woodland Crest, 33 Tin Ping Road, Sheung Shui","自助櫃 上水奕翠園一,二,三,五座平台","Near Block 2 , Podium, Block 1,2,3,5, Woodland Crest, Sheung Shui(Residents only)*",香港上水奕翠園近二座平台(只供住戶使用)*,,00:00-23:59,00:00-23:59 周六:00:00-23:59 周日:00:00-23:59 節假日:00:00-23:59,22.50729,114.132573,North District,北區,Sheung Shui,上水,station,"3,5,6,7",false
H852A016P,"SF Locker Locker No.1, Ching Ho Estate, Sheung Shui",自助櫃 上水清河邨(一號櫃),"Locker No.1, G/F, Ching Chak House, Sheung Shui*",上水清河邨清澤樓地下一號櫃*,,00:00-23:59,00:00-23:59 周六:00:00-23:59 周日:00:00-23:59 節假日:00:00-23:59,22.492998,114.126922,North District,北區,Sheung Shui,上水,locker,"3,7,6",false
H852A017P,"SF Locker Cheung Lung Wai Estate, Sheung Shui",自助櫃 上水祥龍圍邨,"G/F, Ching Cheung House, Sheung Shui*",上水祥龍圍邨呈祥樓地下*,,00:00-23:59,00:00-23:59 周六:00:00-23:59 周日:00:00-23:59 節假日:00:00-23:59,22.495157,114.123627,North District,北區,Sheung Shui,上水,locker,"3,6,7",false
H852A018P,"Podium, Block 6,7,8,9, Woodland Crest","自助櫃 上水奕翠園六,七,八,九座平台","Footbrige Exit, Podium, Block 6,7,8,9, Woodland Crest, Sheung Shui(Residents only)*",香港上水奕翠園六至九座平台天橋出口住戶使用*,,00:00-23:59,00:00-23:59 周六:00:00-23:59 周日:00:00-23:59 節假日:00:00-23:59,22.506209,114.132377,North District,北區,Sheung Shui,上水,station,"5,3,6,7",false
H852A019P,"Loading Area, G/F, Block 7, Dawning Views, 23 Yat Ming Road, Fanling, New Territories(Residentsonly)*+",自助櫃 粉嶺牽晴間,"Loading Area, G/F, Block 7, Dawning Views, Fanling(Residents only)*",粉嶺牽晴間第七座地下卸貨區(只供住戶使用)*,,00:00-23:59,00:00-23:59 周六:00:00-23:59 周日:00:00-23:59 節假日:00:00-23:59,22.486467,114.145003,North District,北區,Fanling,粉嶺,partner,"3,6,7",false
H852A021P,"Junior Police Officers Married Quarters, Fan Garden",自助櫃 粉嶺芬園已婚初級警務人員宿舍,"G/F, Junior Police Officers Married Quarters, Fan Garden, Fanling (Residentsonly)*",粉嶺芬園已婚初級警務人員宿舍地下(只供住戶使用)*,,00:00-23:59,00:00-23:59 周六:00:00-23:59 周日:00:00-23:59 節假日:00:00-23:59,22.50111,114.139649,North District,北區,Fanling,粉嶺,partner,"3,6,7",false
H852A022P,"SF Locker Sunningdale Garden, Sheung Shui",自助櫃 上水順欣花園,"G/F, Entrance of Carpark, Sunningdale Garden, Sheung Shui*",上水順欣花園停車場入口地下*,,00:00-23:59,00:00-23:59 周六:00:00-23:59 周日:00:00-23:59 節假日:00:00-23:59,22.501776,114.132552,North District,北區,Sheung Shui,上水,locker,"3,5,6,7",false
H852A023P,"G/F, Flora Plaza, Fanling",自助櫃 粉嶺花都廣場地下,"Next to Fairwood, G/F, Flora Plaza, Fanling*",粉嶺花都廣場地下(大快活對出)*,,00:00-23:59,00:00-23:59 周六:00:00-23:59 周日:00:00-23:59 節假日:00:00-23:59,22.486002,114.141113,North District,北區,Fanling,粉嶺,station,"3,5,6,7",false
H852A024P,"2/F, Ping Chi House, Tai Ping Estate, Sheung Shui ",自助櫃 上水太平邨平治樓,"Near Footbridge, 2/F, Ping Chi House, Tai Ping Estate, Sheung Shui *",上水太平邨平治樓2樓(近天橋位置)*,,00:00-23:59,00:00-23:59 周六:00:00-23:59 周日:00:00-23:59 節假日:00:00-23:59,22.498495,114.126277,North District,北區,Sheung Shui,上水,station,"3,5,6,7",false
H852A025P,"One Innovale, Fanling",自助櫃 粉嶺One Innovale,"Shuttle Lift Lobby, B/F, One Innovale, Fanling(Residents only)*",粉嶺One Innovale穿梭升降機大堂(只供住戶使用)*,,00:00-23:59,00:00-23:59 周六:00:00-23:59 周日:00:00-23:59 節假日:00:00-23:59,22.502905,114.145448,North District,北區,Fanling,粉嶺,station,"3,5,6,7",false
H852A026P,"Shop No.117, G/F, Choi Chu House, Choi Yuen Estate",自助櫃 上水彩園邨彩珠樓(順豐站),"Shop No.117, G/F, Choi Chu House, Choi Yuen Estate, Sheung Shui*",上水彩園邨彩珠樓地下117號鋪(順豐站)*,,11:00-21:00,11:00-21:00 周六:12:00-20:00 周日:12:00-20:00 節假日:12:00-20:00,22.501072,114.125836,North District,北區,Sheung Shui,上水,partner,"3,6,7",false
H852A027P,"G/F, Queens Hill Shopping Centre, Queens Hill Estate",自助櫃 粉嶺皇後山商場順豐站一號櫃,"Locker No1, Shop No.7, G/F, Queens Hill Shopping Centre, Fanling*",粉嶺皇後山商場地下7號鋪順豐站一號櫃*,,11:00-20:30,11:00-20:30 周六:12:00-20:00 周日:12:00-20:00 節假日:12:00-20:00,22.503556,114.156359,North District,北區,Fanling,粉嶺,partner,"3,6,7",false
H852A028P,"SF Locker Locker No.2, Ching Ho Estate, Sheung Shui",自助櫃 上水清河邨(二號櫃),"Locker No.2, G/F, Ching Chak House, Sheung Shui*",上水清河邨清澤樓地下二號櫃*,,00:00-23:59,00:00-23:59 周六:00:00-23:59 周日:00:00-23:59 節假日:00:00-23:59,22.493117,114.12689,North District,北區,Sheung Shui,上水,locker,"3,7,6",false
H852A030P,"Locker No.2, G/F, Queens Hill Shopping Centre",自助櫃 粉嶺皇後山商場順豐站二號櫃,"Locker No.2, Shop No.7, G/F, Queens Hill Shopping Centre, Fanling*",粉嶺皇後山商場地下7號鋪順豐站二號櫃*,,11:00-20:30,11:00-20:30 周六:12:00-20:00 周日:12:00-20:00 節假日:12:00-20:00,22.503548,114.156331,North District,北區,Fanling,粉嶺,partner,"3,6,7",false
H852A032P,"SF Locker Shun Ming House, Wah Ming Estate, Fanling",自助櫃 粉嶺華明邨禮明樓,"G/F, Lai Ming House, Wah Ming Estate, Fanling*",粉嶺華明邨禮明樓地下*,,00:00-23:59,00:00-23:59 周六:00:00-23:59 周日:00:00-23:59 節假日:00:00-23:59,22.485129,114.140053,North District,北區,Fanling,粉嶺,locker,"3,5,6,7",false
H852A033P,"SF Locker Hong Ming House, Wah Ming Estate, Fanling",自助櫃 粉嶺華明邨康明樓,"G/F, Hong Ming House, Wah Ming Estate, Fanling*",粉嶺華明邨康明樓地下*,,00:00-23:59,00:00-23:59 周六:00:00-23:59 周日:00:00-23:59 節假日:00:00-23:59,22.483275,114.139743,North District,北區,Fanling,粉嶺,locker,"3,5,6,7",false
H852A034P,"SF Locker Tim Ming House, Wah Ming Estate, Fanling",自助櫃 粉嶺華明邨添明樓,"G/F, Tim Ming House, Wah Ming Estate, Fanling*",粉嶺華明邨添明樓地下*,,00:00-23:59,00:00-23:59 周六:00:00-23:59 周日:00:00-23:59 節假日:00:00-23:59,22.483199,114.142042,North District,北區,Fanling,粉嶺,locker,"5,3,7,6",false
H852A036P,"Outside of Activity Room, Platform, Commune Modern, Fanling",自助櫃 粉嶺囍逸,"Outside of Activity Room, Platform, Commune Modern, Fanling(Residents only)*",粉嶺囍逸平台活動室外(只供住戶使用)*,,00:00-23:59,00:00-23:59,22.498305,114.143097,North District,北區,Fanling,粉嶺,station,"3,5,6,7",false
H852A041P,"SF Locker Carpark of Green Code, Fanling",自助櫃 粉嶺逸峯停車場,"Ground Floor, Carpark of Green Code, Fanling*",粉嶺逸峯停車場地下*,,07:00-23:00,07:00-23:00 周六:07:00-23:00 周日:07:00-23:00 節假日:07:00-23:00,22.501708,114.146351,North District,北區,Fanling,粉嶺,locker,"5,3,7,6",false
H852A042P,"SF Locker Ka Shing Court, Fanling",自助櫃 粉嶺嘉盛苑,"Near IO Office, G/F, Ka Yiu House, Ka Shing Court, Fanling*",粉嶺嘉盛苑嘉耀閣地下*,,00:00-23:59,00:00-23:59 周六:00:00-23:59 周日:00:00-23:59 節假日:00:00-23:59,22.492973,114.134129,North District,北區,Fanling,粉嶺,locker,"3,5,6,7",false
H852A048P,"SF Locker 8 Royal Green, Sheung Shui",自助櫃 上水御景峰,"Lobby, 1/F, Royal Green, Sheung Shui(Residents only)*",上水御景峰1樓大堂(只供住戶使用)*,,00:00-23:59,00:00-23:59 周六:00:00-23:59 周日:00:00-23:59 節假日:00:00-23:59,22.495639,114.127864,North District,北區,Sheung Shui,上水,locker,"3,7,6,5",false
H852A058P,"SF Locker Royal Green, Sheung Shui",自助櫃 上水御皇庭,"G/F, Blk 1, Royal Green, Sheung Shui(Residents only)*",上水御皇庭第1座地下(只供住戶使用)*,,00:00-23:59,00:00-23:59 周六:00:00-23:59 周日:00:00-23:59 節假日:00:00-23:59,22.495136,114.127251,North District,北區,Sheung Shui,上水,locker,"3,5,6,7",false
H852A062P,"SF Locker G/F, Sheung Shui Centre Shopping Arcade",自助櫃 上水中心地下,"G/F, Sheung Shui Centre Shopping Arcade, Sheung Shui*",上水中心地下(近中國銀行)*,,00:00-23:59,00:00-23:59 周六:00:00-23:59 周日:00:00-23:59 節假日:00:00-23:59,22.500944,114.129961,North District,北區,Sheung Shui,上水,locker,"3,7,6,5",false
H852A066P,"SF Locker Luen Cheong Street, Fanling(365 Laundry)",自助櫃 粉嶺聯昌街(365 Laundry),"365  Laundry, G/F, 31 Luen Cheong Street, Fanling*",粉嶺聯昌街31號地下(洗衣店內)*,,00:00-23:59,00:00-23:59 周六:00:00-23:59 周日:00:00-23:59 節假日:00:00-23:59,22.499791,114.142576,North District,北區,Fanling,粉嶺,locker,"3,5,6,7",false
H852A069P,"SF Locker Locker No.1, 2/F, Belair Monte Shopping Mall, Fanling",自助櫃 粉嶺綠悠軒商場2樓(一號櫃),"Locker No.1,Shop 17H,2/F,Belair Monte Shopping Mall,Fanling*",粉嶺綠悠軒商場2樓17H鋪一號櫃*,,06:00-23:00,06:00-23:00 周六:06:00-23:00 周日:06:00-23:00 節假日:06:00-23:00,22.501841,114.146048,North District,北區,Fanling,粉嶺,locker,"5,3,7,6",false
H852A070P,"SF Locker Locker No.2, 2/F, Belair Monte Shopping Mall, Fanling",自助櫃 粉嶺綠悠軒商場2樓(二號櫃),"Locker No.2,Shop 17H,2/F,Belair Monte Shopping Mall,Fanling*",粉嶺綠悠軒商場2樓17H鋪二號櫃*,,06:00-23:00,06:00-23:00 周六:06:00-23:00 周日:06:00-23:00 節假日:06:00-23:00,22.502009,114.146102,North District,北區,Fanling,粉嶺,locker,"5,3,7,6",false
H852A082P,"SF Locker Eden Manor, Sheung Shui",自助櫃 上水高爾夫・御苑,"B1,Block 9,Eden Manor, Sheung Shui (Residents only)*",上水高爾夫・御苑9座B1層(只供住戶使用)*,,00:00-23:59,00:00-23:59 周六:00:00-23:59 周日:00:00-23:59 節假日:00:00-23:59,22.50041,114.119788,North District,北區,Sheung Shui,上水,locker,"3,7,6,5",false
H852A087P,"SF Locker Locker No.1, G/F, 4 Fu Hing Street, Sheung Shui(SF Store)",自助櫃 上水符興街4號(順豐站)(一號櫃),"Locker No.1, G/F, 4 Fu Hing Street, Sheung Shui *",上水符興街4號地下(順豐站)一號櫃*,,00:00-23:59,00:00-23:59 周六:00:00-23:59 周日:00:00-23:59 節假日:00:00-23:59,22.504559,114.129232,North District,北區,Sheung Shui,上水,locker,"3,6,7",false
H852A088P,"SF Locker Locker No.2,4 Fu Hing Street, Sheung Shui (SF Store)",自助櫃 上水符興街4號(順豐站)(二號櫃),"Locker No.2, G/F, 4 Fu Hing Street, Sheung Shui *",上水符興街4號地下(順豐站)二號櫃*,,00:00-23:59,00:00-23:59 周六:00:00-23:59 周日:00:00-23:59 節假日:00:00-23:59,22.504559,114.129232,North District,北區,Sheung Shui,上水,locker,"3,6,7",false
H852A099P,"SF Locker G/F, Flora Plaza, Fanling",自助櫃 粉嶺花都廣場(順豐站),"Shop 103, G/F, Flora Plaza, Fanling*",粉嶺花都廣場地下103鋪順豐站*,,11:00-21:00,11:00-21:00 周六:12:00-20:00 周日:12:00-20:00 節假日:12:00-20:00,22.485166,114.141349,North District,北區,Fanling,粉嶺,locker,"3,6,7",false
H852A100P,SF Locker Sheung Shui Police Quarters,自助櫃 上水上水警察宿舍,"G/F, Tower 2, Sheung Shui Police Quarters, Sheung Shui (Residents only)*",上水警察宿舍2座地下(只供住戶使用)*,,00:00-23:59,00:00-23:59 周六:00:00-23:59 周日:00:00-23:59 節假日:00:00-23:59,22.498185,114.128349,North District,北區,Sheung Shui,上水,locker,"3,5,6,7",false
H852AA02P,"SF Locker Locker No.1, G/F, Wan Tau Tong Shopping Centre, Tai Po",自助櫃 大埔運頭塘商場地下(一號櫃),"Locker No.1, G/F, Wan Tau Tong Shopping Centre, Tai Po*",香港大埔運頭塘商場地下一號櫃商場落貨區旁*,,00:00-23:59,00:00-23:59 周六:00:00-23:59 周日:00:00-23:59 節假日:00:00-23:59,22.442126,114.167091,Tai Po District,大埔區,Tai Po,大埔,locker,"5,3,7,6",false
H852AA03P,"Logistic Room, G/F, Silicon Hill, Tai Po",自助櫃 大埔Silicon Hill,"Logistic Room, G/F, Silicon Hill, Tai Po(Residents only)*",大埔Silicon Hill近翠景閣第三座物流房(只供住戶使用)*,,00:00-23:59,00:00-23:59 周六:00:00-23:59 周日:00:00-23:59 節假日:00:00-23:59,22.427428,114.201714,Tai Po District,大埔區,Tai Po,大埔,station,"3,5,6,7",false
H852AA03S,"Logistic Room, G/F, Near Greenwood Tower 3, Silicon Hill, Tai Po",冷凍櫃 大埔Silicon Hill近翠景閣第三座地下,"Logistic Room, G/F, Near Greenwood Tower 3, Silicon Hill, Tai Po(Residents only)",大埔Silicon Hill近翠景閣第三座地下物流房(只供住戶使用),,00:00-23:59,00:00-23:59 周六:00:00-23:59 周日:00:00-23:59 節假日:00:00-23:59,22.42732,114.201955,Tai Po District,大埔區,Tai Po,大埔,station,"1,6,7",true
H852AA04P,"SF Locker Tai Wo Plaza, Tai Po",自助櫃 大埔太和廣場,"1/F, Tai Wo Plaza, Tai Po*",大埔區太和廣場1樓喜和樓街市門口扶手電梯旁*,,07:00-23:00,07:00-23:00 周六:07:00-23:00 周日:07:00-23:00 節假日:07:00-23:00,22.451704,114.161433,Tai Po District,大埔區,Tai Po,大埔,locker,"3,5,6,7",false
H852AA07P,"Locker No.2, Logistic Room, G/F, Near University Hill Phase 2B Scenic Tower 2, Silicon Hill, Tai Po",自助櫃 大埔Silicon Hill近優景閣第二座(二號櫃),"Locker No.2Logistic Room, G/F, Near University Hill Phase 2B Scenic Tower 2, Silicon Hill, Tai Po(Residents only)*",大埔Silicon Hill近優景閣第二座地下物流房二號櫃(只供住戶使用)*,,00:00-23:59,00:00-23:59 周六:00:00-23:59 周日:00:00-23:59 節假日:00:00-23:59,22.428752,114.201318,Tai Po District,大埔區,Tai Po,大埔,station,"3,5,6,7",false
H852AA12P,"Savanna Garden, Tai Po",自助櫃 大埔翡翠花園,"Outside of Clubehouse, G/F, Savanna Garden, Tai Po(Residents only)*",大埔翡翠花園會所地下外(只供住戶使用)*,,00:00-23:59,00:00-23:59 周六:00:00-23:59 周日:00:00-23:59 節假日:00:00-23:59,22.435228,114.181297,Tai Po District,大埔區,Tai Po,大埔,station,"3,5,6,7",false
H852AA14P,"SF Locker Locker No.1, Fu Heng Shopping Centre, Tai Po",自助櫃 大埔富亨商場(一號櫃),"Locker No.1, G/F, Fu Heng Shopping Centre, Tai Po*",香港大埔富亨商場地下一號櫃(近洗手間位置)*,,00:00-23:59,00:00-23:59 周六:00:00-23:59 周日:00:00-23:59 節假日:00:00-23:59,22.458376,114.171217,Tai Po District,大埔區,Tai Po,大埔,locker,"3,5,6,7",false
H852AA15P,"SF Locker The Beverly Hills, Tai Po",自助櫃 大埔比華利山別墅,"Carpark Boulevard de Cascade, The Beverly Hills, Tai Po(Residents only)*",香港大埔比華利山別墅萊茵道停車場會所入口*,,00:00-23:59,00:00-23:59 周六:00:00-23:59 周日:00:00-23:59 節假日:00:00-23:59,22.457765,114.206967,Tai Po District,大埔區,Tai Po,大埔,locker,"3,7,6,5",false
H852AA21P,"SF Locker Hang Wo House, Tai Wo Estate, Tai Po",自助櫃 大埔太和邨亨和樓,"G/F, Hang Wo House, Tai Wo Estate, Tai Po*",香港大埔區太和邨亨和樓地下(近法團會議室)*,,00:00-23:59,00:00-23:59 周六:00:00-23:59 周日:00:00-23:59 節假日:00:00-23:59,22.45195,114.1628,Tai Po District,大埔區,Tai Po,大埔,locker,"3,5,6,7",false
H852AA24P,"SF Locker Richwood Park, Tai Po",自助櫃 大埔嘉豐花園,"Bus Stop, G/F , Richwood Park, Tai Po(Residents only)*",香港大埔嘉豐花園地下村巴站(只供住戶使用)*,,00:00-23:59,00:00-23:59 周六:00:00-23:59 周日:00:00-23:59 節假日:00:00-23:59,22.46345,114.1959,Tai Po District,大埔區,Tai Po,大埔,locker,"5,3,7,6",false
H852AA26P,"SF Locker 2/F, Big Day Mall, Tai Po",自助櫃 大埔大日子廣場2樓,"2/F, Big Day Mall, Tai Po*",香港大埔大日子廣場2樓*,,09:30-21:30,09:30-21:30 周六:09:30-21:30 周日:09:30-21:30 節假日:09:30-21:30,22.44689,114.166257,Tai Po District,大埔區,Tai Po,大埔,locker,"3,5,6,7",false
H852AA30P,"SF Locker Parc Versailles II, Tai Po",自助櫃 大埔帝欣苑二期,"Near Shuttle Bus, Parc Versailles II,Tai Po(Residents only)*",香港大埔帝欣苑二期地下邨巴站側供住戶使用*,,00:00-23:59,00:00-23:59 周六:00:00-23:59 周日:00:00-23:59 節假日:00:00-23:59,22.453206,114.155495,Tai Po District,大埔區,Tai Po,大埔,locker,"3,5,6,7",false
H852AA37P,"SF Locker Tai Po Plaza, Tai Po",自助櫃 大埔廣場商場,"1/F, Commercial Block, Tai Po Plaza, Tai Po*",香港大埔廣場商場1樓(行人電梯大堂)*,,00:00-23:59,00:00-23:59 周六:00:00-23:59 周日:00:00-23:59 節假日:00:00-23:59,22.452728,114.17053,Tai Po District,大埔區,Tai Po,大埔,locker,"3,5,6,7",false
H852AA44P,"SF Locker Locker No.1, Fortune Plaza, Tai Po",自助櫃 大埔昌運中心(一號櫃),"Locker No.1, Shop A7, G/F, Fortune Plaza, Tai Po*",香港大埔昌運中心地下A7號鋪(一號櫃)*,,10:00-22:30,10:00-22:30 周六:10:00-22:30 周日:10:00-22:30 節假日:10:00-22:30,22.452274,114.168101,Tai Po District,大埔區,Tai Po,大埔,locker,"3,6,7",false
H852AA47P,"SF Locker Po Nga Court Carpark, Tai Po",自助櫃 大埔寶雅苑停車場,"Carpark, G/F, Po Nga Court, Tai Po*",香港大埔寶雅苑地下停車場(近寶雅幼稚園)*,,00:00-23:59,00:00-23:59 周六:00:00-23:59 周日:00:00-23:59 節假日:00:00-23:59,22.451143,114.158801,Tai Po District,大埔區,Tai Po,大埔,locker,"5,3,7,6",false
H852AA49P,"SF Locker Mont Vert, Tai Po",自助櫃 大埔嵐山,"(Path to Block1 and 2), Mont Vert, Tai Po(Residents only)*",香港大埔嵐山往1座及2座路徑只供住戶使用*,,00:00-23:59,00:00-23:59 周六:00:00-23:59 周日:00:00-23:59 節假日:00:00-23:59,22.464923,114.179481,Tai Po District,大埔區,Tai Po,大埔,locker,"3,5,6,7",false
H852AA50P,"SF Locker Locker No.2, G/F, Wan Tau Tong Shopping Centre, Tai Po",自助櫃 大埔運頭塘商場地下(二號櫃),"Locker No.2, G/F, Wan Tau Tong Shopping Centre, Tai Po*",香港大埔運頭塘商場地下二號櫃商場落貨區旁*,,00:00-23:59,00:00-23:59 周六:00:00-23:59 周日:00:00-23:59 節假日:00:00-23:59,22.442241,114.167729,Tai Po District,大埔區,Tai Po,大埔,locker,"5,3,6,7",false
H852AA51P,"SF Locker Car park, Casa Marina 1, Tai Po",自助櫃 大埔淺月灣一期停車場,"Carpark, Casa Marina 1, Tai Po(Residents only)*",香港大埔淺月灣一期停車場(只供住戶使用)*,,00:00-23:59,00:00-23:59 周六:00:00-23:59 周日:00:00-23:59 節假日:00:00-23:59,22.46428,114.19532,Tai Po District,大埔區,Tai Po,大埔,locker,"5,3,7,6",false
H852AA52P,"SF Locker Chung May House, Chung Nga Court, Tai Po",自助櫃 大埔頌雅苑頌美閣,"G/F, Chung May House(Block C), Chung Nga Court, Tai Po*",香港大埔頌雅苑頌美閣地下*,,00:00-23:59,00:00-23:59 周六:00:00-23:59 周日:00:00-23:59 節假日:00:00-23:59,22.460445,114.171063,Tai Po District,大埔區,Tai Po,大埔,locker,"3,7,6,5",false
H852AA53P,"SF Locker Locker No.2, Fortune Plaza, Tai Po",自助櫃 大埔昌運中心(二號櫃),"Locker No.2, Shop A7, G/F, Fortune Plaza, Tai Po*",香港大埔昌運中心地下A7號鋪(二號櫃)*,,10:00-22:30,10:00-22:30 周六:10:00-22:30 周日:10:00-22:30 節假日:10:00-22:30,22.452626,114.168096,Tai Po District,大埔區,Tai Po,大埔,locker,"3,7,6",false
H852AA54P,"SF Locker Club House, Phase 2 Casa Marina, Tai Po",自助櫃 大埔淺月灣二期會所,"Squash Court, Club House, Phase 2 Casa Marina, Tai Po(Residents only)*",香港大埔淺月灣二期會所壁球室外供住戶使用*,,00:00-23:59,00:00-23:59 周六:00:00-23:59 周日:00:00-23:59 節假日:00:00-23:59,22.465699,114.192981,Tai Po District,大埔區,Tai Po,大埔,locker,"5,3,7,6",false
H852AA55P,"SF Locker Locker No.1, Heng Shing House, Fu Heng Estate, Tai Po",自助櫃 大埔富亨邨亨盛樓(一號櫃),"Locker No.1, G/F, Heng Shing House, Fu Heng Estate,Tai Po*",香港大埔富亨邨亨盛樓地下一號櫃(管理處旁)*,,00:00-23:59,00:00-23:59 周六:00:00-23:59 周日:00:00-23:59 節假日:00:00-23:59,22.457647,114.171807,Tai Po District,大埔區,Tai Po,大埔,locker,"3,7,6,5",false
H852AA57P,"SF Locker Heng Wing House, Fu Heng Estate, Tai Po",自助櫃 大埔富亨邨亨榮樓,"G/F, Heng Wing House, Fu Heng Estate, Tai Po*",香港大埔富亨邨亨榮樓地下(近巴士站)*,,00:00-23:59,00:00-23:59 周六:00:00-23:59 周日:00:00-23:59 節假日:00:00-23:59,22.460186,114.173155,Tai Po District,大埔區,Tai Po,大埔,locker,"3,7,6,5",false
H852AA60P,"SF Locker Fook Wo House, Tai Wo Estate, Tai Po",自助櫃 大埔太和邨福和樓,"G/F, Fook Wo House, Tai Wo Estate, Tai Po*",香港大埔區太和邨福和樓地下*,,00:00-23:59,00:00-23:59 周六:00:00-23:59 周日:00:00-23:59 節假日:00:00-23:59,22.452463,114.161537,Tai Po District,大埔區,Tai Po,大埔,locker,"3,5,6,7",false
H852AA61P,"SF Locker Locker No.2, On Wo House, Tai Wo Estate, Tai Po",自助櫃 大埔太和邨安和樓(二號櫃),"Locker No.2, Near Shopping Centre, G/F, On Wo House, Tai Po*",香港大埔區太和邨安和樓地下二號櫃(近商場)*,,00:00-23:59,00:00-23:59 周六:00:00-23:59 周日:00:00-23:59 節假日:00:00-23:59,22.450797,114.160501,Tai Po District,大埔區,Tai Po,大埔,locker,"5,3,7,6",false
H852AA64P,"SF Locker G/F, Tai Yuen Shopping Centre, Tai Po",自助櫃 大埔大元商場地下,"G/F, Tai Yuen Shopping Centre, Tai Yuen Estate, Tai Po*",香港大埔大元商場地下(近商場指示牌)*,,00:00-23:59,00:00-23:59 周六:00:00-23:59 周日:00:00-23:59 節假日:00:00-23:59,22.455329,114.168626,Tai Po District,大埔區,Tai Po,大埔,locker,"3,7,6,5",false
H852AA67P,"SF Locker Locker No.2, Heng Shing House, Fu Heng Estate,  Tai Po",自助櫃 大埔富亨邨亨盛樓(二號櫃),"Locker No.2, G/F, Heng Shing House, Fu Heng Estate,Tai Po*",香港大埔富亨邨亨盛樓地下二號櫃居民大閘旁*,,00:00-23:59,00:00-23:59 周六:00:00-23:59 周日:00:00-23:59 節假日:00:00-23:59,22.457567,114.171475,Tai Po District,大埔區,Tai Po,大埔,locker,"3,7,6,5",false
H852AA72P,"SF Locker Grand Dynasty View, Tai Po",自助櫃 大埔御峰豪園,"Near Gymroom, Grand Dynasty View, Tai Po (Residents only)*",香港大埔御峰豪園健身室側(只供住戶使用)*,,00:00-23:59,00:00-23:59 周六:00:00-23:59 周日:00:00-23:59 節假日:00:00-23:59,22.441358,114.161427,Tai Po District,大埔區,Tai Po,大埔,locker,"3,7,6,5",false
H852AA75P,"SF Locker Locker No.2, Fu Heng Shopping Centre, Tai Po",自助櫃 大埔富亨商場(二號櫃),"Locker No.2, G/F, Fu Heng Shopping Centre, Tai Po*",香港大埔富亨商場地下二號櫃(面飽先生旁)*,,00:00-23:59,00:00-23:59 周六:00:00-23:59 周日:00:00-23:59 節假日:00:00-23:59,22.458007,114.171228,Tai Po District,大埔區,Tai Po,大埔,locker,"3,7,6,5",false
H852AA85P,"SF Locker Locker No.2, Kwong Fuk Commercial Centre, Kwong Fuk Estate, Tai Po",自助櫃 大埔廣福商場(二號櫃),"Locker No.2, 2/F, Kwong Fuk Commercial Centre, Kwong Fuk Estate, Tai Po*",香港大埔廣福商場2樓二號櫃(祥滿藥房旁)*,,00:00-23:59,00:00-23:59 周六:00:00-23:59 周日:00:00-23:59 節假日:00:00-23:59,22.448671,114.174318,Tai Po District,大埔區,Tai Po,大埔,locker,"3,7,6,5",false
H852AA89P,"SF Locker The Regent, Tai Po",自助櫃 大埔天鑽會所,"Reading Room, G/F, The Regent, Tai Po (Residents only)*",香港大埔天鑽地下會所閱讀室(只供住戶使用)*,,00:00-23:59,00:00-23:59 周六:00:00-23:59 周日:00:00-23:59 節假日:00:00-23:59,22.438085,114.16789,Tai Po District,大埔區,Tai Po,大埔,locker,"3,5,6,7",false
H852AA91P,"SF Locker Uptown Plaza, Tai Po",自助櫃 大埔新達廣場,"P/F, Tower 3, Uptown Plaza, Tai Po (Residents only)*",香港大埔新達廣場平台三座控制室側供住戶使用*,,07:00-23:00,07:00-23:00 周六:07:00-23:00 周日:07:00-23:00 節假日:07:00-23:00,22.443603,114.169421,Tai Po District,大埔區,Tai Po,大埔,locker,"3,5,6,7",false
H852AA92P,"SF Locker LG1/F, Block 18, The Regent",自助櫃 大埔天鑽第18座LG1/F,"Corridor, LG1/F, Block 18, The Regent, Tai Po (Residents only)*",香港大埔天鑽18座LG1/F有蓋走廊*,,00:00-23:59,00:00-23:59 周六:00:00-23:59 周日:00:00-23:59 節假日:00:00-23:59,22.435258,114.166257,Tai Po District,大埔區,Tai Po,大埔,locker,"3,7,6,5",false
H852AA98P,"PH2, Tai Po",自助櫃 大埔青年宿舍PH2,"Near to Lift, 3/F, PH2, Tai Po(Residents only)*",大埔青年宿舍PH2三樓電梯旁(只供住戶使用)*,,00:00-23:59,00:00-23:59 周六:00:00-23:59 周日:00:00-23:59 節假日:00:00-23:59,22.44668,114.16591,Tai Po District,大埔區,Tai Po,大埔,partner,"3,6,7",false
H852AB01P,"SF Locker Locker No.2, Level 1, Tai Wo Plaza",自助櫃 大埔太和廣場一樓(二號櫃),"Locker No.2, No. LK02, Level 1, Tai Wo Plaza, Tai Po*",大埔區太和廣場一樓喜和樓街市二號櫃*,,07:00-23:00,07:00-23:00 周六:07:00-23:00 周日:07:00-23:00 節假日:07:00-23:00,22.451348,114.161324,Tai Po District,大埔區,Tai Po,大埔,locker,"5,3,7,6",false
H852AB02P,"Tai Po Central, Tai Po",自助櫃 大埔大埔中心,"Bus Terminus (Opposite To Tai Po Centre Block 1), Tai Po Central, Tai Po*",香港大埔中心巴士總站(大埔中心一座對面)*,,00:00-23:59,00:00-23:59 周六:00:00-23:59 周日:00:00-23:59 節假日:00:00-23:59,22.452977,114.169051,Tai Po District,大埔區,Tai Po,大埔,station,"3,5,6,7",false
H852AB03P,SF Locker Fu Shin Shopping Centre,自助櫃 大埔富善商場(順豐站),"Shop F122B , 1/F, Fu Shin Shopping Centre, Tai Po *",香港大埔富善商場1樓F122B號鋪順豐站*,,12:00-21:00,12:00-21:00 周六:12:00-20:00 周日:12:00-20:00 節假日:12:00-20:00,22.454257,114.175345,Tai Po District,大埔區,Tai Po,大埔,locker,"3,6,7",false
H852AB04P,"Tai Kwai Street, Tai Po Industrial Estate, Tai Po",自助櫃 大埔大埔工業邨,"Bus Terminus (Near Tai Po Sewage Treatment Works), Tai Kwai Street, Tai Po *",大埔區大埔工業邨巴士總站近污水處理廠*,,00:00-23:59,00:00-23:59 周六:00:00-23:59 周日:00:00-23:59 節假日:00:00-23:59,22.45738,114.187638,Tai Po District,大埔區,Tai Po,大埔,station,"3,5,6,7",false
H852AB05P,"Tai Mei Tui, Tai Po",自助櫃 大埔大尾篤,"Bus Terminus, Tai Mei Tui, Tai Po*",大埔大埔區大尾篤巴士總站*,,00:00-23:59,00:00-23:59 周六:00:00-23:59 周日:00:00-23:59 節假日:00:00-23:59,22.472334,114.232818,Tai Po District,大埔區,Tai Po,大埔,station,"3,5,6,7",false
H852AB06P,"Activity Room, G/F, Good House, 168 Shuen Wan Chan Uk, Tai Po",自助櫃 大埔善導會「善樓」,"Activity Room, G/F, Good House, Tai Po(Residents only)*",大埔善導會「善樓」地下活動室內(只供住戶使用)*,,00:00-23:59,00:00-23:59 周六:00:00-23:59 周日:00:00-23:59 節假日:00:00-23:59,22.461778,114.206412,Tai Po District,大埔區,Tai Po,大埔,station,"3,5,6,7",false
H852AB07P,"Car Parks, G/F, Villa Lucca, Lo Fai Road, Tai Po",自助櫃 大埔林海山城,"Car Parks, G/F, Villa Lucca, Tai Po(Residents only)*",大埔林海山城地下停車場內(只供住戶使用)*,,00:00-23:59,00:00-23:59 周六:00:00-23:59 周日:00:00-23:59,22.462558,114.19751,Tai Po District,大埔區,Tai Po,大埔,station,"3,5,6,7",false
H852AB08P,"G/F, Block 7, Forest Hill, 31 Lo Fai Road, Tai Po",自助櫃 大埔倚龍山莊,"G/F, Block 7, Forest Hill, Tai Po ( Residents only)*",大埔倚龍山莊第七座地下*,,00:00-23:59,00:00-23:59,22.464793,114.195997,Tai Po District,大埔區,Tai Po,大埔,station,"3,5,6,7",false
H852AB09P,"Locker No.1, Shop No.2 , G/F , Tai Man House, Tai Yuen Estate, Tai Po",自助櫃 大埔大元邨泰民樓地下2號鋪(一號櫃),"Locker No.1, Shop No.2 , G/F , Tai Man House, Tai Yuen Estate, Tai Po *",大埔大元邨泰民樓地下2號鋪一號櫃*,,00:00-23:59,00:00-23:59,22.4546837,114.169367,Tai Po District,大埔區,Tai Po,大埔,station,"3,5,6,7",false
H852AB11P,"Locker No.3, Shop No.2 , G/F , Tai Man House, Tai Yuen Estate, Tai Po",自助櫃 大埔大元村泰民樓地下2號鋪三號櫃,"Locker No.3, Shop No.2 , G/F , Tai Man House, Tai Yuen Estate, Tai Po *",大埔大元邨泰民樓地下2號鋪三號櫃*,,00:00-23:59,00:00-23:59,22.454819,114.169211,Tai Po District,大埔區,Tai Po,大埔,station,"3,5,6,7",false
H852AB12P,"Locker No.4, Shop No.2 , G/F , Tai Man House, Tai Yuen Estate, Tai Po",自助櫃 大埔大元邨泰民樓地下2號鋪(四號櫃),"Locker No.4, Shop No.2 , G/F , Tai Man House, Tai Yuen Estate, Tai Po *",大埔大元邨泰民樓地下2號鋪四號櫃*,,00:00-23:59,00:00-23:59,22.454731,114.169313,Tai Po District,大埔區,Tai Po,大埔,station,"3,5,6,7",false
H852AB13P,"SF Locker Tycoon Place, Tai Po",自助櫃 大埔聚豪天下,"Backdoor of Clubhouse, G/F, Tycoon Place, Tai Po(Residents only)*",大埔聚豪天下地下會所後門旁(只供住戶使用)*,,00:00-23:59,00:00-23:59,22.462955,114.19753,Tai Po District,大埔區,Tai Po,大埔,locker,"3,5,6,7",false
H852B034P,"SF Locker High Park Grand, Prince Edward",自助櫃 太子曉珀御,"Carpark, 2/F, High Park Grand,Prince Edward(Residents only)*",太子曉珀御停車場2樓(只供住戶使用)*,,00:00-23:59,00:00-23:59 周六:00:00-23:59 周日:00:00-23:59 節假日:00:00-23:59,22.326429,114.170084,Yau Tsim Mong District,油尖旺區,Prince Edward,太子,locker,"5,3,7,6",false
H852B047P,"SF Locker Club house, Cite 33, Mong Kok",自助櫃 旺角百匯軒會所,"Clubhouse Lify Lobby, Cite 33, Mong Kok(Residents only)*",旺角百匯軒會所升降機大堂(只供住戶使用)*,,00:00-23:59,00:00-23:59 周六:00:00-23:59 周日:00:00-23:59 節假日:00:00-23:59,22.322915,114.168185,Yau Tsim Mong District,油尖旺區,Mong Kok,旺角,locker,"5,3,7,6",false
H852BA14P,"SF Locker G/F, Ancillary Facilities Block, Shek Kip Mek Estate, Shek Kip Mek",自助櫃 石硤尾邨服務設施大樓地下,"G/F, Ancillary Facilities Block, Shek Kip Mek Estate*",石硤尾石硤尾邨服務設施大樓地下*,,00:00-23:59,00:00-23:59 周六:00:00-23:59 周日:00:00-23:59 節假日:00:00-23:59,22.333292,114.167335,Sham Shui Po District,深水埗區,Shek Kip Mei,石硤尾,locker,"3,6,7",false
H852BA16P,"SF Locker Trinity Towers, Sham Shui Po",自助櫃 深水埗豐匯,"Clubhouse, Trinity Towers, Sham Shui Po (Residents only)*",深水埗豐匯會所(只供住戶使用)*,,07:00-23:00,07:00-23:00 周六:07:00-23:00 周日:07:00-23:00 節假日:07:00-23:00,22.328924,114.159648,Sham Shui Po District,深水埗區,Cheung Sha Wan,長沙灣,locker,"3,7,6,5",false
H852BA17P,"SF Locker Locker No.1, 8 Yen Chow Street, Sham Shui Po(365 Laundry)",自助櫃 深水埗欽州街8號(365 Laundry)(一號櫃),"Locker No.1, Shop 1, G/F, Kent Place, 8 Yen Chow Street, Sham Shui Po, KLN*",深水埗欽州街8號金濤閣洗衣店內一號櫃*,,00:00-23:59,00:00-23:59 周六:00:00-23:59 周日:00:00-23:59 節假日:00:00-23:59,22.328441,114.1583,Sham Shui Po District,深水埗區,Sham Shui Po,深水埗,locker,"3,5,6,7",false
H852BA28P,"SF Locker Club house, Parc OasiS II, Kowloon Tong",自助櫃 九龍塘又一居二期會所,"G/F, Clubhouse, PARC OASIS II, Kowloon Tong(Residents only)*",九龍塘又一居二期會所內(只供住戶使用)*,,08:00-21:00,08:00-21:00 周六:08:00-21:00 周日:08:00-21:00 節假日:08:00-21:00,22.333339,114.174153,Kowloon City District,九龍城區,Kowloon Tong,九龍塘,locker,"5,3,7,6",false
H852BA42P,"SF Locker Block 8, Parc Oasis 1, Kowloon Tong",自助櫃 九龍塘又一居一期8座,"G/F, Tower 8, Parc Oasis 1, Kowloon Tong(Residents only)*",九龍塘又一居一期第8座地下(只供住戶使用)*,,00:00-23:59,00:00-23:59 周六:00:00-23:59 周日:00:00-23:59 節假日:00:00-23:59,22.333891,114.175312,Kowloon City District,九龍城區,Kowloon Tong,九龍塘,locker,"3,5,6,7",false
H852BA48P,"SF Locker Club house, Harbour Park, Sham Shui Po",自助櫃 深水埗海柏匯會所,"2/F, Harbour Park, Sham Shui Po (Residents only)*",深水埗海柏匯2樓會所戶外區(只供住戶使用)*,,00:00-23:59,00:00-23:59 周六:00:00-23:59 周日:00:00-23:59 節假日:00:00-23:59,22.326918,114.160555,Sham Shui Po District,深水埗區,Sham Shui Po,深水埗,locker,"5,3,7,6",false
H852BA53P,"SF Locker Pei Ho Street, Sham Shui Po (Your Laundry)",自助櫃 深水埗北河街(你的自助洗衣坊洗衣店),"G/F, 138 Pei Ho Street, Sham Shui Po*",深水埗北河街138號地鋪洗衣店內*,,00:00-23:59,00:00-23:59 周六:00:00-23:59 周日:00:00-23:59 節假日:00:00-23:59,22.332498,114.164859,Sham Shui Po District,深水埗區,Sham Shui Po,深水埗,locker,"3,5,6,7",false
H852BA58P,"SF Locker Shek Kip Mei Street, Sham Shui Po",自助櫃 深水埗石硤尾街(洗衣點),"Shop B, G/F, 12 Shek Kip Mei Street, Shek Kip Mei*",石硤尾石硤尾街12號B號鋪(洗衣點)*,,00:00-23:59,00:00-23:59 周六:00:00-23:59 周日:00:00-23:59 節假日:00:00-23:59,22.328283,114.163976,Sham Shui Po District,深水埗區,Shek Kip Mei,石硤尾,locker,"3,7,6,5",false
H852BA68P,"SF Locker Festival Walk, Kowloon Tong",自助櫃 九龍塘又一城P2層停車場升降機大堂,"Carpark Lift Lobby Area B, Level P2, Festival Walk, Kowloon Tong*",九龍塘又一城P2層停車場升降機大堂*,,08:00-23:00,08:00-23:00 周六:08:00-23:00 周日:08:00-23:00 節假日:08:00-23:00,22.337302,114.174577,Kowloon City District,九龍城區,Kowloon Tong,九龍塘,locker,"3,7,6,5",false
H852BA69P,"SF Locker Locker No.2, 8 Yen Chow Street, Sham Shui Po(365 Laundry)",自助櫃 深水埗欽州街8號(365 Laundry)(二號櫃),"Locker No.2, Shop 1, G/F, Kent Place, 8 Yen Chow Street, Sham Shui Po*",香港深水埗欽州街8號金濤閣洗衣店內二號櫃*,,00:00-23:59,00:00-23:59 周六:00:00-23:59 周日:00:00-23:59 節假日:00:00-23:59,22.328406,114.158253,Sham Shui Po District,深水埗區,Sham Shui Po,深水埗,locker,"3,5,6,7",false
H852BA77P,"SF Locker G/F, 26 Tai Nam Street, Prince Edward",自助櫃 太子大南街26號地下(順豐站),"G/F, 26 Tai Nam Street, Prince Edward*",太子大南街26號地下(順豐站)*,,10:00-22:00,10:00-22:00 周六:12:00-20:00 周日:12:00-20:00 節假日:12:00-20:00,22.324668,114.167185,Yau Tsim Mong District,油尖旺區,Prince Edward,太子,locker,"3,6,7",false
H852BA86P,"SF Locker Wing Ming Building, Yee Kuk Street, Sham Shui Po(Your Laundry)",自助櫃 深水埗永明大廈(你的自助洗衣坊),"Shop 212B, G/F, Wing Ming Building, Yee Kuk Street, Sham Shui Po*",深水埗永明大廈地下212B號鋪(洗衣店內)*,,00:00-23:59,00:00-23:59 周六:00:00-23:59 周日:00:00-23:59 節假日:00:00-23:59,22.329432,114.158643,Sham Shui Po District,深水埗區,Sham Shui Po,深水埗,locker,"3,7,6,5",false
H852BA89P,"SF Locker (Sunshine 24) G/F, 7 Castle Peak Road, Sham Shui Po",自助櫃 深水埗青山道7號(Sunshine 24),"G/F, 7 Castle Peak Road, Sham Shui Po*",深水埗青山道7號地下(洗衣店內)*,,00:00-23:59,00:00-23:59 周六:00:00-23:59 周日:00:00-23:59 節假日:00:00-23:59,22.332992,114.163195,Sham Shui Po District,深水埗區,Sham Shui Po,深水埗,locker,"3,7,6,5",false
H852BA90P,"SF Locker G/F, 172 Yee Kuk Road, Sham Shui Po",自助櫃 深水埗醫局街172號(Sunshine 24),"G/F, 172 Yee Kuk Road, Sham Shui Po*",深水埗醫局街172號地下(洗衣店內)*,,00:00-23:59,00:00-23:59 周六:00:00-23:59 周日:00:00-23:59 節假日:00:00-23:59,22.32829,114.160051,Sham Shui Po District,深水埗區,Sham Shui Po,深水埗,locker,"3,7,6,5",false
H852BA92P,"SF Locker Sham Shui Po,  Seaside Sonata",自助櫃 深水埗愛海頌,"G/F of Clubhouse 3,5, Seaside Sonata, Sham Shui Po(Residents only)**","深水埗愛海頌3,5座會所G/F正門住戶使用*",,00:00-23:59,00:00-23:59 周六:00:00-23:59 周日:00:00-23:59 節假日:00:00-23:59,22.327486,114.159482,Sham Shui Po District,深水埗區,Sham Shui Po,深水埗,locker,"3,7,6,5",false
H852BA93P,"SF Locker G/F, 31Wong Chuk Street",自助櫃 深水埗黃竹街(你的自助洗衣坊),"ShopA, G/F, 31Wong Chuk Street, Sham Shui Po*",深水埗黃竹街31號地下A鋪你的自助洗衣坊*,,00:00-23:59,00:00-23:59 周六:00:00-23:59 周日:00:00-23:59 節假日:00:00-23:59,22.329388,114.165855,Sham Shui Po District,深水埗區,Sham Shui Po,深水埗,locker,"3,5,6,7",false
H852BA98P,"G/F, 23-23B Maple Street",自助櫃 深水埗楓華樓(你的自助洗衣),"Shop 4, G/F, 23-23B Maple Street, Sham Shui Po*",深水埗楓樹街23-23B號楓華樓地下4號鋪(你的自助洗衣)*,,00:00-23:59,00:00-23:59 周六:00:00-23:59 周日:00:00-23:59 節假日:00:00-23:59,22.328263,114.1662,Sham Shui Po District,深水埗區,Sham Shui Po,深水埗,station,"3,5,6,7",false
H852BB02P,"SF Locker 8 Waterloo Road,Yau Ma Tei",自助櫃 油麻地窩打老道8號,"Business Centre,5/F, 8 Waterloo Road,Yau Ma Tei(Residents only)*",油麻地窩打老道8號五樓商業中心(只供住戶使用)*,,00:00-23:59,00:00-23:59 周六:00:00-23:59 周日:00:00-23:59 節假日:00:00-23:59,22.31238,114.169834,Yau Tsim Mong District,油尖旺區,Yau Ma Tei,油麻地,locker,"3,5,6,7",false
H852BB12P,"SF Locker Prosperous Garden, Yau Ma Tei",自助櫃 油麻地駿發花園,"G/F, Block 5, Prosperous Garden, Yau Ma Tei*",油麻地駿發花園五座地下停車場地面層電梯口*,,06:00-23:00,06:00-23:00 周六:06:00-23:00 周日:06:00-23:00 節假日:06:00-23:00,22.310022,114.168786,Yau Tsim Mong District,油尖旺區,Yau Ma Tei,油麻地,locker,"3,6,7",false
H852BB83P,"SF Locker G/F,26 Temple Street, Yau Ma Tei",自助櫃 油麻地廟街26號(C+ Laundry),"G/F,26 Temple Street, Yau Ma Tei*",油麻地廟街26號地下(C+ Laundry)*,,00:00-23:59,00:00-23:59 周六:00:00-23:59 周日:00:00-23:59 節假日:00:00-23:59,22.31128,114.170406,Yau Tsim Mong District,油尖旺區,Yau Ma Tei,油麻地,locker,"3,5,6,7",false
H852BB86P,"SF Locker Po Hang Building, Tung On Stree, Yau Ma Tei(Your Laundry)",自助櫃 油麻地東安街寶亨大廈(你的自助洗衣坊洗衣店),"G/F, Po Hang Building, No.45 Tung On Stree, Yau Ma Tei*",香港油麻地東安街45號寶亨大廈地下洗衣店內*,,00:00-23:59,00:00-23:59 周六:00:00-23:59 周日:00:00-23:59 節假日:00:00-23:59,22.314658,114.167546,Yau Tsim Mong District,油尖旺區,Yau Ma Tei,油麻地,locker,"3,7,6,5",false
H852BD01P,"Aquila.Square Mile, Tai Kok Tsui",自助櫃 大角咀利奧坊‧曦岸,"Podium, 2/F, Aquila.Square Mile, Tai Kok Tsui(Residents only)*",大角咀利奧坊‧曦岸二樓平台(只供住戶使用)*,,00:00-23:59,00:00-23:59 周六:00:00-23:59 周日:00:00-23:59 節假日:00:00-23:59,22.32038,114.160613,Yau Tsim Mong District,油尖旺區,Tai Kok Tsui,大角咀,station,"3,5,6,7",false
H852BD03P," Undergraduate Halls, Hong Kong Baptist University, Kowloon Tong",自助櫃 九龍塘浸會大學學生宿舍北座,"G/F, North Tower, Undergraduate Halls, Hong Kong Baptist University, Kowloon Tong(Staffs and students only)*",九龍塘浸會大學學生宿舍北座地下(只供職員及學生使用)*,,00:00-23:59,00:00-23:59 周六:00:00-23:59 周日:00:00-23:59 節假日:00:00-23:59,22.335352,114.182738,Kowloon City District,九龍城區,Kowloon Tong,九龍塘,station,"3,5,6,7",false
H852BD08P,"SF Locker 3 Soares Avenue, Ho Man Tin(Sunshine Laundry)",自助櫃 何文田梭椏道3號(陽光洗衣店),"G/F, 3 Soares Avenue, Ho Man Tin*",何文田梭椏道3號地下(陽光洗衣店)*,,00:00-23:59,00:00-23:59 周六:00:00-23:59 周日:00:00-23:59 節假日:00:00-23:59,22.318682,114.175213,Kowloon City District,九龍城區,Ho Man Tin,何文田,locker,"3,5,6,7",false
H852BD09P,"SF Locker June Garden Shopping Centre, Tai Kok Tsui",自助櫃 大角咀頌賢花園商場,"Shop 6, G/F, June Garden, Tai Kok Tsui *",大角咀頌賢花園商場地下6號鋪*,,00:00-23:59,00:00-23:59 周六:00:00-23:59 周日:00:00-23:59 節假日:00:00-23:59,22.323887,114.164194,Yau Tsim Mong District,油尖旺區,Tai Kok Tsui,大角咀,locker,"3,7,6",false
H852BD19P,"SF Locker Larch Street, Tai Kok Tsui(Sunshine 24)",自助櫃 大角咀洋松街(Sunshine 24),"G/F, 16 Larch Street, Tai Kok Tsui*",大角咀洋松街16號地下(洗衣店內)*,,00:00-23:59,00:00-23:59 周六:00:00-23:59 周日:00:00-23:59 節假日:00:00-23:59,22.32149,114.165,Yau Tsim Mong District,油尖旺區,Tai Kok Tsui,大角咀,locker,"3,7,6,5",false
H852BD26P,"SF Locker Wing Cheong Estate, Nam Cheong",自助櫃 南昌榮昌邨,"G/F, Wing Kit House, Wing Cheong Estate, Nam Cheong*",深水埗區南昌榮昌邨榮杰樓地下*,,00:00-23:59,00:00-23:59 周六:00:00-23:59 周日:00:00-23:59 節假日:00:00-23:59,22.32946,114.155086,Sham Shui Po District,深水埗區,Sham Shui Po,深水埗,locker,"3,6,7",false
H852BD36P,"SF Locker Car park lobby, G/F, Metro Harbour View, Tai Kok Tsui",自助櫃 大角咀港灣豪庭地下停車場大堂,"CarPark Lobby,Metro Harbour View,TaiKokTsui(Residents only)*",大角咀港灣豪庭地下停車場大堂(只供住戶使用)*,,00:00-23:59,00:00-23:59 周六:00:00-23:59 周日:00:00-23:59 節假日:00:00-23:59,22.324502,114.160885,Yau Tsim Mong District,油尖旺區,Tai Kok Tsui,大角咀,locker,"3,5,6,7",false
H852BD37P,"SF Locker Hampton Place, Tai Kok Tsui",自助櫃 大角咀凱帆軒,"G/F,Hampton Place,Hoi Fan Road,Tai Kok Tsui*",大角咀凱帆軒地下近穿巴上車位只供住戶使用*,,00:00-23:59,00:00-23:59,22.320757,114.155731,Yau Tsim Mong District,油尖旺區,Tai Kok Tsui,大角咀,locker,"3,5,6,7",false
H852BD50P,"SF Locker Eltanin．Square Mile, Tai Kok Tsui",自助櫃 大角咀利奧坊．曉岸,"Club House,Eltanin．Square Mile,Tai Kok Tsui(Residents only)*",大角咀利奧坊．曉岸會所戶外位置只供住戶使用*,,00:00-23:59,00:00-23:59 周六:00:00-23:59 周日:00:00-23:59 節假日:00:00-23:59,22.320871,114.161804,Yau Tsim Mong District,油尖旺區,Tai Kok Tsui,大角咀,locker,"5,3,7,6",false
H852BD57P,"SF Locker Dynasty Heights Skylodge, Shek Kip Mek",自助櫃 石硤尾帝景峰,"Dynasty Heights Skylodge, Shek Kip Mei (Residents only)*",石硤尾帝景峰會所地下(只供住戶使用)*,,08:00-22:00,08:00-22:00 周六:08:00-22:00 周日:08:00-22:00 節假日:08:00-22:00,22.344696,114.164406,Sham Shui Po District,深水埗區,Shek Kip Mei,石硤尾,locker,"3,7,6,5",false
H852BD60P,"SF Locker 1/F, Clubhouse, The Long Beach, Tai Kok Tsui",自助櫃 大角咀浪澄灣會所1樓,"1/F, Clubhouse, The long Beach,Tai Kok Tsui(Residents only)*",大角咀浪澄灣會所1樓近升降機位置住戶使用*,,07:00-23:00,07:00-23:00 周六:07:00-23:00 周日:07:00-23:00 節假日:07:00-23:00,22.319788,114.156129,Yau Tsim Mong District,油尖旺區,Tai Kok Tsui,大角咀,locker,"3,6,7",false
H852BD63P,"SF Locker G/F, Island Harbourview",自助櫃 大角咀維港灣地下,"35 & 36 Lift Lobby, G/F, Island Harbourview, Tai Kok Tsui (Residents only)*",大角咀維港灣地下35及36號升降機大堂*,,00:00-23:59,00:00-23:59 周六:00:00-23:59 周日:00:00-23:59 節假日:00:00-23:59,22.318839,114.157474,Yau Tsim Mong District,油尖旺區,Tai Kok Tsui,大角咀,locker,"3,5,6,7",false
H852BD66P,"SF Locker Cullinan West, Nam Cheong",自助櫃 南昌匯璽,"Near T5 Shuttle Lift Lobby, 5/F Podium Floor, Cullinan West, Nam Cheong (Residents only)*",香港南昌匯璽5樓平台T5穿梭大堂外*,,00:00-23:59,00:00-23:59 周六:00:00-23:59 周日:00:00-23:59 節假日:00:00-23:59,22.326061,114.154586,Sham Shui Po District,深水埗區,Nam Cheong,南昌,locker,"3,5,6,7",false
H852BD74P,"SF Locker The Hermitage, Tai Kok Tsui",自助櫃 大角咀帝峯．皇殿,"Near L21 Lift Lobby, 2/F, The Hermitage, Tai Kok Tsui (Residents only)*",大角咀帝峯．皇殿2樓L21升降機大堂側*,,07:00-22:00,07:00-22:00 周六:07:00-22:00 周日:07:00-22:00 節假日:07:00-22:00,22.317741,114.164847,Yau Tsim Mong District,油尖旺區,Tai Kok Tsui,大角咀,locker,"3,5,6,7",false
H852BD80P,"SF Locker One SilverSea, Tai Kok Tsui",自助櫃 大角咀一號銀海,"Lift Lobby,2M/F,One SilverSea, Tai Kok Tsui  (Residents only)*",大角咀一號銀海2M層升降機大堂只供住戶使用*,,00:00-23:59,00:00-23:59 周六:00:00-23:59 周日:00:00-23:59 節假日:00:00-23:59,22.317648,114.156455,Yau Tsim Mong District,油尖旺區,Tai Kok Tsui,大角咀,locker,"3,5,6,7",false
H852BD82P,"SF Locker Imperial Cullinan, Tai Kok Tsui",自助櫃 大角咀瓏璽,"Lift Lobby,B2/F,Block 8, Imperial Cullinan, Tai Kok Tsui(Residentsonly)*",大角咀瓏璽8座B2層升降機大堂只供住戶使用*,,00:00-23:59,00:00-23:59 周六:00:00-23:59 周日:00:00-23:59 節假日:00:00-23:59,22.318496,114.156009,Yau Tsim Mong District,油尖旺區,Tai Kok Tsui,大角咀,locker,"3,5,6,7",false
H852BD84P,"SF Locker 24 Tit Shu Street, Tai Kok Tsui",自助櫃 大角咀鐵樹街24號(356 Laundry),"G/F, 24 Tit Shu Street, Tai Kok Tsui *",大角咀鐵樹街24號地下(洗衣店內)*,,00:00-23:59,00:00-23:59 周六:00:00-23:59 周日:00:00-23:59 節假日:00:00-23:59,22.319183,114.163244,Yau Tsim Mong District,油尖旺區,Tai Kok Tsui,大角咀,locker,"3,5,6,7",false
H852BD85P,"SF Locker Shop 12, G/F, Chung Hing Building, Tai Kok Tsui",自助櫃 大角咀中興樓地下12號鋪(順豐站),"Shop 12, G/F, Chung Hing Building, 41 Chung Wui Street, Tai Kok Tsui *",大角咀中匯街41號中興樓地下12號鋪順豐站*,,11:00-21:00,11:00-21:00 周六:12:00-20:00 周日:12:00-20:00 節假日:12:00-20:00,22.32239,114.160758,Yau Tsim Mong District,油尖旺區,Tai Kok Tsui,大角咀,locker,"3,6,7",false
H852BD94P,"SF Locker Club House indoor area, Cetus．Square Mile",自助櫃 大角咀利奧坊．凱岸,"Club House indoor area, Cetus．Square Mile, Tai Kok Tsui(Residents only)*",大角咀利奧坊．凱岸會所室內位置只供住戶使用*,,00:00-23:59,00:00-23:59 周六:00:00-23:59 周日:00:00-23:59 節假日:00:00-23:59,22.3203,114.1614,Yau Tsim Mong District,油尖旺區,Tai Kok Tsui,大角咀,locker,"3,7,6",false
H852BE01P,"SF Locker  33 Yin Chong Street, Mong Kok",自助櫃 旺角煙廠街33號(順豐站),"Unit A, G/F, Legend Court, 33 Yin Chong Street, Mong Kok*",旺角煙廠街33號朗廷軒地下A鋪(順豐站)*,,00:00-23:59,00:00-23:59 周六:00:00-23:59 周日:00:00-23:59 節假日:00:00-23:59,22.316642,114.172726,Yau Tsim Mong District,油尖旺區,Mong Kok,旺角,locker,"3,6,7",false
H852BE59P,"SF Locker MacPherson Place, Mong Kok",自助櫃 旺角麥花臣匯,"Lift Lobby, 5/F,MacPherson Place, Mong Kok,(Residents only)*",旺角麥花臣匯五樓貨運電梯大堂只供住戶使用*,,00:00-23:59,00:00-23:59 周六:00:00-23:59 周日:00:00-23:59 節假日:00:00-23:59,22.3188,114.172969,Yau Tsim Mong District,油尖旺區,Mong Kok,旺角,locker,"3,7,6,5",false
H852BE95P,"Portion of area, G/F, Hollywood Plaza",自助櫃 旺角荷李活商業中心(一號櫃),"Portion of area, G/F, Hollywood Plaza, Mong Kok *",旺角荷李活商業中心地下升降機大堂旁部份區域(一號櫃)*,,11:00-23:00,11:00-23:00 周六:11:00-23:00 周日:11:00-23:00 節假日:11:00-23:00,22.3168,114.1702,Yau Tsim Mong District,油尖旺區,Mong Kok,旺角,station,"3,5,6,7",false
H852BE97P,"Locker No. 2, Hollywood Plaza",自助櫃 旺角荷李活商業中心地下(二號櫃),"Locker No.2, Shop 7-10 (Next to Cargo Lift), G/F, Hollywood Plaza, Mong Kok*",旺角荷李活商業中心地下7-10號鋪旁(近貨運升降機)二號櫃*,,11:00-23:00,11:00-23:00 周六:11:00-23:00 周日:11:00-23:00 節假日:11:00-23:00,22.31702,114.170105,Yau Tsim Mong District,油尖旺區,Mong Kok,旺角,station,"3,5,6,7",false
H852BF01P,"SF Locker Locker No.1, 1/F, Allied Plaza, Mong Kok",自助櫃 旺角聯合廣場一樓(一號櫃),"Locker No.1, Shop 138A, 1/F, Allied Plaza, Mong Kok *",旺角聯合廣場一樓138A鋪(一號櫃)*,,10:00-23:00,10:00-23:00 周六:10:00-23:00 周日:10:00-23:00 節假日:10:00-23:00,22.323359,114.16879,Yau Tsim Mong District,油尖旺區,Mong Kok,旺角,locker,"3,5,6,7",false
H852BF02P,"SF Locker Locker No.2, 1/F, Allied Plaza, Mong Kok",自助櫃 旺角聯合廣場一樓(二號櫃),"Locker No.2, Shop 138A, 1/F, Allied Plaza, Mong Kok *",旺角聯合廣場一樓138A鋪(二號櫃)*,,10:00-23:00,10:00-23:00 周六:10:00-23:00 周日:10:00-23:00 節假日:10:00-23:00,22.323359,114.16879,Yau Tsim Mong District,油尖旺區,Mong Kok,旺角,locker,"3,5,6,7",false
H852BF03P,SF Locker MOKO Shopping Arcade,自助櫃 旺角新世紀廣場,"(Next to the Paid Locker)Behind Shop M41, MTR/F, MOKO, Mong Kok *",旺角新世紀廣場MTR層(帝京酒店旁出口、商場儲物櫃側)*,,00:00-23:59,00:00-23:59 周六:00:00-23:59 周日:00:00-23:59 節假日:00:00-23:59,22.323334,114.17231,Yau Tsim Mong District,油尖旺區,Mong Kok,旺角,locker,"3,5,6,7",false
H852C001P,"SF Locker 3/F, Shun Lee Shopping Centre, Sau Mau Ping, Kwun Tong",自助櫃 觀塘秀茂坪順利商場3樓,"3/F, Shun Lee Shopping Centre Phase 1, Kwun Tong*",觀塘順利商場一期3樓(P6鋪宏達公司旁)*,,00:00-23:59,00:00-23:59 周六:00:00-23:59 周日:00:00-23:59 節假日:00:00-23:59,22.330975,114.226524,Kwun Tong District,觀塘區,Shun Lee,順利,locker,"3,5,6,7",false
H852C008P,"SF Locker Locker No.1, 2/F, Hiu Lai Shopping Centre, Sau Mau Ping, Kwun Tong",自助櫃 觀塘秀茂坪曉麗商場2樓(一號櫃),"Locker No.1,Shop 215B&216,2/F, Hiu Lai Shopping Centre,Kwun Tong*",觀塘曉麗商場2樓215B及216號鋪一號櫃*,,06:00-23:59,06:00-23:59 周六:06:00-23:59 周日:06:00-23:59 節假日:06:00-23:59,22.32067,114.229453,Kwun Tong District,觀塘區,Sau Mau Ping,秀茂坪,locker,"3,5,6,7",false
H852C011P,"SF Locker Locker No.3, 2/F, Hiu Lai Shopping Centre, Sau Mau Ping, Kwun Tong",自助櫃 觀塘秀茂坪曉麗商場2樓(三號櫃),"Locker No.3,Shop 215B&216, 2/F,Hiu Lai Shopping Centre,Kwun Tong*",觀塘曉麗商場2樓215B及216號鋪三號櫃*,,06:00-23:59,06:00-23:59 周六:06:00-23:59 周日:06:00-23:59 節假日:06:00-23:59,22.320619,114.229499,Kwun Tong District,觀塘區,Sau Mau Ping,秀茂坪,locker,"3,5,6,7",false
H852C012P,"SF Locker Locker No.4, 2/F, Hiu Lai Shopping Centre, Sau Mau Ping, Kwun Tong",自助櫃 觀塘秀茂坪曉麗商場2樓(四號櫃),"Locker No.4,Shop 215B& 216,2/F,Hiu Lai Shopping Centre,KwunTong*",觀塘曉麗商場二樓215B及216號鋪四號櫃*,,06:00-23:59,06:00-23:59,22.320745,114.229403,Kwun Tong District,觀塘區,Sau Mau Ping,秀茂坪,locker,"3,5,6,7",false
H852C013P,"SF Locker Locker No.2, 2/F, Hiu Lai Shopping Centre, Sau Mau Ping, Kwun Tong",自助櫃 觀塘秀茂坪曉麗商場2樓(二號櫃),"Locker No.2,Shop 215B&216,2/F,Hiu Lai Shopping Centre,Kwun Tong*",觀塘曉麗商場2樓215B及216號鋪二號櫃*,,06:00-23:59,06:00-23:59 周六:06:00-23:59 周日:06:00-23:59 節假日:06:00-23:59,22.320641,114.229526,Kwun Tong District,觀塘區,Sau Mau Ping,秀茂坪,locker,"3,5,6,7",false
H852C100P,"SF Locker Locker No.3, 3/F, Sau Mau Ping Shopping Centre, Sau Mau Ping, Kwun Tong",自助櫃 觀塘秀茂坪秀茂坪商場3樓(三號櫃),"Locker No.3, 3/F,Sau Mau Ping Shopping Centre,Sau Mau Ping*",秀茂坪商場三樓3號櫃(社會福利署對面通道)*,,06:00-23:59,06:00-23:59 周六:06:00-23:59 周日:06:00-23:59 節假日:06:00-23:59,22.319769,114.232182,Kwun Tong District,觀塘區,Sau Mau Ping,秀茂坪,locker,"3,5,6,7",false
H852CA02P,"SF Locker Lei Yan House, Lei On Court, Lam Tin",自助櫃 藍田鯉安苑鯉欣閣,"G/F, Lei Yan House, 11 Lei Yue Mun Road, Lam Tin*",藍田鯉安苑鯉欣閣地下(有蓋空地)*,,00:00-23:59,00:00-23:59 周六:00:00-23:59 周日:00:00-23:59 節假日:00:00-23:59,22.309772,114.232311,Kwun Tong District,觀塘區,Lam Tin,藍田,locker,"3,5,6,7",false
H852CA08P,"SF Locker Yau Lai Shopping Centre, Yau Tong",自助櫃 油塘油麗商場,"2/F , Yau Lai Shopping Centre, Yau Tong*",油塘油麗商場2樓(往3樓扶手電梯旁)*,,07:00-23:00,07:00-23:00 周六:07:00-23:00 周日:07:00-23:00 節假日:07:00-23:00,22.298701,114.236882,Kwun Tong District,觀塘區,Yau Tong,油塘,locker,"3,6,7",false
H852CA33P,"SF Locker Yau Chui Court, Yau Tong",自助櫃 油塘油翠苑,"Lobby, G/F, Yau Chui Court, Yau Tong*",油塘油翠苑地下電梯大堂(向油塘邨方向)*,,00:00-23:59,00:00-23:59 周六:00:00-23:59 周日:00:00-23:59 節假日:00:00-23:59,22.29954,114.238126,Kwun Tong District,觀塘區,Yau Tong,油塘,locker,"3,5,6,7",false
H852CA41P,"SF Locker Fung Lai House, Yau Lai Estate, Yau Tong",自助櫃 油塘油麗邨豐麗樓,"LG/F, Fung Lai House, Yau Lai Estate, Yau Tong*",油塘油麗邨第三期豐麗樓近三號升降機LG1層*,,00:00-23:59,00:00-23:59 周六:00:00-23:59 周日:00:00-23:59 節假日:00:00-23:59,22.30039,114.2362,Kwun Tong District,觀塘區,Yau Tong,油塘,locker,"3,6,7",false
H852CA50P,"SF Locker Yuk Mei House, Yau Chui Court, Yau Tong",自助櫃 油塘油翠苑沃美閣,"Lift Lobby, G/F, Yuk Mei House, Yau Chui Court, Yau Tong*",油塘油翠苑沃美閣地下(升降機大堂)*,,00:00-23:59,00:00-23:59 周六:00:00-23:59 周日:00:00-23:59 節假日:00:00-23:59,22.300829,114.237645,Kwun Tong District,觀塘區,Yau Tong,油塘,locker,"3,5,6,7",false
H852CA54P,"SF Locker Laguna Plaza CA04, Lam Tin",自助櫃 藍田麗港城商場,"1/F, Laguna Plaza, 88 Cha Kwo Ling Road, Lam Tin*",藍田麗港城商場一樓通往地鐵站行人天橋出口旁*,,00:00-23:59,00:00-23:59,22.306802,114.228222,Kwun Tong District,觀塘區,Lam Tin,藍田,locker,"3,5,6,7",false
H852CA94P,"SF Locker Ko Chun Court, Yau Tong",自助櫃 油塘高俊苑,"Lower Lift lobby, Ko Chun Court, Yau Tong*",油塘高俊苑(下層升降機穿梭大堂)*,,00:00-23:59,00:00-23:59 周六:00:00-23:59 周日:00:00-23:59 節假日:00:00-23:59,22.298095,114.242311,Kwun Tong District,觀塘區,Yau Tong,油塘,locker,"3,5,6,7",false
H852CA98P,"SF Locker 2/F, Lei Yue Mun Plaza, Yau Tong",自助櫃 油塘鯉魚門廣場2樓,"2/F, Lei Yue Mun Plaza, Yau Tong*",油塘鯉魚門廣場2樓(近酒樓位置)*,,09:00-22:00,09:00-22:00 周六:09:00-22:00 周日:09:00-22:00 節假日:09:00-22:00,22.296421,114.239365,Kwun Tong District,觀塘區,Yau Tong,油塘,locker,"3,5,6,7",false
H852CB01P,"SF Locker Block 1,Yuet Wah Mansion, Kwun Tong",自助櫃 觀塘月華大廈一座,"Block 1,Yuet Wah Mansion, Kwun Tong(Residents only)*",觀塘月華大廈1座(只供住戶使用)*,,00:00-23:59,00:00-23:59 周六:00:00-23:59 周日:00:00-23:59 節假日:00:00-23:59,22.313039,114.227689,Kwun Tong District,觀塘區,Kwun Tong,觀塘,locker,"3,5,6,7",false
H852CB03P,"SF Locker Locker No.1, (SF Store) Yue Man Centre, Kwun Tong",自助櫃 觀塘裕民中心(順豐站)一號櫃,"Locker No.1, Shop 53, G/F, Yue Man Centre, Kwun Tong*",觀塘裕民中心地下53號鋪(順豐站)一號櫃*,,11:00-22:00,11:00-22:00 周六:12:00-20:00 周日:12:00-20:00 節假日:12:00-20:00,22.31435,114.22304,Kwun Tong District,觀塘區,Kwun Tong,觀塘,locker,"3,6,7",false
H852CB04P,"SF Locker G/F, APEC Plaza",自助櫃 觀塘創貿廣場,"Car Park, G/F, APEC Plaza, Kwun Tong *",觀塘創貿廣場地下停車場*,,08:00-22:00,08:00-22:00 周六:08:00-22:00,22.310196,114.223786,Kwun Tong District,觀塘區,Kwun Tong,觀塘,locker,"3,7,6,5",false
H852CB07P,"SF Locker Joyful Villas, Kwun Tong",自助櫃 觀塘樂意園,"Lift Lobby, B2/F, Joyful Villas, Kwun Tong(Residents only)*",觀塘樂意園B2層電梯大堂(只供住戶使用)*,,00:00-23:59,00:00-23:59 周六:00:00-23:59 周日:00:00-23:59 節假日:00:00-23:59,22.317688,114.221789,Kwun Tong District,觀塘區,Kwun Tong,觀塘,locker,"3,7,6,5",false
H852CB08P,"SF Locker I-Wash, Nos. 95-103 Ting On Street, Ngau Tau Kok",自助櫃 牛頭角定安街95-103號(I-Wash),"Shop C, G/F, Sam Hei Building, Nos. 95-103 Ting On Street, Ngau Tau Kok *",牛頭角定安街三喜大廈地下C鋪(洗衣店內)*,,00:00-23:59,00:00-23:59 周六:00:00-23:59 周日:00:00-23:59 節假日:00:00-23:59,22.317531,114.215658,Kwun Tong District,觀塘區,Ngau Tau Kok,牛頭角,locker,"3,7,6,5",false
H852CB09P,"SF Locker Locker No.2, (SF Store) Yue Man Centre, Kwun Tong",自助櫃 觀塘裕民中心(順豐站)二號櫃,"Locker No.2, Shop 53, G/F, Yue Man Centre, Kwun Tong*",觀塘裕民中心地下53號鋪(順豐站)二號櫃*,,11:00-22:00,11:00-22:00 周六:12:00-20:00 周日:12:00-20:00 節假日:12:00-20:00,22.31442,114.222515,Kwun Tong District,觀塘區,Kwun Tong,觀塘,locker,"3,6,7",false
H852CB10P,"SF Locker KOKO HILLS, Lam Tin",自助櫃 藍田KOKO HILLS,"Lift Lobby, LG1/F, KOKO HILLS, Lam Tin (Residents only)*",藍田KOKO HILLS升降機大堂LG1層*,,00:00-23:59,00:00-23:59 周六:00:00-23:59 周日:00:00-23:59 節假日:00:00-23:59,22.304462,114.22968,Kwun Tong District,觀塘區,Lam Tin,藍田,locker,"3,5,6,7",false
H852CB11P,"SF Locker Lift Lobby, B2/F, Block 1 & 2, Grand Central, Kwun Tong",自助櫃 觀塘凱匯第1及2座B2層電梯大堂,"Lift Lobby, B2/F, Block 1 & 2, Grand Central, Kwun Tong (Residents only)*",觀塘凱匯第1及2座B2層電梯大堂供住戶使用*,,00:00-23:59,00:00-23:59 周六:00:00-23:59 周日:00:00-23:59 節假日:00:00-23:59,22.314171,114.225298,Kwun Tong District,觀塘區,Kwun Tong,觀塘,locker,"3,5,6,7",false
H852CB12P,"SF Locker Lift Lobby, B2/F, Block 3 & 5, Grand Central, Kwun Tong",自助櫃 觀塘凱匯第3及5座B2層電梯大堂,"Lift Lobby, B2/F, Block 3 & 5, Grand Central, Kwun Tong (Residents only)*",觀塘凱匯第3及5座B2層電梯大堂供住戶使用*,,00:00-23:59,00:00-23:59 周六:00:00-23:59 周日:00:00-23:59 節假日:00:00-23:59,22.314413,114.224436,Kwun Tong District,觀塘區,Kwun Tong,觀塘,locker,"3,5,6,7",false
H852CB15P,"Elegance Road, Ngau Tau Kok",自助櫃 牛頭角雅麗道,"Bus Terminus, Elegance Road, Ngau Tau Kok*",牛頭角雅麗道巴士總站*,,00:00-23:59,00:00-23:59 周六:00:00-23:59 周日:00:00-23:59 節假日:00:00-23:59,22.315066,114.219742,Kwun Tong District,觀塘區,Ngau Tau Kok,牛頭角,station,"3,5,6,7",false
H852CB17P,"Locker No.2, Cheung Wo Court",自助櫃 觀塘祥和苑二號櫃,"Locker No.2, G/F, Wo Yuet House, Cheung Wo Court, , Kwun Tong *",觀塘祥和苑和悅閣(二號櫃)*,,00:00-23:59,00:00-23:59 周六:00:00-23:59 周日:00:00-23:59 節假日:00:00-23:59,22.3189091,114.226661,Kwun Tong District,觀塘區,Kwun Tong,觀塘,station,"3,5,6,7",false
H852CB19P,"Shop 30, Phase 3 of Laguna Arcade, Lam Tin",自助櫃 藍田麗港中心商場地下(二號櫃),"Locker No.2,Shop 30, G/F, Phase 3 of Laguna Arcade, Lam Tin*",藍田麗港中心商場地下30號鋪一號櫃(入門口左邊第二排)*,,07:00-22:30,07:00-22:30 周六:07:00-22:30 周日:07:00-22:30,22.305701,114.228075,Kwun Tong District,觀塘區,Lam Tin,藍田,station,"3,5,6,7",false
H852CB20P,"Locker No.3,Shop 30, G/F, Phase 3 of Laguna Arcade, Lam Tin",自助櫃 藍田麗港中心商場地下(三號櫃),"Locker No.3,Shop 30, G/F, Phase 3 of Laguna Arcade, Lam Tin*",藍田麗港中心商場地下30號鋪一號櫃(入門口右邊第二排)*,,07:00-22:30,07:00-22:30 周六:07:00-22:30 周日:07:00-22:30 節假日:07:00-22:30,22.305701,114.228075,Kwun Tong District,觀塘區,Lam Tin,藍田,station,"3,5,6,7",false
H852CB34P,"SF Locker Tung Ming Street, Kwun Tong(Tung Ming Eighty Laundromat)",自助櫃 觀塘通明街(通明80自助洗衣店),"G/F, 80 Tung Ming Street, Kwun Tong*",觀塘通明街80號地下(通明80自助洗衣店)*,,00:00-23:59,00:00-23:59 周六:00:00-23:59 周日:00:00-23:59 節假日:00:00-23:59,22.3168899,114.222598,Kwun Tong District,觀塘區,Kwun Tong,觀塘,locker,"3,5,6,7",false
H852CB77P,"SF Locker Wo Yuet House, Cheung Wo Court, Kwun Tong",自助櫃 觀塘祥和苑和悅閣,"G/F, Wo Yuet House, Cheung Wo Court, Kwun Tong*",觀塘祥和苑和悅閣*,,00:00-23:59,00:00-23:59 周六:00:00-23:59 周日:00:00-23:59 節假日:00:00-23:59,22.318731,114.22667,Kwun Tong District,觀塘區,Kwun Tong,觀塘,locker,"3,5,6,7",false
H852CC04P,"SF Locker Club House, Park Mediterranean, Sai Kung",自助櫃 西貢逸瓏海匯會所,"Club House, Park Mediterranean, Sai Kung (Residents Only)*",西貢逸瓏海匯會所(只供住戶使用)*,,07:30-22:00,07:30-22:00 周六:07:30-22:00 周日:07:30-22:00 節假日:07:30-22:00,22.378579,114.265863,Sai Kung District,西貢區,Sai Kung,西貢,locker,"3,5,6,7",false
H852CC05P,"SF Locker Locker No.2, Kai Tin Shopping Centre, Lam Tin",自助櫃 藍田啟田商場(二號櫃),"Locker No.2, G/F, Kai Tin Shopping Centre, Lam Tin*",藍田啟田商場地下二號櫃(近巴士站樓梯底旁)*,,07:00-23:59,07:00-23:59 周六:07:00-23:59 周日:07:00-23:59 節假日:07:00-23:59,22.308703,114.234839,Kwun Tong District,觀塘區,Lam Tin,藍田,locker,"3,5,6,7",false
H852CC06P,"SF Locker Locker No.3, Kai Tin Shopping Centre, Lam Tin",自助櫃 藍田啟田商場(三號櫃),"Locker No.3, G/F, Kai Tin Shopping Centre, 50 Kai Tin Road, Lam Tin *",藍田啟田商場地下三號櫃(近巴士站樓梯底旁)*,,07:00-23:59,07:00-23:59 周六:07:00-23:59 周日:07:00-23:59 節假日:07:00-23:59,22.308703,114.234839,Kwun Tong District,觀塘區,Lam Tin,藍田,locker,"3,5,6,7",false
H852CC09P,"Tsui Ping Road, Kwun Tong",自助櫃 觀塘翠屏道,"Bus Terminus (Near Staff Rest Room), Tsui Ping Road, Kwun Tong*",觀塘翠屏道巴士總站九巴員工休息室旁*,,00:00-23:59,00:00-23:59 周六:00:00-23:59 周日:00:00-23:59 節假日:00:00-23:59,22.316014,114.229398,Kwun Tong District,觀塘區,Kwun Tong,觀塘,station,"3,5,6,7",false
H852CC13P,"SF Locker The Beaumount, Tseung Kwan O",自助櫃 將軍澳峻瀅,"G/F, The Beaumount, Tseung Kwan O (Residents only)*",將軍澳峻瀅地下正門大堂右則近汽水機位置*,,00:00-23:59,00:00-23:59 周六:00:00-23:59 周日:00:00-23:59 節假日:00:00-23:59,22.297415,114.274893,Sai Kung District,西貢區,LOHAS Park,康城,locker,"3,5,6,7",false
H852CC18P,"SF Locker G/F, TKO Gateway, Hang Hau, Tseung Kwan O",自助櫃 將軍澳坑口TKO Gateway地下,"G/F, TKO Gateway, Hau Tak Estate, Hang Hau*",香港西貢區坑口TKO Gateway地下*,,00:00-23:59,00:00-23:59,22.317129,114.266234,Sai Kung District,西貢區,Hang Hau,坑口,locker,"3,5,6,7",false
H852CC20P,"SF Locker Kwong Cheong House, Kwong Ming Court, Tseung Kwan O",自助櫃 將軍澳廣明苑廣昌閣,"G/F, Kwong Cheung House, Kwong Ming Court, Tseung Kwan O *",將軍澳廣明苑廣昌閣地下(近管理處)*,,00:00-23:59,00:00-23:59 周六:00:00-23:59 周日:00:00-23:59 節假日:00:00-23:59,22.31195,114.259713,Sai Kung District,西貢區,Tseung Kwan O,將軍澳,locker,"3,5,6,7",false
H852CC24P,"SF Locker Tsui Lam Shopping Centre, Po Lam, Tseung Kwan O",自助櫃 將軍澳寶琳翠林新城,"L3, Tsui Lam Shopping Centre, Po Lam, Tseung Kwan O*",西貢區寶琳翠林新城3樓近停車場出入口*,,00:00-23:59,00:00-23:59 周六:00:00-23:59 周日:00:00-23:59 節假日:00:00-23:59,22.322688,114.249146,Sai Kung District,西貢區,Po Lam,寶琳,locker,"3,5,6,7",false
H852CC27P,"SF Locker Po Lam Shopping Centre, Po Lam, Tseung Kwan O",自助櫃 將軍澳寶琳寶林商場,"2/F, Po Lam Shopping Centre, Po Lam*",香港西貢區寶琳寶林商場2樓(滙豐櫃員機旁)*,,00:00-23:59,00:00-23:59 周六:00:00-23:59 周日:00:00-23:59 節假日:00:00-23:59,22.3254976,114.255495,Sai Kung District,西貢區,Po Lam,寶琳,locker,"3,7,6,5",false
H852CC29P,SF Locker HKUST,"自助櫃 LG 3, HKUST, Sai Kung","LG3, HKUST, Sai Kung (HKUST members only)*",西貢香港科技大學LG3供香港科大成員使用*,,00:00-23:59,00:00-23:59 周六:00:00-23:59 周日:00:00-23:59 節假日:00:00-23:59,22.3372917,114.263516,Sai Kung District,西貢區,Sai Kung,西貢,locker,"3,5,6,7",false
H852CC35P,"SF Locker The Beaumount II, Tseung Kwan O",自助櫃 將軍澳峻瀅二期,"G/F, Block 2, The Beaumount II, Tseung Kwan O (Residents only)*",將軍澳峻瀅二期2座地下(只供住戶使用)*,,00:00-23:59,00:00-23:59 周六:00:00-23:59 周日:00:00-23:59 節假日:00:00-23:59,22.2965767,114.272646,Sai Kung District,西貢區,LOHAS Park,康城,locker,"3,7,6,5",false
H852CC39P,"SF Locker Hong Sing Garden Shopping Centre, Po Lam, Tseung Kwan O(Washing Bo)",自助櫃 康盛花園商場1樓(洗衣快線),"Shop 111, 1/F, Hong Sing Garden Shopping Centre, Po Lam*",西貢區寶琳康盛花園商場1樓111鋪洗衣快線*,,00:00-23:59,00:00-23:59 周六:00:00-23:59 周日:00:00-23:59 節假日:00:00-23:59,22.3196984,114.252552,Sai Kung District,西貢區,Po Lam,寶琳,locker,"3,7,6,5",false
H852CC40P,"SF Locker Club House, Oscar By The Sea, Tseung Kwan O",自助櫃 將軍澳清水灣半島會所,"1/F, Clubhouse, Oscar By The Sea, Tseung Kwan O (Residents only)*",香港西貢區清水灣半島會所1樓只供住戶使用*,,07:00-22:00,07:00-22:00 周六:07:00-22:00 周日:07:00-22:00 節假日:07:00-22:00,22.307581,114.266728,Sai Kung District,西貢區,Tseung Kwan O,將軍澳,locker,"3,5,6,7",false
H852CC42P,"SF Locker Lam Wai House, Lam Tin Estate, Lam Tin",自助櫃 藍田藍田邨藍蔚樓,"G/F, Lam Wai House, Lam Tin Estate, Lam Tin*",藍田藍田邨藍蔚樓地下*,,00:00-23:59,00:00-23:59 周六:00:00-23:59 周日:00:00-23:59 節假日:00:00-23:59,22.310247,114.236439,Kwun Tong District,觀塘區,Lam Tin,藍田,locker,"3,6,7",false
H852CC43P,"SF Locker Block 8, Beverly Garden, Tseung Kwan O",自助櫃 將軍澳富康花園8座,"G/F, Block 8, Beverly Garden, Tseung Kwan O (Residents only)*",將軍澳富康花園8座地下(只供住戶使用)*,,00:00-23:59,00:00-23:59 周六:00:00-23:59 周日:00:00-23:59 節假日:00:00-23:59,22.310666,114.262091,Sai Kung District,西貢區,Tseung Kwan O,將軍澳,locker,"3,7,6,5",false
H852CC44P,"SF Locker Block 9, Beverly Garden, Tseung Kwan O",自助櫃 將軍澳富康花園9座,"G/F, Block 9, Beverly Garden, Tseung Kwan O (Residents only)*",將軍澳富康花園9座地下(只供住戶使用)*,,00:00-23:59,00:00-23:59 周六:00:00-23:59 周日:00:00-23:59 節假日:00:00-23:59,22.31093,114.261892,Sai Kung District,西貢區,Tseung Kwan O,將軍澳,locker,"3,5,6,7",false
H852CC46P,"SF Locker Block A, Hong Wah Court, Lam Tin",自助櫃 藍田康華苑A座,"Lobby, G/F, Block A, Hong Wah Court, Lam Tin (Residents only)*",藍田康華苑A座大堂(只供住戶使用)*,,00:00-23:59,00:00-23:59 周六:00:00-23:59 周日:00:00-23:59 節假日:00:00-23:59,22.313583,114.240136,Kwun Tong District,觀塘區,Lam Tin,藍田,locker,"3,5,6,7",false
H852CC47P,"SF Locker Block B, Hong Wah Court, Lam Tin",自助櫃 藍田康華苑B座,"Lobby, G/F, Block B, Hong Wah Court, Lam Tin (Residents only)*",藍田康華苑B座大堂(只供住戶使用)*,,00:00-23:59,00:00-23:59 周六:00:00-23:59 周日:00:00-23:59 節假日:00:00-23:59,22.314183,114.240339,Kwun Tong District,觀塘區,Lam Tin,藍田,locker,"3,5,6,7",false
H852CC48P,"SF Locker Block C, Hong Wah Court, Lam Tin",自助櫃 藍田康華苑C座,"Lobby, G/F, Block C, Hong Wah Court, Lam Tin (Residents only)*",藍田康華苑C座大堂(只供住戶使用)*,,00:00-23:59,00:00-23:59 周六:00:00-23:59 周日:00:00-23:59 節假日:00:00-23:59,22.314069,114.239754,Kwun Tong District,觀塘區,Lam Tin,藍田,locker,"3,5,6,7",false
H852CC51P,"SF Locker Hei King House, King Ming Court, Po Lam, Tseung Kwan O",自助櫃 將軍澳寶琳景明苑曦景閣,"G/F, Hei King House, King Ming Court, Po Lam*",香港西貢區寶琳景明苑曦景閣地下*,,00:00-23:59,00:00-23:59 周六:00:00-23:59 周日:00:00-23:59 節假日:00:00-23:59,22.323358,114.249452,Sai Kung District,西貢區,Po Lam,寶琳,locker,"5,3,7,6",false
H852CC55P,"SF Locker La Cite Noble Shopping Arcade, Hang Hau, Tseung Kwan O",自助櫃 將軍澳坑口新寶城商場,"Entrace, G/F, La Cite Noble Shopping Arcade, 1 Ngan O Road, Hang Hau, Tseung Kwan O*",香港西貢區坑口新寶城商場入口地下*,,00:00-23:59,00:00-23:59 周六:00:00-23:59 周日:00:00-23:59 節假日:00:00-23:59,22.314394,114.266382,Sai Kung District,西貢區,Hang Hau,坑口,locker,"3,5,6,7",false
H852CC58P,"SF Locker The Pinnacle, Po LamTseung Kwan O",自助櫃 將軍澳寶琳疊翠軒,"Residential Podium L2, The Pinnacle, Po Lam(Residents only)*",香港西貢區寶琳疊翠軒2樓住宅平台住戶使用*,,00:00-23:59,00:00-23:59 周六:00:00-23:59 周日:00:00-23:59 節假日:00:00-23:59,22.320827,114.258151,Sai Kung District,西貢區,Po Lam,寶琳,locker,"3,5,6,7",false
H852CC61P,SF Locker Tsueng Kwan O  Le Prestige,自助櫃 將軍澳日出康城領都3號中轉大堂L5,"No.3 Lift Lobby, L5, Le Prestige, TKO(Residents only)*",香港西貢區康城日出康城領都3號中轉大堂L5*,,00:00-23:59,00:00-23:59 周六:00:00-23:59 周日:00:00-23:59 節假日:00:00-23:59,22.293981,114.272123,Sai Kung District,西貢區,LOHAS Park,康城,locker,"3,5,6,7",false
H852CC68P,"SF Locker Twin peaks, Tseung Kwan O",自助櫃 將軍澳嘉悅,"Block 2, B1/F, Twin Peaks, Tseung Kwan O (Near Lift lobby)(Residents only)*",將軍澳嘉悅B1層近2座電梯大堂供住戶使用*,,00:00-23:59,00:00-23:59 周六:00:00-23:59 周日:00:00-23:59 節假日:00:00-23:59,22.304697,114.260971,Sai Kung District,西貢區,Tseung Kwan O,將軍澳,locker,"3,5,6,7",false
H852CC70P,"SF Locker Kwong Sui House, Kwong Ming Court, Tseung Kwan O",自助櫃 廣明苑廣瑞閣地下,"G/F, Kwong Sui House, Kwong Ming Court, Tseung Kwan O*",將軍澳廣明苑廣瑞閣地下*,,00:00-23:59,00:00-23:59 周六:00:00-23:59 周日:00:00-23:59 節假日:00:00-23:59,22.312984,114.259576,Sai Kung District,西貢區,Tseung Kwan O,將軍澳,locker,"3,7,6,5",false
H852CC71P,"SF Locker Locker No.1, Kar Ming Court, Chung Ming Court, Hang Hau, Tseung Kwan O",自助櫃 將軍澳坑口頌明苑嘉明閣(一號櫃),"Locker No.1, G/F, Kar Ming Court, Chung Ming Court, Hang Hau, Tseung Kwan O*",香港西貢區坑口頌明苑嘉明閣地下一號櫃*,,00:00-23:59,00:00-23:59 周六:00:00-23:59 周日:00:00-23:59 節假日:00:00-23:59,22.31869,114.263116,Sai Kung District,西貢區,Hang Hau,坑口,locker,"3,7,6,5",false
H852CC72P,"SF Locker PopWalk, Tseung Kwan O",自助櫃 將軍澳PopWalk,"G/F, PopWalk, Tseung Kwan O*",將軍澳PopWalk地下近fusion超市*,,00:00-23:59,00:00-23:59 周六:00:00-23:59 周日:00:00-23:59 節假日:00:00-23:59,22.306442,114.261087,Sai Kung District,西貢區,Tseung Kwan O,將軍澳,locker,"3,5,6,7",false
H852CC73P,"SF Locker Choi Ming Court, Tiu Keng Leng, Tseung Kwan O",自助櫃 將軍澳調景嶺彩明苑,"Carpark, G/F, Choi Ming Court, Tiu Keng Leng, Tseung Kwan O*",香港西貢區調景嶺彩明苑地下停車場乒乓球區*,,00:00-23:59,00:00-23:59 周六:00:00-23:59 周日:00:00-23:59 節假日:00:00-23:59,22.308859,114.255554,Sai Kung District,西貢區,Tiu Keng Leng,調景嶺,locker,"3,5,6,7",false
H852CC74P,"SF Locker Park Central, Tseung Kwan O",自助櫃 將軍澳將軍澳中心,"Area near Lift Lobby, B1/F, Park Central, Tseung Kwan O*",將軍澳中心地庫B1層升降機大堂停車場出口*,,10:00-22:00,10:00-22:00 周六:10:00-22:00 周日:10:00-22:00 節假日:10:00-22:00,22.307267,114.257937,Sai Kung District,西貢區,Tiu Keng Leng,調景嶺,locker,"5,3,7,6",false
H852CC85P,"SF Locker Tak Shui House, Tak Tin Estate, Lam Tin",自助櫃 藍田德田邨德瑞樓,"G/F, Tak Shui House, Tak Tin Estate, Lam Tin*",藍田德田邨德瑞樓地下*,,00:00-23:59,00:00-23:59 周六:00:00-23:59 周日:00:00-23:59 節假日:00:00-23:59,22.308767,114.238848,Kwun Tong District,觀塘區,Lam Tin,藍田,locker,"3,5,6,7",false
H852CC89P,"SF Locker Locker No.1, Shop No.G5, G/F, Ping Tin Shopping Centre, Lam Tin",自助櫃 藍田平田商場地下5號鋪(一號櫃),"Locker No.1, Shop No. G5, G/F, Ping Tin Shopping Centre, Lam Tin*",香港藍田平田商場地下5號鋪一號櫃*,,07:00-23:00,07:00-23:00 周六:07:00-23:00 周日:07:00-23:00 節假日:07:00-23:00,22.30602,114.237232,Kwun Tong District,觀塘區,Lam Tin,藍田,locker,"3,5,6,7",false
H852CC90P,"SF Locker Locker No.2, Shop No.G5, G/F, Ping Tin Shopping Centre, Lam Tin",自助櫃 藍田平田邨平田商場地下(二號自助櫃),"Locker No.2, Shop No. G5, G/F, Ping Tin Shopping Centre, Lam Tin*",香港藍田平田商場地下5號鋪二號櫃*,,07:00-23:00,07:00-23:00 周六:07:00-23:00 周日:07:00-23:00 節假日:07:00-23:00,22.305927,114.236552,Kwun Tong District,觀塘區,Lam Tin,藍田,locker,"3,5,6,7",false
H852CD02P,"SF Locker (SF Store) 66 Yi Chun Street, Sai Kung",自助櫃 西貢宜春街66號(順豐站),"Shop 1, G/F, 66 Yi Chun Street, Sai Kung *",西貢宜春街66號地下1號鋪(順豐站)*,,12:00-21:00,12:00-21:00 周六:12:00-20:00 周日:12:00-20:00 節假日:12:00-20:00,22.380538,114.271583,Sai Kung District,西貢區,Sai Kung,西貢,locker,"3,6,7",false
H852CD03P,SF Locker Kwun Tong Shun Tin Shopping Centre(Sunshine 24),自助櫃 觀塘順天商場(Sunshine 24),"Shop 3, G/F, Shun Tin Shopping Centre, Kwun Tong *",觀塘順天商場地下3號鋪(洗衣店內)*,,00:00-23:59,00:00-23:59 周六:00:00-23:59 周日:00:00-23:59 節假日:00:00-23:59,22.326363,114.225709,Kwun Tong District,觀塘區,Sau Mau Ping,秀茂坪,locker,"3,5,6,7",false
H852CD07P,"SF Locker On Tai Estate , Sau Mau Ping",自助櫃 秀茂坪安泰邨,"Site at passage, UG/F, Tak Tai House, On Tai Estate , Sau Mau Ping *",秀茂坪安泰邨德泰樓地下行人通道*,,00:00-23:59,00:00-23:59 周六:00:00-23:59 周日:00:00-23:59 節假日:00:00-23:59,22.327583,114.229568,Kwun Tong District,觀塘區,Sau Mau Ping,秀茂坪,locker,"3,6,7",false
H852CD08P,"On Tat Estate, Sau Mau Ping",自助櫃 秀茂坪安達邨,"Bus Terminus (Near Staff Rest Room), On Tat Estate, Sau Mau Ping*",秀茂坪安達邨巴士總站九巴員工休息室旁*,,00:00-23:59,00:00-23:59 周六:00:00-23:59 周日:00:00-23:59 節假日:00:00-23:59,22.319493,114.235049,Kwun Tong District,觀塘區,Sau Mau Ping,秀茂坪,station,"3,5,6,7",false
H852CD09P,"Sau Ming Road, Sau Mau Ping",自助櫃 秀茂坪秀明道,"Bus Terminus (Near Staff Rest Room), Sau Ming Road, Sau Mau Ping *",秀茂坪秀明道巴士總站(九巴員工休息室旁)*,,00:00-23:59,00:00-23:59 周六:00:00-23:59 周日:00:00-23:59 節假日:00:00-23:59,22.318727,114.231334,Kwun Tong District,觀塘區,Sau Mau Ping,秀茂坪,station,"3,5,6,7",false
H852CD10P,"Shun Lee Estate, Kwun Tong",自助櫃 觀塘順利邨,"Bus Terminus (Near Lee Yat House & Lee Foo House), Shun Lee Estate, Kwun Tong*",觀塘順利邨巴士總站(近利溢樓及利富樓)*,,00:00-23:59,00:00-23:59 周六:00:00-23:59 周日:00:00-23:59 節假日:00:00-23:59,22.331101,114.226699,Kwun Tong District,觀塘區,Shun Lee,順利,station,"3,5,6,7",false
H852CD11P,"Po Tung Road, Sai Kung",自助櫃 西貢普通道,"Bus Terminus (Near Sai Kung Police Station), Po Tung Road, Sai Kung*",西貢普通道巴士總站(近西貢警署)*,,00:00-23:59,00:00-23:59 周六:00:00-23:59 周日:00:00-23:59 節假日:00:00-23:59,22.383953,114.27216,Sai Kung District,西貢區,Sai Kung,西貢,station,"3,5,6,7",false
H852CD12P,"Sceneway Plaza, Lam Tin ",自助櫃 藍田匯景廣場(順豐站),"Shop 4A20-22, 3/F, Sceneway Plaza, Lam Tin *",藍田匯景廣場3樓4A20-22號鋪順豐站*,,11:00-22:00,11:00-22:00 周六:12:00-20:00 周日:12:00-20:00 節假日:12:00-20:00,22.30776,114.23328,Kwun Tong District,觀塘區,Lam Tin,藍田,partner,"3,6,7",false
H852CD13P,"Next to Lift Lobby, G/F, Shun Lee Disciplined Services Quarters, 32 Lee On Road, Choi Hung, Kowloon(Residentsonly)*",自助櫃 彩虹順利紀律部隊宿舍,"Next to Lift Lobby, G/F, Shun Lee Disciplined Services Quarters, Choi Hung*",彩虹順利紀律部隊宿舍地下電梯大堂旁*,,00:00-23:59,00:00-23:59 周六:00:00-23:59 周日:00:00-23:59 節假日:00:00-23:59,22.331789,114.222273,Wong Tai Sin District,黃大仙區,Choi Hung,彩虹,partner,"3,6,7",false
H852CD14P,"Locker No.2, Shop 3, G/F, Shun Tin Shopping Centre",自助櫃 觀塘順天商場(Sunshine 24)(二號櫃),"Locker No.2, Shop 3, G/F, Shun Tin Shopping Centre, Kwun Tong *",觀塘順天商場地下3號鋪(Sunshine24)二號櫃*,,00:00-23:59,00:00-23:59 周六:00:00-23:59 周日:00:00-23:59 節假日:00:00-23:59,22.326355,114.225411,Kwun Tong District,觀塘區,Shun Lee,順利,station,"3,5,6,7",false
H852CD15P,"Montego Bay, Yau Tong",自助櫃 油塘蔚藍東岸,"Lift Lobby, 2/F of Clubhouse, Montego Bay, Yau Tong(Residents only)*",油塘蔚藍東岸會所2樓升降機大堂(只供住戶使用)*,,00:00-23:59,00:00-23:59 周六:00:00-23:59 周日:00:00-23:59 節假日:00:00-23:59,22.291834,114.236322,Kwun Tong District,觀塘區,Yau Tong,油塘,station,"3,5,6,7",false
H852CD16P,"1/F, Lei Yue Mun Plaza, Yau Tong ",自助櫃 油塘鯉魚門廣場一樓,"Next to Shop 101, 1/F, Lei Yue Mun Plaza, Yau Tong *",油塘鯉魚門廣場一樓(101號鋪旁)*,,06:00-23:59,06:00-23:59 周六:06:00-23:59 周日:06:00-23:59 節假日:06:00-23:59,22.2970267,114.239113,Kwun Tong District,觀塘區,Yau Tong,油塘,station,"3,5,6,7",false
H852CD17P,"LG/F, Lei Yue Mun Plaza, Yau Tong",自助櫃 油塘鯉魚門低層地下,"LG/F, Lei Yue Mun Plaza, Yau Tong*",油塘鯉魚門廣場低層地下(渣打銀行櫃員機旁)*,,06:00-23:59,06:00-23:59 周六:06:00-23:59 周日:06:00-23:59 節假日:06:00-23:59,22.2970267,114.239113,Kwun Tong District,觀塘區,Yau Tong,油塘,station,"3,5,6,7",false
H852CD18P,"Peninsula East, Yau Tong",自助櫃 油塘Peninsula East,"Next to Hourly Parking Space, 2/F, 9 Shung Yiu Street, Yau Tong(Residents only)*",油塘Peninsula East二樓停車場時租車位對面(只供住戶使用)*,,00:00-23:59,00:00-23:59 周六:00:00-23:59 周日:00:00-23:59 節假日:00:00-23:59,22.2940486,114.234531,Kwun Tong District,觀塘區,Yau Tong,油塘,station,"3,5,6,7",false
H852CD19P,"Locker No.4, 3/F Sau Mau Ping Shopping Centre",自助櫃 秀茂坪秀茂坪商場四號櫃,"Opposie of Shop 301A, Locker No.4, 3/F, Sau Mau Ping Shopping Centre*",秀茂坪商場三樓四號櫃(301A鋪對面)*,,06:00-23:59,06:00-23:59 周六:06:00-23:59 周日:06:00-23:59 節假日:06:00-23:59,22.3191742,114.23218,Kwun Tong District,觀塘區,Sau Mau Ping,秀茂坪,station,"3,5,6,7",false
H852CD20P,"Shop No. 229, 2/F, Domain, Yau Tong",自助櫃 油塘大本型(順豐站),"Shop No. 229, 2/F, Domain, Yau Tong*",油塘大本型二樓229號鋪(順豐站)*,,11:00-21:00,11:00-21:00 周六:12:00-20:00 周日:12:00-20:00 節假日:12:00-20:00,22.296255,114.238899,Kwun Tong District,觀塘區,Yau Tong,油塘,partner,"3,6,7",false
H852CD21P,"Locker No.1, Shop No.108,1/F, Po Tat Shopping Centre, Sau Mau Ping ",自助櫃 秀茂坪寶達商場(順豐站)(一號櫃),"Locker No.1, Shop No.108,1/F, Po Tat Shopping Centre, Sau Mau Ping*",秀茂坪寶達商場一樓108號鋪順豐站一號櫃*,,06:00-23:59,06:00-23:59 周六:06:00-23:59 周日:06:00-23:59 節假日:06:00-23:59,22.3177071,114.23609,Kwun Tong District,觀塘區,Sau Mau Ping,秀茂坪,partner,"3,6,7",false
H852CD22P,"Locker No.2, Shop No.108,Po Tat Shopping Centre, Sau Mau Ping",自助櫃 秀茂坪寶達商場(順豐站)(二號櫃),"Locker No.2, Shop No.108,1/F, Po Tat Shopping Centre, Sau Mau Ping*",秀茂坪寶達商場一樓108號鋪順豐站二號櫃*,,06:00-23:59,06:00-23:59 周六:06:00-06:00 周日:06:00-23:59 節假日:06:00-23:59,22.3177071,114.23609,Kwun Tong District,觀塘區,Sau Mau Ping,秀茂坪,partner,"3,6,7",false
H852CD23P,"Locker No.3, Shop No.108,Po Tat Shopping Centre, Sau Mau Ping",自助櫃 秀茂坪寶達商場(順豐站)(三號櫃),"Locker No.3, Shop No.108,1/F, Po Tat Shopping Centre, Sau Mau Ping*",秀茂坪寶達商場一樓108號鋪順豐站三號櫃*,,06:00-23:59,06:00-23:59 周六:06:00-23:59 周日:06:00-23:59 節假日:06:00-23:59,22.3177071,114.23609,Kwun Tong District,觀塘區,Sau Mau Ping,秀茂坪,partner,"3,6,7",false
H852CD24P,"SF Locker, Locker No.4, Shop No.108,1/F, Po Tat Shopping Centre, Sau Mau Ping ",自助櫃 秀茂坪寶達商場(順豐站)(四號櫃),"Locker No.4, Shop No.108,1/F, Po Tat Shopping Centre, Sau Mau Ping *",秀茂坪寶達商場一樓108號鋪順豐站四號櫃*,,06:00-23:59,06:00-23:59 周六:06:00-23:59 周日:06:00-23:59 節假日:06:00-23:59,22.317541,114.236233,Kwun Tong District,觀塘區,Sau Mau Ping,秀茂坪,locker,"3,6,7",false
H852CD25P,"SF Locker, Locker No.5, Shop No.108,1/F, Po Tat Shopping Centre, Sau Mau Ping ",自助櫃 秀茂坪寶達商場(順豐站)(五號櫃),"Locker No.5, Shop No.108,1/F, Po Tat Shopping Centre, Sau Mau Ping *",秀茂坪寶達商場一樓108號鋪順豐站五號櫃*,,06:00-23:59,06:00-23:59 周六:06:00-23:59 周日:06:00-23:59 節假日:06:00-23:59,22.3177071,114.23609,Kwun Tong District,觀塘區,Sau Mau Ping,秀茂坪,locker,"3,6,7",false
H852CD26P,"SF Locker Locker No.6, Shop No.108,1/F, Po Tat Shopping Centre, Sau Mau Ping ",自助櫃 秀茂坪寶達商場(順豐站)(六號櫃),"Locker No.6, Shop No.108,1/F, Po Tat Shopping Centre, Sau Mau Ping *",秀茂坪寶達商場一樓108號鋪順豐站六號櫃*,,06:00-23:59,06:00-23:59 周六:06:00-23:59 周日:06:00-23:59 節假日:06:00-23:59,22.3177071,114.23609,Kwun Tong District,觀塘區,Sau Mau Ping,秀茂坪,locker,"3,6,7",false
H852CE01P,"SF Locker Block 1, The Capitol, LOHAS Park, Tseung Kwan O",自助櫃 將軍澳日出康城首都1座,"Lift Lobby, G/F, Block 1, The Capitol, LOHAS Park, Tseung Kwan O(Residents only)*",香港西貢區日出康城首都1座地下升降機大堂*,,00:00-23:59,00:00-23:59 周六:00:00-23:59 周日:00:00-23:59 節假日:00:00-23:59,22.297231,114.271429,Sai Kung District,西貢區,LOHAS Park,康城,locker,"3,5,6,7",false
H852CE02P,"SF Locker 3/F, Choi Ming Shopping Centre, Tiu Keng Leng, Tseung Kwan O",自助櫃 將軍澳調景嶺彩明商場3樓,"3/F, Choi Ming Shopping Centre, Tiu Keng Leng, Tseung Kwan O*",香港西貢區調景嶺彩明商場3樓*,,07:00-23:59,07:00-23:59 周六:07:00-23:59 周日:07:00-23:59 節假日:07:00-23:59,22.30722,114.252459,Sai Kung District,西貢區,Tiu Keng Leng,調景嶺,locker,"3,5,6,7",false
H852CE03P,"SF Locker Ocean Wings, Tseung Kwan O",自助櫃 將軍澳海天晉,"G/F, Block 1, Ocean Wings, Tseung Kwan O (Residents only)*",將軍澳海天晉1座地下(只供住戶使用)*,,00:00-23:59,00:00-23:59 周六:00:00-23:59 周日:00:00-23:59 節假日:00:00-23:59,22.303565,114.260977,Sai Kung District,西貢區,Tseung Kwan O,將軍澳,locker,"3,7,6,5",false
H852CE04P,"SF Locker The Wings IIIA, Tseung Kwan O",自助櫃 將軍澳天晉IIIA,"Near Block 1, P/F, The Wings IIIA, Tseung Kwan O (Residents only)*",香港將軍澳天晉IIIA平台近1座供住戶使用*,,00:00-23:59,00:00-23:59 周六:00:00-23:59 周日:00:00-23:59 節假日:00:00-23:59,22.305559,114.259511,Sai Kung District,西貢區,Tseung Kwan O,將軍澳,locker,"3,5,6,7",false
H852CE81P,"SF Locker (Near Block 11)Le Prestige, LOHAS Park, Tseung Kwan O",自助櫃 將軍澳日出康城領都(近11座),"No.1 Lift Lobby, L3, Le Prestige, 1 Lohas Park, Tsueng Kwan O(Residents only)*",香港西貢區康城日出康城領都1號中轉大堂L3*,,00:00-23:59,00:00-23:59 周六:00:00-23:59 周日:00:00-23:59 節假日:00:00-23:59,22.29458,114.271961,Sai Kung District,西貢區,LOHAS Park,康城,locker,"3,7,6,5",false
H852CE87P,"SF Locker Club House, Hemera, LOHAS Park, Tsueng Kwan O",自助櫃 將軍澳日出康城致藍天會所,"2/F, Residents Club, Hemera, Lohas Park, Tsueng Kwan O(Residents only)*",香港西貢區康城日出康城致藍天2樓住戶會所*,,07:30-22:00,07:30-22:00 周六:07:30-22:00 周日:07:30-22:00 節假日:07:30-22:00,22.29691,114.269965,Sai Kung District,西貢區,LOHAS Park,康城,locker,"3,7,6,5",false
H852CE92P,"G/F, Tower One, Fu Ning Garden, No. 25 Po Ning Road, Tseung Kwan O, New Territories(Residentsonly)*",自助櫃 將軍澳坑口富寧花園1座地下,"G/F, Tower One, Fu Ning Garden, Tseung Kwan O(Residentsonly)plex, Hang Hau (Residents only)*",將軍澳富寧花園1座地下(只供住戶使用)*,,00:00-23:59,00:00-23:59 周六:00:00-23:59 周日:00:00-23:59 節假日:00:00-23:59,22.319995,114.267638,Sai Kung District,西貢區,Hang Hau,坑口,station,"3,5,6,7",false
H852CE97P,"SF Locker 1/F, East Wing, TKO Gateway, Hang Hau, Tseung Kwan O",自助櫃 將軍澳坑口TKO Gateway東翼1樓,"1/F, East Wing, TKO Gateway, Hau Tak Estate, Hang Hau, Tseung Kwan O*",西貢區TKO Gateway東翼1樓停車場收費處旁*,,00:00-23:59,00:00-23:59 周六:00:00-23:59 周日:00:00-23:59 節假日:00:00-23:59,22.317269,114.266799,Sai Kung District,西貢區,Hang Hau,坑口,locker,"3,5,6,7",false
H852CH03P,"SF Locker Block 3, Hong Sing Garden",自助櫃 將軍澳康盛花園三座地下,"G/F, Block3, Hong Sing Garden, TKO*",將軍澳康盛花園三座地下*,,00:00-23:59,00:00-23:59 周六:00:00-23:59 周日:00:00-23:59 節假日:00:00-23:59,22.319426,114.253398,Sai Kung District,西貢區,Po Lam,寶琳,locker,"5,3,7,6",false
H852CH04P,"SF Locker Locker No.1, Shop No. 6, G/F, Block 1, Verbena Heights",自助櫃 將軍澳茵怡花園第1座(順豐站)(一號櫃),"Locker No.1, Shop No. 6, G/F, Block 1, Verbena Heights, Tseung Kwan O *",將軍澳茵怡花園第1座地下6號鋪一號櫃*,,00:00-23:59,00:00-23:59 周六:00:00-23:59 周日:00:00-23:59 節假日:00:00-23:59,22.321997,114.25592,Sai Kung District,西貢區,Po Lam,寶琳,locker,"3,6,7",false
H852CH06P,"SF Locker Shun Chi Court, Kwun Tong",自助櫃 觀塘順致苑,"G/F, Shun Fai House, Shun Chi Court, Kwun Tong*",觀塘順致苑順輝閣地下*,,00:00-23:59,00:00-23:59 周六:00:00-23:59 周日:00:00-23:59 節假日:00:00-23:59,22.331762,114.22668,Kwun Tong District,觀塘區,Shun Lee,順利,locker,"3,5,6,7",false
H852CH07P,"SF Locker Tower IIIB, The Wings, Tseung Kwan O",自助櫃 將軍澳天晉IIIB,"G/F, Tower IIIB, The Wings, Tseung Kwan O (Residents only)*",將軍澳天晉IIIB地下(只供住戶使用)*,,00:00-23:59,00:00-23:59 周六:00:00-23:59 周日:00:00-23:59 節假日:00:00-23:59,22.304645,114.259614,Sai Kung District,西貢區,Tseung Kwan O,將軍澳,locker,"3,7,6,5",false
H852CH09P,"SF Locker Locker No.1, The LOHAS, Tseung Kwan O",自助櫃 將軍澳康城商場(順豐站)(一號櫃),"Locker No.1, Unit 340, 3/F, The LOHAS, Tseung Kwan O *",香港西貢區康城商場3樓340鋪順豐站一號櫃*,,00:00-23:59,00:00-23:59 周六:00:00-23:59 周日:00:00-23:59 節假日:00:00-23:59,22.295837,114.270334,Sai Kung District,西貢區,LOHAS Park,康城,locker,"3,6,7",false
H852CH13P,"SF Locker G/F, Savannah, Tseung Kwan O",自助櫃 將軍澳Savannah地下,"Shopping Mall Lift Lobby, G/F, Savannah, Tseung Kwan O *",將軍澳Savannah地下近商場電梯大堂*,,00:00-23:59,00:00-23:59 周六:00:00-23:59 周日:00:00-23:59 節假日:00:00-23:59,22.305831,114.263934,Sai Kung District,西貢區,Tseung Kwan O,將軍澳,locker,"3,5,6,7",false
H852CH15P,"SF Locker Yan Ming Court, Tseung Kwan O",自助櫃 將軍澳欣明苑,"G/F, Yan Mui House, Yan Ming Court, Tseung Kwan O(Residents only)*",將軍澳欣明苑欣梅閣地下(只供住戶使用)*,,00:00-23:59,00:00-23:59 周六:00:00-23:59 周日:00:00-23:59 節假日:00:00-23:59,22.324338,114.25853,Sai Kung District,西貢區,Tseung Kwan O,將軍澳,locker,"3,5,6,7",false
H852CH17P,"SF Locker Capri, Tseung Kwan O",自助櫃 將軍澳Capri,"Covered corridor near Shop 6, G/F, Capri, Tseung Kwan O *",將軍澳Capri地下6號鋪旁有蓋走廊*,,00:00-23:59,00:00-23:59 周六:00:00-23:59 周日:00:00-23:59 節假日:00:00-23:59,22.302564,114.2572,Sai Kung District,西貢區,Tseung Kwan O,將軍澳,locker,"3,5,6,7",false
H852CH18P,"SF Locker G/F, Ming Tak Shopping Centre",自助櫃 將軍澳明德商場地下,"Car Park Exit, G/F, Ming Tak Shopping Centre, Ming Tak Estate, Tseung Kwan O *",將軍澳明德商場地下停車場入口旁*,,00:00-23:59,00:00-23:59 周六:00:00-23:59 周日:00:00-23:59 節假日:00:00-23:59,22.317063,114.269027,Sai Kung District,西貢區,Tseung Kwan O,將軍澳,locker,"5,3,7,6",false
H852CH19P,"Bauhinia Garden, Tseung Kwan O",自助櫃 將軍澳寶盈花園商場(順豐站),"Shop Nos. S21 & S21A,1/F of Commercial Centre, Bauhinia Garden, Tseung Kwan O*",將軍澳寶盈花園商場一樓S21-S21A號鋪順豐站*,,11:00-21:00,11:00-21:00 周六:12:00-20:00 周日:12:00-20:00 節假日:12:00-20:00,22.306903,114.261749,Sai Kung District,西貢區,Tseung Kwan O,將軍澳,partner,"3,6,7",false
H852CH20P,"Vega Suites, Tseung Kwan O",自助櫃 將軍澳星峰薈,"G/F, Vega Suites, Tseung Kwan O(Residents only)*",將軍澳星峰薈地下大堂(只供住戶使用)*,,00:00-23:59,00:00-23:59 周六:00:00-23:59 周日:00:00-23:59 節假日:00:00-23:59,22.30833,114.25898,Sai Kung District,西貢區,Tseung Kwan O,將軍澳,partner,"3,6,7",false
H852CH21P,"Serenity Place, Tseung Kwan O",自助櫃 將軍澳怡心園,"Near Tower 5, P/F, Serenity Place, Tseung Kwan O(Residents only)*",將軍澳怡心園平台第5座出入口(只供住戶使用)*,,00:00-23:59,00:00-23:59 周六:00:00-23:59 周日:00:00-23:59 節假日:00:00-23:59,22.322487,114.253531,Sai Kung District,西貢區,Tseung Kwan O,將軍澳,station,"3,5,6,7",false
H852CH22P,"Manor Hill, Tseung Kwan O",自助櫃 將軍澳海茵莊園,"Loading Area, B1/F, Manor Hill, Tseung Kwan O(Residents only)*",將軍澳海茵莊園地庫停車場卸貨區(只供住戶使用)*,,00:00-23:59,00:00-23:59 周六:00:00-23:59 周日:00:00-23:59 節假日:00:00-23:59,22.29633,114.27377,Sai Kung District,西貢區,LOHAS Park,康城,partner,"3,6,7",false
H852CH23P,"5/F, Malibu, Tseung Kwan O",自助櫃 將軍澳Malibu五樓平台,"5/F, Malibu, 1 Lohas Park Road, Tseung Kwan O(Residents only)*",將軍澳Malibu五樓平台(只供住戶使用)*,,00:00-23:59,00:00-23:59 周六:00:00-23:59 周日:00:00-23:59 節假日:00:00-23:59,22.296441,114.26871,Sai Kung District,西貢區,LOHAS Park,康城,station,"3,5,6,7",false
H852CH24P,"The Wings, Tseung Kwan O",自助櫃 將軍澳天晉1期,"Car Park Lobby, B1/F, The Wings, Tseung Kwan O(Residents only)*",將軍澳天晉1期B1層停車場出入口(只供住戶使用)*,,00:00-23:59,00:00-23:59 周六:00:00-23:59 周日:00:00-23:59 節假日:00:00-23:59,22.308124,114.259544,Sai Kung District,西貢區,Tseung Kwan O,將軍澳,station,"3,5,6,7",false
H852CH25P,"Locker No.1, Shop A1, Phase III of Ocean Shores, Tiu Keng Leng ",自助櫃 調景嶺維景灣畔3期(順豐站)(一號櫃),"Locker No.1, Shop A1, LG 2/F, Phase III of Ocean Shores, Tiu Keng Leng *",調景嶺維景灣畔3期低層地下2樓A1號鋪順豐站一號櫃*,,09:00-22:00,09:00-22:00 周六:09:00-22:00 周日:09:00-22:00 節假日:09:00-22:00,22.303811,114.25269,Sai Kung District,西貢區,Tiu Keng Leng,調景嶺,partner,"3,6,7",false
H852CH26P,"Locker No.2,SF Store, Phase III of Ocean Shores, Tiu Keng Leng",自助櫃 調景嶺維景灣畔3期(順豐站)(二號櫃),"Locker No.2, Shop A1, LG 2/F, Phase III of Ocean Shores, Tiu Keng Leng*",調景嶺維景灣畔3期低層地下2樓A1號鋪順豐站二號櫃*,,09:00-22:00,09:00-22:00 周六:09:00-22:00 周日:09:00-22:00 節假日:09:00-22:00,22.3037041,114.25259,Sai Kung District,西貢區,Tiu Keng Leng,調景嶺,partner,"3,6,7",false
H852CH27P,"Locker No.3, SF Store, Phase III of Ocean Shores, Tiu Keng Leng ",自助櫃 調景嶺維景灣畔3期(順豐站)(三號櫃),"Locker No.3, Shop A1, LG 2/F, Phase III of Ocean Shores, Tiu Keng Leng*",調景嶺維景灣畔3期低層地下2樓A1號鋪順豐站三號櫃*,,09:00-22:00,09:00-22:00 周六:09:00-22:00 周日:09:00-22:00 節假日:09:00-22:00,22.30365,114.25257,Sai Kung District,西貢區,Tiu Keng Leng,調景嶺,partner,"3,6,7",false
H852D009P,"SF Locker Manhattan Mid-Town, Mei Foo",自助櫃 美孚曼坊,"G/F, Manhattan Mid-Town, Mei Foo*",美孚曼坊商場地下(一粥面對出)*,,10:00-22:00,10:00-22:00 周六:10:00-22:00 周日:10:00-22:00 節假日:10:00-22:00,22.335905,114.142798,Sham Shui Po District,深水埗區,Lai Chi Kok,美孚,locker,"3,5,6,7",false
H852D017P,"SF Locker No.471 Un Chau Street, Cheung Wah Court, Cheung Sha Wan(LaundrYup)",自助櫃 長沙灣元州街471號(LaundrYup洗衣店),"Shop 1, G/F, Cheung Wah Court, 471 Un Chau Street, Cheung Sha Wan*",長沙灣昌華閣地下1號鋪(洗衣店內)*,,00:00-23:59,00:00-23:59 周六:00:00-23:59 周日:00:00-23:59 節假日:00:00-23:59,22.339335,114.153959,Sham Shui Po District,深水埗區,Cheung Sha Wan,長沙灣,locker,"3,5,6,7",false
H852D027P,"SF Locker Lai Choi House, Lai Yan Court, Lai Chi Kok",自助櫃 荔枝角荔欣苑荔采閣,"G/F, Lai Choi House, Lai Yan Court, Lai Chi Kok(Residents only)*",荔枝角荔欣苑荔采閣地下(只供住戶使用)*,,00:00-23:59,00:00-23:59 周六:00:00-23:59 周日:00:00-23:59 節假日:00:00-23:59,22.343106,114.136342,Sham Shui Po District,深水埗區,Lai Chi Kok,荔枝角,locker,"3,5,6,7",false
H852D036P,"SF Locker Highland Park, Lai King, Kwai Chung",自助櫃 葵涌荔景浩景台第二座平台,"Podium, P/F, Block 2, Highland Park, Kwai Chung(Residents only)*",葵涌浩景台第二座平台(只供住戶使用)*,,00:00-23:59,00:00-23:59 周六:00:00-23:59 周日:00:00-23:59 節假日:00:00-23:59,22.349839,114.130337,Kwai Tsing District,葵青區,Kwai Chung,葵涌,locker,"3,5,6,7",false
H852D037P,"SF Locker Cho Yiu Chuen Commercial Centre, Lai King , Kwai Chung",自助櫃 葵涌荔景祖堯商場,"G/F, Block C, Cho Yiu Chuen , Kwai Chung*",葵涌祖堯邨C座祖堯商場地下(近7-11)*,,00:00-23:59,00:00-23:59 周六:00:00-23:59 周日:00:00-23:59 節假日:00:00-23:59,22.345822,114.128535,Kwai Tsing District,葵青區,Kwai Chung,葵涌,locker,"3,7,6",false
H852D041P,"SF Locker Ying Cheong House, Hoi Ying Estate, Cheung Sha Wan",自助櫃 長沙灣海盈邨盈昌樓,"Lift Tower, G/F, Ying Cheong House, Hoi Ying Estate, Cheung Sha Wan*",長沙灣海盈邨盈昌樓升降機樓地下*,,00:00-23:59,00:00-23:59 周六:00:00-23:59 周日:00:00-23:59 節假日:00:00-23:59,22.328973,114.147617,Sham Shui Po District,深水埗區,Cheung Sha Wan,長沙灣,locker,"3,6,7",false
H852D042P,"SF Locker Block B, Ching Lai Court, Mei Foo",自助櫃 美孚清麗苑B座,"G/F, Block B, Ching Lai Court, Mei Foo *",美孚清麗苑麗裕閣B座行人通道*,,00:00-23:59,00:00-23:59 周六:00:00-23:59 周日:00:00-23:59 節假日:00:00-23:59,22.339172,114.13473,Sham Shui Po District,深水埗區,Lai Chi Kok,美孚,locker,"3,5,6,7",false
H852D045P,"SF Locker Wonderland Villas, Kwai Chung",自助櫃 葵涌華景山莊,"G/F, Sport Complex, Wonderland Villas, Kwai Chung(Residentsonly)*",葵涌華景山莊康樂大樓地下(只供住戶使用)*,,07:30-22:00,07:30-22:00 周六:07:30-22:00 周日:07:30-22:00 節假日:07:30-22:00,22.353812,114.135375,Kwai Tsing District,葵青區,Lai King,荔景,locker,"3,5,6,7",false
H852D051P,"King Lai Path, Lai Chi Kok",自助櫃 荔枝角景荔徑,"Bus Terminus (Near Wa Lai Path), King Lai Path, Lai Chi Kok*",荔枝角景荔徑巴士總站(近華麗徑)*,,00:00-23:59,00:00-23:59 周六:00:00-23:59 周日:00:00-23:59 節假日:00:00-23:59,22.341533,114.136474,Sham Shui Po District,深水埗區,Lai Chi Kok,荔枝角,station,"3,5,6,7",false
H852D053P,"Outside of Recreation Centre, G/F, Wah Lai Court, Wah Yuen Chuen, 10 Wah King Hill Road, New Territories",自助櫃 荔景華員邨,"Outside of Recreation Centre, G/F, Wah Lai Court, Wah Yuen Chuen, Lai King(Residents only)*",荔景華員邨華禮閣地下康樂中心外(只供住戶使用)*,,00:00-23:59,00:00-23:59,22.349558,114.135144,Kwai Tsing District,葵青區,Lai King,荔景,station,"3,5,6,7",false
H852D054P,"SF Locker, Locker No.1, Shop 4, G/F, Ming King House, Lai King Estate",自助櫃 荔景荔景邨明景樓(順豐站)(一號櫃),"Locker No.1, Shop 4, G/F, Ming King House, Lai King Estate, Lai King*",荔景荔景邨明景樓地下4號鋪順豐站一號櫃*,,00:00-23:59,00:00-23:59 周六:00:00-23:59 周日:00:00-23:59 節假日:00:00-23:59,22.349969,114.126404,Kwai Tsing District,葵青區,Lai King,荔景,locker,"3,6,7",false
H852D055P,"SF Locker, Locker No.2, Shop 4, G/F, Ming King House, Lai King Estate",自助櫃 荔景荔景邨明景樓(順豐站)(二號櫃),"Locker No.2, Shop 4, G/F, Ming King House, Lai King Estate, Lai King*",荔景荔景邨明景樓地下4號鋪順豐站二號櫃*,,00:00-23:59,00:00-23:59 周六:00:00-23:59 周日:00:00-23:59 節假日:00:00-23:59,22.349957,114.126422,Kwai Tsing District,葵青區,Lai King,荔景,locker,"3,6,7",false
H852DA01S,"G/F, Manhattan Mid-Town",冷凍櫃 荔枝角曼坊地下,"Next to Shop 6 & 7, G/F, Manhattan Mid-Town, Lai Chi Kok",荔枝角曼坊地下(一粥面對出),,10:00-22:00,10:00-22:00 周六:10:00-22:00 周日:10:00-22:00 節假日:10:00-22:00,22.33497,114.14251,Sham Shui Po District,深水埗區,Lai Chi Kok,荔枝角,station,"1,6,7",true
H852DA05P,"SF Locker P/F, Wo Ping House, Lei Cheng Uk Estate, Cheung Sha Wan",自助櫃 長沙灣李鄭屋邨和平樓平台,"P/F, Wo Ping House, Lei Cheng Uk Estate, Sham Shui Po*",香港深水埗李鄭屋邨和平樓平台303號鋪側*,,00:00-23:59,00:00-23:59 周六:00:00-23:59 周日:00:00-23:59 節假日:00:00-23:59,22.338067,114.15888,Sham Shui Po District,深水埗區,Sham Shui Po,深水埗,locker,"3,5,6,7",false
H852DA07P,"SF Locker The Pacifica, Lai Chi Kok",自助櫃 荔枝角宇晴軒,"6/F Podium, The Pacifica, Lai Chi Kok, KLN(Residents only)*",荔枝角宇晴軒六樓平台管理服務中心門口(只供住戶使用)*,,00:00-23:59,00:00-23:59 周六:00:00-23:59 周日:00:00-23:59 節假日:00:00-23:59,22.334794,114.14989,Sham Shui Po District,深水埗區,Cheung Sha Wan,長沙灣,locker,"3,5,6,7",false
H852DA15P,"SF Locker The Sparkle, Cheung Sha Wan",自助櫃 長沙灣星匯居,"6/F Podium, The Sparkle, 500 Tung Chau Street, Cheung Sha Wan(Residents only)*",長沙灣星匯居6樓(只供住戶使用)*,,00:00-23:59,00:00-23:59 周六:00:00-23:59 周日:00:00-23:59 節假日:00:00-23:59,22.332911,114.152292,Sham Shui Po District,深水埗區,Cheung Sha Wan,長沙灣,locker,"3,5,6,7",false
H852DA16P,"SF Locker G/F, Shun Yee House, Lei Cheng Uk Estate, Cheung Sha Wan",自助櫃 長沙灣李鄭屋邨信義樓地下,"G/F, Shun Yee House, Lei Cheng Uk Estate, Cheung Sha Wan*",香港長沙灣李鄭屋邨信義樓地下*,,00:00-23:59,00:00-23:59 周六:00:00-23:59 周日:00:00-23:59 節假日:00:00-23:59,22.338209,114.158964,Sham Shui Po District,深水埗區,Sham Shui Po,深水埗,locker,"3,5,6,7",false
H852DA24P,SF Locker Hoi Lai Shopping Centre,自助櫃 長沙灣海麗商場,"Adjacent to Shop 103, 1/F Hoi Lai Shopping Centre, Hoi Lai Estate, Cheung Sha Wan*",九龍長沙灣海麗商場一樓103鋪側*,,06:00-23:59,06:00-23:59 周六:06:00-23:59 周日:06:00-23:59 節假日:06:00-23:59,22.332578,114.147747,Sham Shui Po District,深水埗區,Cheung Sha Wan,長沙灣,locker,"3,7,6",false
H852DA25P,"SF Locker AquaMarine, Lai Chi Kok(AEON)",自助櫃 荔枝角碧海藍天(AEON),"Lift Lobby, 1/F, AquaMarine, Lai Chi Kok*",荔枝角碧海藍天AEON 1樓(升降機大堂)*,,10:00-22:30,10:00-22:30 周六:10:00-22:30 周日:10:00-22:30 節假日:10:00-22:30,22.332285,114.148624,Sham Shui Po District,深水埗區,Lai Chi Kok,荔枝角,locker,"3,5,6,7",false
H852DA26P,"SF Locker Yee Hong House, Yee Kok Court, Sham Shui Po",自助櫃 深水埗怡閣苑怡康閣,"G/F, Yee Hong House, Yee Kok Court, Sham Shui Po*",深水埗怡閣苑怡康閣地下*,,00:00-23:59,00:00-23:59 周六:00:00-23:59 周日:00:00-23:59 節假日:00:00-23:59,22.332624,114.15873,Sham Shui Po District,深水埗區,Sham Shui Po,深水埗,locker,"3,5,6,7",false
H852DA29P,"SF Locker AquaMarine, Lai Chi Kok",自助櫃 荔枝角碧海藍天,"Shuttle Lift Lobby, 2/F, Aqua Marine, Lai Chi Kok (Residents only)*",荔枝角碧海藍天二樓穿梭升降機大堂住戶使用*,,00:00-23:59,00:00-23:59 周六:00:00-23:59 周日:00:00-23:59 節假日:00:00-23:59,22.332774,114.148455,Sham Shui Po District,深水埗區,Cheung Sha Wan,長沙灣,locker,"3,7,6,5",false
H852DA39P,"SF Locker Pratas Street, Cheung Sha Wan(365 Laundry)",自助櫃 長沙灣東沙島街(洗衣店內),"G/F, No.171 Pratas Street, Cheung Sha Wan*",香港長沙灣東沙島街171號地下(洗衣店內)*,,00:00-23:59,00:00-23:59 周六:00:00-23:59 周日:00:00-23:59 節假日:00:00-23:59,22.336043,114.160077,Sham Shui Po District,深水埗區,Cheung Sha Wan,長沙灣,locker,"3,5,6,7",false
H852DA44P,"SF Locker So Uk Estate, Cheung Sha Wan",自助櫃 長沙灣蘇屋邨,"Passage outside Carport 2,G/F, Lotus House, So Uk Estate, Cheung Sha Wan *",長沙灣蘇屋邨荷花樓地下2號車庫旁*,,00:00-23:59,00:00-23:59 周六:00:00-23:59 周日:00:00-23:59 節假日:00:00-23:59,22.340584,114.156538,Sham Shui Po District,深水埗區,Sham Shui Po,深水埗,locker,"3,6,7",false
H852DA49P,"Banyan Mall, Lai Chi Kok",自助櫃 荔枝角泓景匯(順豐站),"Shop 2A, G/F, Banyan Mall, Lai Chi Kok *",荔枝角泓景匯地下2A號鋪順豐站*,,11:00-22:00,11:00-22:00 周六:12:00-20:00 周日:12:00-20:00 節假日:12:00-20:00,22.33436,114.14763,Sham Shui Po District,深水埗區,Lai Chi Kok,荔枝角,partner,"3,6,7",false
H852DB38P,"SF Locker No.9 Nassau Street, Mei Foo",自助櫃 美孚蘭秀道9號(洗衣樂),"Shop N1A, G/F, 9 Nassau Street, Mei Foo*",美孚蘭秀道9號地下N1A號鋪(洗衣樂)*,,00:00-23:59,00:00-23:59 周六:00:00-23:59 周日:00:00-23:59 節假日:00:00-23:59,22.339848,114.139115,Sham Shui Po District,深水埗區,Lai Chi Kok,美孚,locker,"3,5,6,7",false
H852DB48P,"Kom Tsun Street, Cheung Sha Wan",自助櫃 長沙灣甘泉街,"Bus Terminus, Kom Tsun Street, Cheung Sha Wan*",長沙灣甘泉街巴士總站(近荔枝角懲教所)*,,00:00-23:59,00:00-23:59 周六:00:00-23:59 周日:00:00-23:59 節假日:00:00-23:59,22.337986,114.144664,Sham Shui Po District,深水埗區,Lai Chi Kok,荔枝角,station,"3,5,6,7",false
H852E002P,"SF Locker Miramar Shopping Centre, Tsim Sha Tsui",自助櫃 尖沙咀美麗華商場,"Area B2-1, Miramar Shopping Centre, Tsim Sha Tsui *",尖沙咀美麗華商場B2層(往酒店通道左旁)*,,06:30-23:59,06:30-23:59 周六:06:30-23:59 周日:06:30-23:59 節假日:06:30-23:59,22.300909,114.172187,Yau Tsim Mong District,油尖旺區,Tsim Sha Tsui,尖沙咀,locker,"3,5,6,7",false
H852E010P,"SF Locker China Minmetals Tower, Tsim Sha Tsui",自助櫃 尖沙咀中國五礦大廈,"Cargo Lift Lobby, China Minmetals Tower,Tsim Sha Tsui*",尖沙咀中國五礦大廈貨梯大堂入口(近保安室)*,,00:00-23:59,00:00-23:59 周六:00:00-23:59 周日:00:00-23:59 節假日:00:00-23:59,22.30083,114.1758,Yau Tsim Mong District,油尖旺區,Tsim Sha Tsui,尖沙咀,locker,"3,5,6,7",false
H852E027P,"SF Locker The Cullinan, Tsim Sha Tsui",自助櫃 尖沙咀天璽,"Shuttle Lift Lobby, 1/F, The Cullinan, Tsim Sha Tsui (Residents only)*",尖沙咀天璽1樓穿梭大堂(只供住戶使用)*,,00:00-23:59,00:00-23:59 周六:00:00-23:59 周日:00:00-23:59 節假日:00:00-23:59,22.305747,114.16111,Yau Tsim Mong District,油尖旺區,Austin,柯士甸,locker,"3,7,6,5",false
H852E029P,"SF Locker The Harbourside, Tsim Sha Tsui",自助櫃 尖沙咀君臨天下,"G/F, Carpark Shuttle Lift Lobby, The Harbourside, Tsim Sha Tsui (Residents only)*",尖沙咀君臨天下停車場升降機大堂地下*,,00:00-23:59,00:00-23:59 周六:00:00-23:59 周日:00:00-23:59 節假日:00:00-23:59,22.30309,114.161904,Yau Tsim Mong District,油尖旺區,Austin,柯士甸,locker,"3,5,6,7",false
H852E044P,"SF Locker The Masterpiece, Tsim Sha Tsui",自助櫃 尖沙咀名鑄,"Sky Garden, 47/F, The Masterpiece, Tsim Sha Tsui(Residents only)*",尖沙咀名鑄四十七樓空中花園(只供住戶使用)*,,00:00-23:59,00:00-23:59 周六:00:00-23:59 周日:00:00-23:59 節假日:00:00-23:59,22.29763,114.173492,Yau Tsim Mong District,油尖旺區,Tsim Sha Tsui,尖沙咀,locker,"3,5,6,7",false
H852EA05P,"SF Locker No.1-23 Man Yuen Street, Jordan(LandrYup)",自助櫃 佐敦文苑街1-23號 (LaundrYup洗衣店),"Shop A, G/F, Man Ying Building, Jordan *",佐敦文苑街1-23號文英樓地下A鋪洗衣店內*,,00:00-23:59,00:00-23:59 周六:00:00-23:59 周日:00:00-23:59 節假日:00:00-23:59,22.307411,114.166671,Yau Tsim Mong District,油尖旺區,Jordan,佐敦,locker,"3,5,6,7",false
H852EA12P,"SF Locker No.77 Wai Ching Street, Jordan(Water Laundry)",自助櫃 佐敦偉晴街77號(水漾衣坊洗衣店),"Shop 2, G/F, Wai Ching Commercial Building, Jordan*",佐敦偉晴街77號偉程商業大廈地下2鋪洗衣店*,,00:00-23:59,00:00-23:59 周六:00:00-23:59 周日:00:00-23:59 節假日:00:00-23:59,22.307572,114.16787,Yau Tsim Mong District,油尖旺區,Jordan,佐敦,locker,"3,7,6,5",false
H852EA23P,"SF Locker No.41 Battery Street, Jordan(365 Laundry)",自助櫃 佐敦炮台街41號(365 Laundry洗衣店),"Shop C, G/F, 41 Battery Street, Jordan*",佐敦炮台街41號地下C鋪(洗衣店內)*,,00:00-23:59,00:00-23:59 周六:00:00-23:59 周日:00:00-23:59 節假日:00:00-23:59,22.30711,114.168694,Yau Tsim Mong District,油尖旺區,Jordan,佐敦,locker,"3,7,6,5",false
H852EA43P,"Mr. Clean Laundry, G/F, Man Yuen Building, Jordan",自助櫃 佐敦文苑樓地下(Mr. Clean Laundry),"Mr. Clean Laundry, G/F, Man Yuen Building, Jordan*",佐敦文蔚街11號文苑樓地下(Mr. Clean Laundry)*,,00:00-23:59,00:00-23:59 周六:00:00-23:59 周日:00:00-23:59 節假日:00:00-23:59,22.30776,114.1668,Yau Tsim Mong District,油尖旺區,Jordan,佐敦,station,"3,5,6,7",false
H852EB33P,"SF Locker Sorrento, Tsim Sha Tsui",自助櫃 尖沙咀擎天半島,"Carpark, G/F, Sorrento, 1 Austin Road West, Tsim Sha Tsui (Residents only)*",尖沙咀擎天半島地下停車場(只供住戶使用)*,,00:00-23:59,00:00-23:59 周六:00:00-23:59 周日:00:00-23:59 節假日:00:00-23:59,22.306528,114.162322,Yau Tsim Mong District,油尖旺區,Austin,柯士甸,locker,"3,5,6,7",false
H852EB34P,"SF Locker The Waterfront, Tsim Sha Tsui",自助櫃 尖沙咀漾日居,"Near Tower 1, P/F, The Waterfront, Tsim Sha Tsui (Residents only)*",尖沙咀漾日居三樓平台第一座旁(只供住戶使用)*,,00:00-23:59,00:00-23:59 周六:00:00-23:59 周日:00:00-23:59 節假日:00:00-23:59,22.30454,114.162773,Yau Tsim Mong District,油尖旺區,Austin,柯士甸,locker,"3,5,6,7",false
H852EB38P,"SF Locker The Arch, Tsim Sha Tsui",自助櫃 尖沙咀凱旋門,"L29 & L30 Lift Lobby, G/F, The Arch, Tsim Sha Tsui(Residents only)*",尖沙咀凱旋門地下29號升降機大堂供住戶使用*,,00:00-23:59,00:00-23:59 周六:00:00-23:59 周日:00:00-23:59 節假日:00:00-23:59,22.303115,114.16282,Yau Tsim Mong District,油尖旺區,Tsim Sha Tsui,尖沙咀,locker,"3,7,6,5",false
H852EB39P,"Concordia Plaza, Tsim Sha Tsui",自助櫃 尖沙咀康宏廣場,"Bus Terminus (Near Staff Rest Room), Concordia Plaza, Tsim Sha Tsui*",尖沙咀康宏廣場地下巴士總站九巴員工休息室旁*,,00:00-23:59,00:00-23:59 周六:00:00-23:59 周日:00:00-23:59 節假日:00:00-23:59,22.301864,114.178267,Yau Tsim Mong District,油尖旺區,Tsim Sha Tsui,尖沙咀,station,"3,5,6,7",false
H852EB40P,"West Kowloon Station, Jordan",自助櫃 佐敦佐敦西九龍站,"Bus Terminus (Near Staff Rest Room), West Kowloon Station, Jordan*",佐敦西九龍站巴士總站九巴員工休息室旁*,,00:00-23:59,00:00-23:59 周六:00:00-23:59 周日:00:00-23:59 節假日:00:00-23:59,22.307661,114.164452,Yau Tsim Mong District,油尖旺區,Jordan,佐敦,station,"3,5,6,7",false
H852EB42P," WEK G-5, Hong Kong West Kowloon Station, Jordan ",自助櫃 佐敦香港西九龍站(順豐站),"Shop No. WEK G-5, Hong Kong West Kowloon Station, Jordan *",佐敦香港西九龍站WEK G-5號鋪(順豐站)*,,11:00-20:00,11:00-20:00 周六:11:00-20:00 周日:11:00-20:00 節假日:11:00-20:00,22.304867,114.164714,Yau Tsim Mong District,油尖旺區,Jordan,佐敦,partner,"3,6,7",false
H852EB43P,"K11 MUSEA, Tsim Sha Tsui ",自助櫃 尖沙咀K11 MUSEA,"B1/F, K11 MUSEA, Tsim Sha Tsui *",尖沙咀K11 MUSEA (B1層停車場、近Tesla零售店)*,,10:00-22:00,10:00-22:00 周六:10:00-22:00 周日:10:00-22:00 節假日:10:00-22:00,22.294598,114.175501,Yau Tsim Mong District,油尖旺區,Tsim Sha Tsui,尖沙咀,station,"3,5,6,7",false
H852ED41P,"Star Ferry Pier, Tsim Sha Tsui",自助櫃 尖沙咀尖沙咀碼頭,"Bus Terminus (Near KMB Customer Service Centre), Star Ferry Pier, Tsim Sha Tsui *",尖沙咀碼頭巴士總站近九巴顧客服務中心*,,00:00-23:59,00:00-23:59 周六:00:00-23:59 周日:00:00-23:59 節假日:00:00-23:59,22.294283,114.168776,Yau Tsim Mong District,油尖旺區,Tsim Sha Tsui,尖沙咀,station,"3,5,6,7",false
H852F001S,"SF Cold Chain Locker G/F, Plaza Ascot",冷凍櫃 火炭駿景廣場地下,"Shop 33, G/F, Plaza Ascot, Fo Tan",火炭駿景廣場地下33號鋪(冷凍櫃),,06:00-23:30,06:00-23:30 周六:06:00-23:30 周日:06:00-23:30 節假日:06:00-23:30,22.3993,114.201009,Sha Tin District,沙田區,Fo Tan,火炭,locker,"1,6,7",true
H852F003P,"SF Locker  Phase 1, Providence Bay, Tai Po, NT",自助櫃 大埔天賦海灣一期,"Car Park, B/F, Phase 1, Providence Bay, Tai Po (Residents only)*",香港大埔天賦海灣一期B層停車場只供住戶使用*,,00:00-23:59,00:00-23:59 周六:00:00-23:59 周日:00:00-23:59 節假日:00:00-23:59,22.433306,114.20263,Tai Po District,大埔區,Tai Po,大埔,locker,"3,6,7",false
H852F005P,"SF Locker The Horizon, Tai Po",自助櫃 大埔海日灣,"Clubhouse Reading Room, The Horizon, Tai Po(Residentsonly)*",香港大埔海日灣會所閱讀室內(只供住戶使用)*,,08:00-22:00,08:00-22:00 周六:08:00-22:00 周日:08:00-22:00 節假日:08:00-22:00,22.430244,114.207502,Tai Po District,大埔區,Tai Po,大埔,locker,"3,5,6,7",false
H852F006P,"SF Locker Solaria, Tai Po",自助櫃 大埔嘉熙,"Beside the Lobby, G/F, Tower 2, Solaria, Pak Shek Kok (Resident Only)*",香港大埔嘉熙2座地下大堂側(只供住戶使用)*,,00:00-23:59,00:00-23:59 周六:00:00-23:59 周日:00:00-23:59 節假日:00:00-23:59,22.429684,114.205822,Tai Po District,大埔區,Tai Po,大埔,locker,"3,5,6,7",false
H852F008P,"SF Locker St Martin, Tai Po",自助櫃 大埔雲匯,"Beside Tower 10 Basement Lobby, Car Park, St Martin, 12 Fo Chun Road, Tai Po(Residents only)*",香港大埔雲匯停車場10座地庫大堂供住戶使用*,,00:00-23:59,00:00-23:59 周六:00:00-23:59 周日:00:00-23:59 節假日:00:00-23:59,22.430959,114.20407,Tai Po District,大埔區,Tai Po,大埔,locker,"3,5,6,7",false
H852F009P,SF Locker Centra Horizon,自助櫃 大埔海日灣二期,"B/F, Club House, Centra Horizon, Tai Po(Residents only)*",香港大埔海日灣二期會所地庫(只供住戶使用)*,,08:00-22:00,08:00-22:00 周六:08:00-22:00 周日:08:00-22:00 節假日:08:00-22:00,22.4288,114.206111,Tai Po District,大埔區,Tai Po,大埔,locker,"3,5,6,7",false
H852F010P,"SF Locker Ontolo, Tai Po",自助櫃 大埔朗濤,"Shuttle Lobby, G/F, Ontolo, Tai Po (Residents only)*",香港大埔朗濤地下穿梭巴士大堂只供住戶使用*,,00:00-23:59,00:00-23:59 周六:00:00-23:59 周日:00:00-23:59 節假日:00:00-23:59,22.429086,114.208228,Tai Po District,大埔區,Tai Po,大埔,locker,"3,5,6,7",false
H852F011P,"SF Locker Sui Wo Commercial Centre, Fo Tan",自助櫃 火炭穗禾苑商場,"Next to Shop No. G11 and G12, G/F, Sui Wo Commercial Centre, Fo Tan *",火炭穗禾苑商場地下(洗衣店對面)*,,00:00-23:59,00:00-23:59 周六:00:00-23:59 周日:00:00-23:59 節假日:00:00-23:59,22.391882,114.194402,Sha Tin District,沙田區,Fo Tan,火炭,locker,"5,3,7,6",false
H852F012P,"SF Locker Mayfair by the sea 8, Tai Po",自助櫃 大埔逸瓏灣8,"Near Tower 3C, LG/F, Mayfair by the sea 8, Tai Po (Residents only)*",香港大埔逸瓏灣8 LG層3C座旁供住戶使用*,,00:00-23:59,00:00-23:59 周六:00:00-23:59 周日:00:00-23:59 節假日:00:00-23:59,22.428173,114.207455,Tai Po District,大埔區,Tai Po,大埔,locker,"3,5,6,7",false
H852F013P,"SF Locker Sunshine 24, G/F, Sui Wo Commercial Centre,",自助櫃 火炭穗禾苑商場(Sunshine 24),"Shop 13C, G/F, Sui Wo Commercial Centre, Fo Tan *",火炭穗禾苑商場地下13C鋪(洗衣店內)*,,00:00-23:59,00:00-23:59 周六:00:00-23:59 周日:00:00-23:59 節假日:00:00-23:59,22.391884,114.194432,Sha Tin District,沙田區,Fo Tan,火炭,locker,"3,5,6,7",false
H852F014P,"SF Locker Providence Peak, Tai Po",自助櫃 大埔溋玥.天賦海灣,"Carpark (Near Block 15 Entrance), B/F, Providence Peak, Tai Po(Residents only)*",大埔溋玥天賦海灣停車場地庫15座住宅入口旁*,,00:00-23:59,00:00-23:59 周六:00:00-23:59 周日:00:00-23:59 節假日:00:00-23:59,22.432553,114.202492,Tai Po District,大埔區,Tai Po,大埔,locker,"3,5,6,7",false
H852F015P,"SF Locker Tower 1, Mayfair by the Sea",自助櫃 大埔逸瓏灣高座1座地下,"Carpark, G/F, Tower 1, Mayfair by the Sea, Tai Po (Residents only)*",大埔逸瓏灣高座1座地下車場(只供住戶使用)*,,00:00-23:59,00:00-23:59 周六:00:00-23:59 周日:00:00-23:59 節假日:00:00-23:59,22.430688,114.207279,Tai Po District,大埔區,Tai Po,大埔,locker,"3,5,6,7",false
H852F016P,"SF Locker Tower 7, Mayfair by the Sea",自助櫃 大埔逸瓏灣高座7座地下,"Carpark, G/F, Tower 7, Mayfair by the Sea, Tai Po (Residents only)**",大埔逸瓏灣高座7座地下車場(只供住戶使用)*,,00:00-23:59,00:00-23:59 周六:00:00-23:59 周日:00:00-23:59 節假日:00:00-23:59,22.431918,114.205061,Tai Po District,大埔區,Tai Po,大埔,locker,"3,5,6,7",false
H852F017P,"SF Locker The Grandville, Fo Tan",自助櫃 火炭晉名峰,"G/F of Carpark, The Grandville, Fo Tan(Residents only)*",火炭晉名峰地下停車場(只供住戶使用)*,,00:00-23:59,00:00-23:59 周六:00:00-23:59 周日:00:00-23:59 節假日:00:00-23:59,22.40098,114.19419,Sha Tin District,沙田區,Fo Tan,火炭,locker,"3,7,6,5",false
H852F018P,"Shan Mei Street, Fo Tan",自助櫃 火炭山尾街,"Bus Terminus (Near Shan Mei Street Sitting-out Area), Shan Mei Street, Fo Tan*",火炭山尾街巴士總站(近山尾街公園)*,,00:00-23:59,00:00-23:59 周六:00:00-23:59 周日:00:00-23:59 節假日:00:00-23:59,22.396392,114.194473,Sha Tin District,沙田區,Fo Tan,火炭,station,"3,5,6,7",false
H852F019P,ZHELI · SEA VIEW VILLA,自助櫃 沙田這裏·中大府邸,"B/F, ZHELI · SEA VIEW VILLA, Sha Tin(Residents only)*",沙田這裏·中大府邸地庫(只供住戶使用)*,,00:00-23:59,00:00-23:59 周六:00:00-23:59 周日:00:00-23:59 節假日:00:00-23:59,22.40806,114.20969,Sha Tin District,沙田區,Sha Tin,沙田,partner,"3,6,7",false
H852F021P,"Next to Fire Hose Reel, Podium, Block 5, The Arles, Fo Tan",自助櫃 火炭星凱•堤岸,"Next to Fire Hose Reel, Podium, The Arles, Fo Tan(Residents only)*",火炭星凱•堤岸第五座平台消防喉旁(只供住戶使用)*,,00:00-23:59,00:00-23:59 周六:00:00-23:59 周日:00:00-23:59 節假日:00:00-23:59,22.395623,114.196612,Sha Tin District,沙田區,Fo Tan,火炭,partner,"3,6,7",false
H852F022P,"Locker No.1, G/F, Plaza Ascot, Fo Tan ",自助櫃 火炭駿景廣場地下33鋪(一號櫃),"Locker No.1, G/F , Plaza Ascot, Fo Tan*",火炭駿景廣場地下33鋪一號櫃(入門口右邊第一列)*,,06:00-23:30,06:00-23:30 周六:06:00-23:30 周日:06:00-23:30 節假日:06:00-23:30,22.3990308,114.201145,Sha Tin District,沙田區,Fo Tan,火炭,station,"3,5,6,7",false
H852F023P,"Locker No.2, Shop33, G/F, Plaza Ascot, Fo Tan",自助櫃 火炭駿景廣場地下33鋪(二號櫃),"Locker No.2, Shop33, G/F , Plaza Ascot, Fo Tan*",火炭駿景廣場地下33鋪二號櫃(入門口右邊第二列)*,,06:00-23:30,06:00-23:30 周六:06:00-23:30 周日:06:00-23:30 節假日:06:00-23:29,22.3990308,114.201145,Sha Tin District,沙田區,Fo Tan,火炭,station,"3,5,6,7",false
H852F024P,"Locker No.3, Shop33, G/F, Plaza Ascot, Fo Tan",自助櫃 火炭駿景廣場地下33鋪(三號櫃),"Locker No.3, Shop33, G/F , Plaza Ascot, Fo Tan*",火炭駿景廣場地下33鋪三號櫃(入門口右邊第三列)*,,06:00-23:30,06:00-23:30 周六:06:00-23:30 周日:06:00-23:30 節假日:06:00-23:30,22.3990308,114.201145,Sha Tin District,沙田區,Fo Tan,火炭,station,"3,5,6,7",false
H852F025P,"Locker No.4, Shop33, G/F, Plaza Ascot, Fo Tan",自助櫃 火炭駿景廣場地下33鋪(四號櫃),"Locker No.4, Shop33, G/F , Plaza Ascot, Fo Tan*",火炭駿景廣場地下33鋪四號櫃(入門口右邊第四列)*,,06:00-23:30,06:00-23:30 周六:06:00-23:30 周日:06:00-23:30 節假日:06:00-23:30,22.3990308,114.201145,Sha Tin District,沙田區,Fo Tan,火炭,station,"3,5,6,7",false
H852F026P,"Locker No.5, Shop33, G/F, Plaza Ascot, Fo Tan",自助櫃 火炭駿景廣場地下33鋪(五號櫃),"Locker No.5, Shop33, G/F , Plaza Ascot, Fo Tan*",火炭駿景廣場地下33鋪五號櫃(入門口右邊第五列)*,,06:00-23:30,06:00-23:30 周六:06:00-23:30 周日:06:00-23:30 節假日:06:00-23:30,22.3990308,114.201145,Sha Tin District,沙田區,Fo Tan,火炭,station,"3,5,6,7",false
H852F029P,"Locker No.1, Shop No.321, 3/F, Wo Che Shopping Centre, Sha Tin ",自助櫃 沙田禾輋廣場321號鋪(一號櫃),"Locker No.1, Shop No.321, 3/F, Wo Che Shopping Centre, Sha Tin *",沙田禾輋廣場三樓321號鋪一號櫃(入門口靠左)*,,08:00-22:00,08:00-22:00,22.388079,114.195089,Sha Tin District,沙田區,Sha Tin,沙田,station,"3,5,6,7",false
H852F030P,"Locker No.2, Shop No.321, 3/F, Wo Che Shopping Centre, Sha Tin",自助櫃 沙田禾輋廣場321號鋪(二號櫃),"Locker No.2, Shop No.321, 3/F, Wo Che Shopping Centre, Sha Tin *",沙田禾輋廣場三樓321號鋪二號櫃(入門口向前行)*,,08:00-22:00,08:00-22:00,22.388054,114.195113,Sha Tin District,沙田區,Sha Tin,沙田,station,"3,5,6,7",false
H852F031P,"Locker No.3, Shop No.321, 3/F, Wo Che Shopping Centre, Sha Tin ",自助櫃 沙田禾輋廣場321號鋪(三號櫃),"Locker No.3, Shop No.321, 3/F, Wo Che Shopping Centre, Sha Tin *",沙田禾輋廣場三樓321號鋪三號櫃(入門口靠右行)*,,08:00-22:00,08:00-22:00,22.388086,114.195169,Sha Tin District,沙田區,Sha Tin,沙田,station,"3,5,6,7",false
H852F032P,"Locker No.4, Shop No.321, 3/F, Wo Che Shopping Centre, Sha Tin",自助櫃 沙田禾輋廣場321號鋪(四號櫃),"Locker No.4, Shop No.321, 3/F, Wo Che Shopping Centre, Sha Tin *",沙田禾輋廣場三樓321號鋪四號櫃(入門口靠右行)*,,08:00-22:00,08:00-22:00,22.38812,114.195116,Sha Tin District,沙田區,Sha Tin,沙田,station,"3,5,6,7",false
H852F033P,"SF Store, Lek Yuen Estate, Sha Tin",自助櫃 沙田瀝源邨(順豐站),"Shop ST5, G/F , Wah Fung House, Lek Yuen Estate, Sha Tin*",沙田瀝源邨華豐樓地下ST5號鋪順豐站*,,12:00-21:00,12:00-21:00 周六:12:00-20:00 周日:12:00-20:00 節假日:12:00-20:00,22.3843632,114.191673,Sha Tin District,沙田區,Sha Tin,沙田,partner,"3,6,7",false
H852F069P,"SF Locker Dragons Range, Sha Tin",自助櫃 沙田玖瓏山,"Car Park, Basement, Dragons Range, Sha Tin(Residents only)*",沙田玖瓏山地庫停車場(只供住戶使用)*,,00:00-23:59,00:00-23:59 周六:00:00-23:59 周日:00:00-23:59 節假日:00:00-23:59,22.413767,114.199925,Sha Tin District,沙田區,Kau To Shan,九肚山,locker,"3,7,6,5",false
H852FB02P,"SF Locker Yu Chui Shopping Centre, Siu Lek Yuen",自助櫃 小瀝源愉翠商場,"Podium,Yu Chui Shopping Centre, Siu Lek Yuen *",香港小瀝源愉翠商場平台*,,10:00-22:00,10:00-22:00 周六:10:00-22:00 周日:10:00-22:00 節假日:10:00-22:00,22.381934,114.205604,Sha Tin District,沙田區,Sha Tin,沙田,locker,"3,7,6,5",false
H852FB03P,"SF Locker Building 2E, Phase One, Hong Kong Science Park",自助櫃 大埔科學園一期2E座,"G/F, Building 2E, Phase One, Hong Kong Science Park, Tai Po*",大埔科學園一期2E座地下*,,00:00-23:59,00:00-23:59 周六:00:00-23:59 周日:00:00-23:59 節假日:00:00-23:59,22.42411,114.21434,Tai Po District,大埔區,Tai Po,大埔,locker,"3,5,6,7",false
H852FB05P,"SF Locker Building 10W, Phase Two, Hong Kong Science Park",自助櫃 大埔科學園二期10W座,"G/F, Building 10W, Phase Two, Hong Kong Science Park, Tai Po *",大埔科學園二期10W座地下*,,00:00-23:59,00:00-23:59 周六:00:00-23:59 周日:00:00-23:59 節假日:00:00-23:59,22.426536,114.210421,Tai Po District,大埔區,Tai Po,大埔,locker,"3,5,6,7",false
H852FB06P,"SF Locker Building 18E, Phase Two, Hong Kong Science Park",自助櫃 大埔科學園二期18E座,"G/F, Building 18E, Phase Two, Hong Kong Science Park, Tai Po*",大埔科學園二期18E座地下*,,00:00-23:59,00:00-23:59 周六:00:00-23:59 周日:00:00-23:59 節假日:00:00-23:59,22.427904,114.21081,Tai Po District,大埔區,Tai Po,大埔,locker,"3,5,6,7",false
H852FB07P,"SF Locker Building 19W, Phase Three, Hong Kong Science Park",自助櫃 大埔科學園三期19W座,"G/F, Building 19W, Phase Three, Hong Kong Science Park, Tai Po *",大埔科學園三期19W座地下*,,00:00-23:59,00:00-23:59 周六:00:00-23:59 周日:00:00-23:59 節假日:00:00-23:59,22.427389,114.208144,Tai Po District,大埔區,Tai Po,大埔,locker,"3,5,6,7",false
H852FB08P,"SF Locker  Locker No.2, Podium,Yu Chui Shopping Centre, Siu Lek Yuen ",自助櫃 小瀝源愉翠商場平台(二號櫃),"Locker No.2, Podium,Yu Chui Shopping Centre, Siu Lek Yuen*",小瀝源愉翠商場平台二號櫃(直入樓梯底位置)*,,10:00-22:00,10:00-22:00 周六:10:00-22:00 周日:10:00-22:00 節假日:10:00-22:00,22.382105,114.205422,Sha Tin District,沙田區,Siu Lek Yuen,小瀝源,locker,"3,5,6,7",false
H852FB09P,SF Locker St Michel,自助櫃 沙田瓏珀山,"3/F, St Michel, Sha Tin(Residents only)*",香港沙田瓏珀山平台三樓中央大堂附近*,,00:00-23:59,00:00-23:59 周六:00:00-23:59 周日:00:00-23:59 節假日:00:59-23:59,22.376094,114.200715,Sha Tin District,沙田區,Sha Tin,沙田,locker,"3,7,6,5",false
H852FB10P,"SF Locker Block 1, Greenhill Villa, Siu Lek Yuen",自助櫃 沙田小瀝源綠怡雅苑第1座平台,"P/F, Block 1, Greenhill Villa, Siu Lek Yuen(Residents only)*",小瀝源綠怡雅苑第1座平台(只供住戶使用)*,,00:00-23:59,00:00-23:59 周六:00:00-23:59 周日:00:00-23:59 節假日:00:00-23:59,22.383698,114.2138,Sha Tin District,沙田區,Siu Lek Yuen,小瀝源,locker,"3,5,6,7",false
H852FB11P,"Siu Lek Yuen Road, Sha Tin",自助櫃 沙田小瀝源路,"Bus Terminus (Near Wong Nai Tau Garden), Siu Lek Yuen Road, Sha Tin*",沙田區小瀝源路巴士總站(近黃泥頭花園)*,,00:00-23:59,00:00-23:59 周六:00:00-23:59 周日:00:00-23:59 節假日:00:00-23:59,22.382164,114.217923,Sha Tin District,沙田區,Siu Lek Yuen,小瀝源,station,"3,5,6,7",false
H852FB13P,"Lift Lobby, G/F, The Hang Seng University of Hong Kong Jockey Club Residential Colleges",自助櫃 小瀝源香港恒生大學賽馬會住宿書院,"Lift Lobby, G/F, The Hang Seng University of Hong Kong Jockey Club Residential Colleges, Siu Lek Yuen(Only for Staff & Students)*",小瀝源香港恒生大學賽馬會住宿書院地下大堂*,,00:00-23:59,00:00-23:59 周六:00:00-23:59 周日:00:00-23:59 節假日:00:00-23:59,22.3776,114.213,Sha Tin District,沙田區,Siu Lek Yuen,小瀝源,partner,"3,6,7",false
H852FB14P,"Outside of Car Park, G/F, Garden Rivera, Sha Tin",自助櫃 沙田河畔花園,"Outside of Car Park, G/F, Garden Rivera, Sha Tin *",沙田河畔花園地下停車場外*,,00:00-23:59,00:00-23:59 周六:00:00-23:59 周日:00:00-23:59 節假日:00:00-23:59,22.381301,114.195084,Sha Tin District,沙田區,Sha Tin,沙田,partner,"3,6,7",false
H852FB15P,"Locker No.2, G/F, Building 19W, Phase Three, Hong Kong Science Park, Tai Po ",自助櫃 大埔科學園三期19W座(二號櫃),"Locker No.2, G/F, Building 19W, Phase Three, Hong Kong Science Park, Tai Po*",大埔科學園三期19W座地下(二號櫃)*,,00:00-23:59,00:00-23:59,22.427426,114.2084,Tai Po District,大埔區,Tai Po,大埔,station,"3,5,6,7",false
H852FB16P,"SF Locker, Locker No.2, Block 3, Greenhill Villa, Siu Lek Yuen",自助櫃 小瀝源綠怡雅苑第三座(二號櫃),"Locker No.2, P/F, Block 3, Greenhill Villa, Siu Lek Yuen(Residentsonly)",小瀝源綠怡雅苑第三座平台二號櫃(只供住戶使用),,00:00-23:59,00:00-23:59 周六:00:00-23:59 周日:00:00-23:59 節假日:00:00-23:59,22.383617,114.21333,Sha Tin District,沙田區,Siu Lek Yuen,小瀝源,locker,"3,5,6,7",false
H852FE01S,"Logistic Room, G/F, Sierra Sea, 8 Hoi Ying Road, Ma On Shan, New Territories ",冷凍櫃 馬鞍山Sierra Sea,"Logistic Room, G/F, Sierra Sea, Ma On Shan(Residents only)",馬鞍山Sierra Sea物流房內(只供住戶使用),,00:00-23:59,00:00-23:59,22.426757,114.265472,Sha Tin District,沙田區,Ma On Shan,馬鞍山,station,"1,6,7",true
H852FE03P,"SF Locker Yue Yuet House, Yue Tin Court, Sha Tin",自助櫃 沙田愉田苑愉悅閣,"G/F, Yue Yuet House, Yue Tin Court, Sha Tin*",沙田愉田苑F座愉悅閣地下(近惠康超級市場)*,,00:00-23:59,00:00-23:59 周六:00:00-23:59 周日:00:00-23:59 節假日:00:00-23:59,22.3833105,114.202673,Sha Tin District,沙田區,Sha Tin,沙田,locker,"3,7,6,5",false
H852FE04P,"SF Locker Sun Chui Shopping Centre, Tai Wai",自助櫃 大圍新翠商場,"2/F, Sun Chui Shopping Centre, Tai Wai*","大圍新翠商場2樓(稻香酒樓轉彎,診所對面)*",,07:00-23:00,07:00-23:00 周六:07:00-23:00 周日:07:00-23:00 節假日:07:00-23:00,22.369157,114.181024,Sha Tin District,沙田區,Tai Wai,大圍,locker,"3,7,6,5",false
H852FE06P,"SF Locker Mei Tin Shopping Centre, Tai Wai",自助櫃 大圍美田商場,"2/F, Mei Tin Shopping Centre, Tai Wai*",大圍美田商場2樓(落地玻璃旁)*,,00:00-23:59,00:00-23:59 周六:00:00-23:59 周日:00:00-23:59 節假日:00:00-23:59,22.376301,114.170678,Sha Tin District,沙田區,Tai Wai,大圍,locker,"3,6,7",false
H852FE10P,"SF Locker Phase 3 New Town Plaza, Sha Tin",自助櫃 沙田新城市廣場第三期,"B1, Lobby B, New Town Plaza Phase III (Residential),Shatin (Residents only)*",沙田新城市廣場三期住宅B大堂地庫1樓住戶使用*,,00:00-23:59,00:00-23:59 周六:00:00-23:59 周日:00:00-23:59 節假日:00:00-23:59,22.3798928,114.187588,Sha Tin District,沙田區,Sha Tin,沙田,locker,"3,5,6,7",false
H852FE12P,"SF Locker Block 11, Monte Vista, Ma On Shan",自助櫃 馬鞍山翠擁華庭11座,"Outside Carpark Lift Lobby, G/F, Block 11, Monte Vista, Ma On Shan (Residents only)*",香港馬鞍山翠擁華庭11座地下車場升降機大堂*,,00:00-23:59,00:00-23:59 周六:00:00-23:59 周日:00:00-23:59 節假日:00:00-23:59,22.427418,114.244112,Sha Tin District,沙田區,Ma On Shan,馬鞍山,locker,"3,5,6,7",false
H852FE13P,"SF Locker  Heng Fung House, Heng On Estate, Ma On Shan",自助櫃 馬鞍山恆安邨恆峰樓,"G/F, Heng Fung House, Heng On Estate, Ma On Shan*",香港馬鞍山恆安邨恆峰樓地下*,,00:00-23:59,00:00-23:59 周六:00:00-23:59 周日:00:00-23:59 節假日:00:00-23:59,22.4155554,114.22861,Sha Tin District,沙田區,Ma On Shan,馬鞍山,locker,"5,3,7,6",false
H852FE14P,"SF Locker Pok On House, Pok Hong Estate, Sha Tin",自助櫃 沙田博康邨博安樓,"G/F, Pok On House, Pok Hong Estate, Sha Tin*",沙田博康邨博安樓地下(近互位會)*,,00:00-23:59,00:00-23:59 周六:00:00-23:59 周日:00:00-23:59 節假日:00:00-23:59,22.3747,114.192587,Sha Tin District,沙田區,Sha Tin,沙田,locker,"5,3,7,6",false
H852FE15P,"SF Locker Pok Yue House, Pok Hong Estate, Sha Tin",自助櫃 沙田博康邨博裕樓,"G/F, Pok Yue House, Pok Hong Estate, Sha Tin*",沙田博康邨博裕樓地下(近正門)*,,00:00-23:59,00:00-23:59 周六:00:00-23:59 周日:00:00-23:59 節假日:00:00-23:59,22.375628,114.194036,Sha Tin District,沙田區,Sha Tin,沙田,locker,"5,3,7,6",false
H852FE18P,"SF Locker Block E, Golden Lion Garden Phase I, Tai Wai",自助櫃 大圍金獅花園一期E座,"G/F, Block E, Golden Lion Garden Phase I, Tai Wai (Residents only)*",大圍金獅花園一期E座地下(只供住戶使用)*,,00:00-23:59,00:00-23:59 周六:00:00-23:59 周日:00:00-23:59 節假日:00:00-23:59,22.3694749,114.184137,Sha Tin District,沙田區,Tai Wai,大圍,locker,"3,5,6,7",false
H852FE19P,"SF Locker Yiu Yan House, Yiu On Estate, Ma On Shan",自助櫃 馬鞍山耀安邨耀欣樓,"G/F, Yiu Yan House, Yiu On Estate, Ma On Shan*",香港馬鞍山耀安邨耀欣樓地下*,,00:00-23:59,00:00-23:59 周六:00:00-23:59 周日:00:00-23:59 節假日:00:00-23:59,22.42079,114.2316,Sha Tin District,沙田區,Ma On Shan,馬鞍山,locker,"3,5,6,7",false
H852FE20P,"SF Locker G/F, Yiu Wo House, Yiu On estate, Ma On Shan",自助櫃 馬鞍山耀安邨耀和樓地下,"G/F, Yiu Wo House, Yiu On estate, Ma On Shan *",香港馬鞍山耀安邨耀和樓地下*,,00:00-23:59,00:00-23:59 周六:00:00-23:59 周日:00:00-23:59 節假日:00:00-23:59,22.419532,114.230658,Sha Tin District,沙田區,Ma On Shan,馬鞍山,locker,"3,7,6,5",false
H852FE21P,"SF Locker Locker No.1, Yiu Wo House, Yiu On estate, Ma On Shan",自助櫃 馬鞍山耀安邨耀和樓(一號櫃),"Locker No.1, Footbridge beside Yiu Wo House, Yiu On estate, Ma On Shan *",香港馬鞍山耀安邨耀和樓行人天橋一號櫃*,,00:00-23:59,00:00-23:59 周六:00:00-23:59 周日:00:00-23:59 節假日:00:00-23:59,22.419691,114.23128,Sha Tin District,沙田區,Ma On Shan,馬鞍山,locker,"3,5,6,7",false
H852FE22P,"SF Locker Mountain Shore, Ma On Shan",自助櫃 馬鞍山曉峯灣畔,"Main Lobby, P/F, Mountain Shore, Ma On Shan(Residents only)*",香港馬鞍山曉峯灣畔主大堂上層只供住戶使用*,,00:00-23:59,00:00-23:59 周六:00:00-23:59 周日:00:00-23:59 節假日:00:00-23:59,22.411096,114.222263,Sha Tin District,沙田區,Ma On Shan,馬鞍山,locker,"3,7,6,5",false
H852FE27P,"SF Locker Yan Yuet House, Yan On Estate, Ma On Shan",自助櫃 馬鞍山欣安邨欣悅樓,"G/F, Yan Yuet House, Yan On Estate, Ma On Shan *",香港馬鞍山欣安邨欣悅樓地下*,,00:00-23:59,00:00-23:59 周六:00:00-23:59 周日:00:00-23:59 節假日:00:00-23:59,22.414042,114.225588,Sha Tin District,沙田區,Ma On Shan,馬鞍山,locker,"3,7,6",false
H852FE28P,"SF Locker Locker No.2, Chevalier Garden Shopping Mall, Ma On Shan",自助櫃 馬鞍山富安花園商場(二號櫃),"Locker No.2, Next to ATM, G/F, Chevalier Garden Shopping Mall, Ma On Shan*",香港馬鞍山富安花園商場地下二號櫃櫃員機旁*,,00:00-23:59,00:00-23:59 周六:00:00-23:59 周日:00:00-23:59 節假日:00:00-23:59,22.405185,114.223829,Sha Tin District,沙田區,Ma On Shan,馬鞍山,locker,"3,7,6,5",false
H852FE31P,"SF Locker Bus Station, Heng On Estate, Ma On Shan",自助櫃 馬鞍山恆安邨巴士總站,"Opposite to Bus Station, G/F, Heng On Estate, Ma On Shan*",香港馬鞍山恆安邨地下(巴士總站對出位置)*,,00:00-23:59,00:00-23:59 周六:00:00-23:59 周日:00:00-23:59 節假日:00:00-23:59,22.417823,114.228747,Sha Tin District,沙田區,Ma On Shan,馬鞍山,locker,"3,5,6,7",false
H852FE32P,SF Locker Locker No.2 Shui Chuen O Plaza Sha Tin,自助櫃 沙田水泉澳廣場210號鋪(二號櫃),"Locker No.2, Shop 210, 2/F, Shui Chuen O Plaza, Sha Tin*",沙田水泉澳廣場二樓210鋪(二號櫃)(入門口右二排)*,,00:00-23:59,00:00-23:59 周六:00:00-23:59 周日:00:00-23:59 節假日:00:00-23:59,22.373425,114.196905,Sha Tin District,沙田區,Sha Tin,沙田,locker,"3,6,7",false
H852FE34P,SF Locker Locker No.1 Shui Chuen O Plaza Sha Tin,自助櫃 沙田水泉澳廣場210號鋪(一號櫃),"Locker No.1, Shop 210, 2/F, Shui Chuen O Plaza, Sha Tin*",沙田水泉澳廣場二樓210鋪(一號櫃)(入門口右一排)*,,00:00-23:59,00:00-23:59 周六:00:00-23:59 周日:00:00-23:59 節假日:00:00-23:59,22.373426,114.196906,Sha Tin District,沙田區,Sha Tin,沙田,locker,"3,6,7",false
H852FE35P,"SF Locker Locker No.1, Golden Lion Garden Phase II, Tai Wai",自助櫃 大圍金獅花園二期(一號櫃),"Locker No.1, Corridor, G/F, Golden Fortune Court, GoldenLion Garden PhaseII, Tai Wai(Residents only)*",大圍金獅花園二期金福閣行人通道供住戶使用*,,00:00-23:59,00:00-23:59 周六:00:00-23:59 周日:00:00-23:59 節假日:00:00-23:59,22.367633,114.181568,Sha Tin District,沙田區,Tai Wai,大圍,locker,"3,5,6,7",false
H852FE40P,"SF Locker Block F, Phase 4,MOSTown, Ma On Shan",自助櫃 馬鞍山新港城四期F座,"Near Lift Lobby, G/F, Block F, SunShine City IV, Ma On Shan*",香港馬鞍山新港城四期F座地下(近電梯大堂)*,,00:00-23:59,00:00-23:59 周六:00:00-23:59 周日:00:00-23:59 節假日:00:00-23:59,22.424729,114.232455,Sha Tin District,沙田區,Ma On Shan,馬鞍山,locker,"5,3,7,6",false
H852FE41P,"SF Locker Block H, Phase 4,MOSTown, Ma On Shan",自助櫃 馬鞍山新港城四期H座,"Near Lift Lobby, G/F,Block H, SunShine City IV, Ma On Shan*",香港馬鞍山新港城四期H座地下(近電梯大堂)*,,00:00-23:59,00:00-23:59 周六:00:00-23:59 周日:00:00-23:59 節假日:00:00-23:59,22.424721,114.23232,Sha Tin District,沙田區,Ma On Shan,馬鞍山,locker,"5,3,7,6",false
H852FE43P,"SF Locker Chuen Fai Centre, Sha Tin(LaundrYup)",自助櫃 沙田全輝中心商埸(LaundrYup洗衣店),"Shop 7, G/F, Chuen Fai Centre, 9-11 Kong Pui Street, Sha Tin*",沙田全輝中心商埸地下7號鋪(洗衣店內)*,,00:00-23:59,00:00-23:59 周六:00:00-23:59 周日:00:00-23:59 節假日:00:00-23:59,22.380177,114.197181,Sha Tin District,沙田區,Sha Tin,沙田,locker,"3,7,6,5",false
H852FE44P,"SF Locker Kam Ning House, Kam Fung Court, Ma On Shan",自助櫃 馬鞍山錦豐苑錦菱閣,"Near Management Office, G/F, Kam Ning House, Kam Fung Court(Residents of Kam Fung Court Only)*",香港馬鞍山錦豐苑錦菱閣地下供錦豐苑住戶使用*,,00:00-23:59,00:00-23:59 周六:00:00-23:59 周日:00:00-23:59 節假日:00:00-23:59,22.424048,114.226084,Sha Tin District,沙田區,Ma On Shan,馬鞍山,locker,"3,7,6,5",false
H852FE47P,"SF Locker Pok Chi House, Sha Tin",自助櫃 沙田博康邨博智樓,"G/F, Pok Chi House, Pok Hong Estate, Sha Tin*",沙田博康邨博智樓地下*,,00:00-23:59,00:00-23:59 周六:00:00-23:59 周日:00:00-23:59 節假日:00:00-23:59,22.375641,114.196028,Sha Tin District,沙田區,Sha Tin,沙田,locker,"5,3,7,6",false
H852FE48P,"SF Locker Hong Lam Court, Sha Tin",自助櫃 沙田康林苑,"Circular Square, G/F, Hong Lam Court, Sha Tin*",沙田康林苑圓形廣場地下*,,00:00-23:59,00:00-23:59,22.3802467,114.217912,Sha Tin District,沙田區,Siu Lek Yuen,小瀝源,locker,"3,5,6,7",false
H852FE49P,"SF Locker G/F, Block 1, The Castello, No.69 Siu Lek Yuen Road, Sha Tin",自助櫃 沙田帝堡城第1座,"G/F, Block 1, The Castello, Sha Tin (Residents only)*",沙田帝堡城一座地下上落貨區(只供住戶使用)*,,00:00-23:59,00:00-23:59 周六:00:00-23:59 周日:00:00-23:59 節假日:00:00-23:59,22.38373,114.215103,Sha Tin District,沙田區,Siu Lek Yuen,小瀝源,locker,"3,7,6,5",false
H852FE51P,"SF Locker Chevalier Garden Shopping Mall, Ma On Shan",自助櫃 馬鞍山富安花園商場,"Beside of Shopping mall, G/F, Chevalier Garden, Ma On Shan*",香港馬鞍山富安花園商場地下商場外/近十座*,,00:00-23:59,00:00-23:59 周六:00:00-23:59 周日:00:00-23:59 節假日:00:00-23:59,22.404765,114.222896,Sha Tin District,沙田區,Ma On Shan,馬鞍山,locker,"3,5,6,7",false
H852FE54P,"SF Locker Kam Lan House, Kam Fung Court, Ma On Shan",自助櫃 馬鞍山錦豐苑錦蘭閣,"G/F, Kam Lan House, Kam Fung Court, Ma On Shan (Residents of Kam Fung Court Only)*",香港馬鞍山錦豐苑錦蘭閣J座錦豐苑住戶使用*,,00:00-23:59,00:00-23:59 周六:00:00-23:59 周日:00:00-23:59 節假日:00:00-23:59,22.421063,114.225966,Sha Tin District,沙田區,Ma On Shan,馬鞍山,locker,"3,5,6,7",false
H852FE56P,"SF Locker LG2, Lee On Shopping Centre, Ma On Shan",自助櫃 馬鞍山利安商場LG2層,"LG2, Lee On Shopping Centre, Ma On Shan*",香港馬鞍山利安商場LG2層(日本城對面)*,,00:00-23:59,00:00-23:59 周六:00:00-23:59 周日:00:00-23:59 節假日:00:00-23:59,22.426671,114.240896,Sha Tin District,沙田區,Ma On Shan,馬鞍山,locker,"5,3,7,6",false
H852FE57P,"SF Locker LG3, Lee On Shopping Centre, Ma On Shan",自助櫃 馬鞍山利安商場LG3層,"LG3, Lee On Shopping Centre, Ma On Shan*",香港馬鞍山利安商場LG3層電梯背面*,,00:00-23:59,00:00-23:59 周六:00:00-23:59 周日:00:00-23:59 節假日:00:00-23:59,22.426455,114.241078,Sha Tin District,沙田區,Ma On Shan,馬鞍山,locker,"5,3,7,6",false
H852FE58P,"SF Locker G/F, Ma On Shan Kam Tai Shopping Centre, Ma On Shan",自助櫃 馬鞍山錦泰商場地下,"G/F, Kam Tai Shopping Centre, Ma On Shan*",香港馬鞍山錦泰商場地下(近電梯大堂)*,,00:00-23:59,00:00-23:59 周六:00:00-23:59 周日:00:00-23:59 節假日:00:00-23:59,22.408807,114.221648,Sha Tin District,沙田區,Ma On Shan,馬鞍山,locker,"5,3,7,6",false
H852FE61P,"SF Locker 1/F, Kam Tai Shopping Centre",自助櫃 馬鞍山錦泰商場1樓,"1/F, Kam Tai Shopping Centre, Ma On Shan*",香港馬鞍山錦泰商場1樓(幼稚園外)*,,00:00-23:59,00:00-23:59 周六:00:00-23:59 周日:00:00-23:59 節假日:00:00-23:59,22.408867,114.2218,Sha Tin District,沙田區,Ma On Shan,馬鞍山,locker,"5,3,6,7",false
H852FE62P,"SF Locker Shopping Arcade, Fok On Garden, Ma On Shan",自助櫃 馬鞍山福安花園商場,"Near Dental Clinic, UG/F, Shopping Arcade, Fok On Garden, Ma On Shan*",香港馬鞍山福安花園商場UG側門亮齒牙醫旁*,,00:00-23:59,00:00-23:59 周六:00:00-23:59 周日:00:00-23:59 節假日:00:00-23:59,22.42503,114.229068,Sha Tin District,沙田區,Ma On Shan,馬鞍山,locker,"3,7,6",false
H852FE63P,"SF Locker  G/F, Car Park, Saddle Ridge Garden, Ma On Shan",自助櫃 馬鞍山富寶花園停車場地下,"Near Management Office, G/F, Car Park, Saddle Ridge Garden, Ma On Shan (Residents only)*",香港馬鞍山富寶花園停車場地下管理處住戶使用*,,00:00-23:59,00:00-23:59 周六:00:00-23:59 周日:00:00-23:59 節假日:00:00-23:59,22.42459,114.237282,Sha Tin District,沙田區,Ma On Shan,馬鞍山,locker,"3,5,6,7",false
H852FE64P,"SF Locker St. Barths, Ma On Shan",自助櫃 馬鞍山雲海,"Near Tower 1 of Sandalwood Court, St. Barths, Ma On Shan (Residents Only)*",香港馬鞍山雲海香海台地下1座側只供住戶使用*,,00:00-23:59,00:00-23:59 周六:00:00-23:59 周日:00:00-23:59 節假日:00:00-23:59,22.43387,114.241062,Sha Tin District,沙田區,Ma On Shan,馬鞍山,locker,"3,5,6,7",false
H852FE67P,"SF Locker Block 2, Saddle Ridge Garden, Ma On Shan",自助櫃 馬鞍山富寶花園2座,"G/F,  Blk 2, Saddle Ridge Garden, Ma On Shan(Residents only)*",香港馬鞍山富寶花園2座地下(只供住戶使用)*,,00:00-23:59,00:00-23:59 周六:00:00-23:59 周日:00:00-23:59 節假日:00:00-23:59,22.42496,114.236478,Sha Tin District,沙田區,Ma On Shan,馬鞍山,locker,"3,7,6,5",false
H852FE68P,"SF Locker Phase 2,MOSTown, Ma On Shan",自助櫃 馬鞍山新港城二期,"Carpark, G/F, near Block C,  Sunshine City, Ma On Shan*",香港馬鞍山新港城二期地下近C座停車場*,,00:00-23:59,00:00-23:59 周六:00:00-23:59 周日:00:00-23:59 節假日:00:00-23:59,22.424683,114.232861,Sha Tin District,沙田區,Ma On Shan,馬鞍山,locker,"5,3,7,6",false
H852FE70P,"SF Locker L4 Podium, Elegant Tower, Shatin Plaza, Sha Tin",自助櫃 沙田沙田廣場平台花園L4,"L4 Podium, Elegant Tower, Shatin Plaza, Sha Tin *",香港沙田沙田廣場平台花園L4*,,00:00-23:59,00:00-23:59 周六:00:00-23:59 周日:00:00-23:59 節假日:00:00-23:59,22.38319,114.189318,Sha Tin District,沙田區,Sha Tin,沙田,locker,"5,3,6,7",false
H852FE71P,"SF Locker Lucky Plaza, Shatin",自助櫃 沙田好運中心,"Near Ladder No. 5, Mechanical Room, L4, Lucky Plaza, Sha Tin(Residents only)*",香港沙田好運中心L4平台技工房外供住戶使用*,,00:00-23:59,00:00-23:59 周六:00:00-23:59 周日:00:00-23:59 節假日:00:00-23:59,22.382739,114.191223,Sha Tin District,沙田區,Sha Tin,沙田,locker,"3,5,6,7",false
H852FE73P,"SF Locker Seanorama, Ma On Shan",自助櫃 馬鞍山星漣海,"Next to Tower 3A, G/F, Seanorama, Ma On Shan(Residentsonly)*",馬鞍山星漣海地下T3A座旁(只供住戶使用)*,,00:00-23:59,00:00-23:59 周六:00:00-23:59 周日:00:00-23:59 節假日:00:00-23:59,22.433116,114.242844,Sha Tin District,沙田區,Ma On Shan,馬鞍山,locker,"3,5,6,7",false
H852FE75P,"SF Locker Kam Hay Court, Kam Wing House, Ma On Shan",自助櫃 馬鞍山錦禧苑錦榮閣,"G/F, Kam Wing House, Kam Hay Court, Ma On Shan*",香港馬鞍山錦禧苑錦榮閣地下*,,00:00-23:59,00:00-23:59 周六:00:00-23:59 周日:00:00-23:59 節假日:00:00-23:59,22.420898,114.230462,Sha Tin District,沙田區,Ma On Shan,馬鞍山,locker,"3,7,6,5",false
H852FE79P,"SF Locker Double Cove, Ma On Shan",自助櫃 馬鞍山迎海,"Basement Floor, Car Park Lift lobby,Block 18 & 19, Double Cove, Ma On Shan(Residents only)*","香港馬鞍山迎海18,19座B層停車場地庫*",,00:00-23:59,00:00-23:59 周六:00:00-23:59 周日:00:00-23:59 節假日:00:00-23:59,22.43079,114.243503,Sha Tin District,沙田區,Ma On Shan,馬鞍山,locker,"3,5,6,7",false
H852FE80P,"SF Locker Locker No.1, G/F, We Go Mall, Ma On Shan",自助櫃 馬鞍山We Go Mall(順豐站)(一號櫃),"Locker No.1, Shop No. 9, G/F, We Go Mall,  Ma On Shan*",香港馬鞍山WeGoMall 順豐站一號櫃*,,11:00-20:30,11:00-20:30 周六:12:00-20:00 周日:12:00-20:00 節假日:12:00-20:00,22.41409,114.22384,Sha Tin District,沙田區,Ma On Shan,馬鞍山,locker,"3,6,7",false
H852FE81P,"SF Locker Locker No.2, G/F, We Go Mall, Ma On Shan",自助櫃 馬鞍山We Go Mall(順豐站)(二號櫃),"Locker No.2, Shop No. 9, G/F, We Go Mall, Ma On Shan*",香港馬鞍山WeGoMall 順豐站二號櫃*,,11:00-20:30,11:00-20:30 周六:12:00-20:00 周日:12:00-20:00 節假日:12:00-20:00,22.41409,114.22384,Sha Tin District,沙田區,Ma On Shan,馬鞍山,locker,"3,6,7",false
H852FE82P,"SF Locker  Bliss, Ma On Shan",自助櫃 馬鞍山薈晴,"G/F, The Met. Bliss, Ma On Shan (Residents only)**",馬鞍山薈晴地下 (只供住戶使用)*,,00:00-23:59,00:00-23:59 周六:00:00-23:59 周日:00:00-23:59 節假日:00:00-23:59,22.422619,114.228436,Sha Tin District,沙田區,Ma On Shan,馬鞍山,locker,"3,5,6,7",false
H852FE86P,"SF Locker Locker No.2, Bus Station, G/F, Heng On Estate, Ma On Shan",自助櫃 馬鞍山恆安邨巴士總站(二號櫃),"Locker No.2, Opposite to Bus Station, G/F, Heng On Estate, Ma On Shan*",香港馬鞍山恆安邨巴士總站對出位置(二號櫃)*,,00:00-23:59,00:00-23:59 周六:00:00-23:59 周日:00:00-23:59 節假日:00:00-23:59,22.418044,114.22858,Sha Tin District,沙田區,Ma On Shan,馬鞍山,locker,"3,5,6,7",false
H852FE89P,"SF Locker Lify Lobby, G/F, Vista Paradiso, Ma On Shan",自助櫃 馬鞍山聽濤雅苑會所4號升降機大堂(停車場),"Clubhouse No.4 Lify Lobby, G/F, Vista Paradiso, Ma On Shan (Residents only)*",香港馬鞍山聽濤雅苑會所4號升降機大堂地下*,,00:00-23:59,00:00-23:59 周六:00:00-23:59 周日:00:00-23:59 節假日:00:00-23:59,22.4191,114.224676,Sha Tin District,沙田區,Ma On Shan,馬鞍山,locker,"3,7,6,5",false
H852FE92P,"SF Locker G/F of Clubhouse 1, The Entrance",自助櫃 馬鞍山峻源一號會所地下,"G/F of Clubhouse 1, The Entrance, Ma On Shan (Residents only)*",香港馬鞍山峻源一號會所地下(只供住戶使用)*,,00:00-23:59,00:00-23:59 周六:00:00-23:59 周日:00:00-23:59 節假日:00:00-23:59,22.429533,114.247792,Sha Tin District,沙田區,Ma On Shan,馬鞍山,locker,"3,7,6,5",false
H852FE93P,"SF Locker G/F of Clubhouse 2, The Entrance",自助櫃 馬鞍山峻源二號會所地下,"G/F of Clubhouse 2, The Entrance, Ma On Shan (Residents only)*",香港馬鞍山峻源二號會所地下(只供住戶使用)*,,00:00-23:59,00:00-23:59 周六:00:00-23:59 周日:00:00-23:59 節假日:00:00-23:59,22.429501,114.247026,Sha Tin District,沙田區,Ma On Shan,馬鞍山,locker,"3,7,6,5",false
H852FE94P,"SF Locker MOSTown Street, Ma On Shan",自助櫃 馬鞍山新港城中心大街(順豐站),"Shop No. G-3/68B, G/F, MOSTown Street, Ma On Shan *",馬鞍山新港城中心大街地下G3/68B鋪(順豐站)*,,11:00-21:00,11:00-21:00 周六:12:00-20:00 周日:12:00-20:00 節假日:12:00-20:00,22.422124,114.231904,Sha Tin District,沙田區,Ma On Shan,馬鞍山,locker,"3,6,7",false
H852FE95P,"SF Locker Kwong Yuen Shopping Centre, Sha Tin",自助櫃 沙田廣源商場,"1/F, Block 2, Kwong Yuen Shopping Centre, Sha Tin*",沙田廣源商場2座1樓(近髮廊與八方雲集)*,,00:00-23:59,00:00-23:59 周六:00:00-23:59 周日:00:00-23:59 節假日:00:00-23:59,22.380868,114.21503,Sha Tin District,沙田區,Siu Lek Yuen,小瀝源,locker,"3,7,6,5",false
H852FE96P,"Kam Ying Court, Ma On Shan",自助櫃 馬鞍山錦英苑,"Bus Terminus (Near Car Park Entrance of Kam Ying Court), Kam Ying Court, Ma On Shan*",香港馬鞍山錦英苑巴士總站近商場停車場出口*,,00:00-23:59,00:00-23:59 周六:00:00-23:59 周日:00:00-23:59 節假日:00:00-23:59,22.42352,114.236904,Sha Tin District,沙田區,Ma On Shan,馬鞍山,station,"3,5,6,7",false
H852FE97P,"University Station, Sha Tin",自助櫃 沙田大學站,"Bus Terminus (Near Staff Rest Room), University Station, Sha Tin*",馬料水大學站巴士總站(九巴員工休息室旁)*,,00:00-23:59,00:00-23:59 周六:00:00-23:59 周日:00:00-23:59 節假日:00:00-23:59,22.412728,114.210286,Sha Tin District,沙田區,Kau To Shan,九肚山,station,"3,5,6,7",false
H852FE99P,"SF Locker  Lake Silver, Ma On Shan",自助櫃 馬鞍山銀湖天峰,"Next to Management Office, 2/F, Lake Silver, Ma On Shan (Residents only)*",香港馬鞍山銀湖天峰2樓管理處側供住戶使用*,,00:00-23:59,00:00-23:59 周六:00:00-23:59 周日:00:00-23:59 節假日:00:00-23:59,22.428096,114.244746,Sha Tin District,沙田區,Ma On Shan,馬鞍山,locker,"3,5,6,7",false
H852FEA1P,"Chevalier Garden, Ma On Shan",自助櫃 馬鞍山富安花園,"Bus Terminus (Near Staff Rest Room), Chevalier Garden, Ma On Shan*",香港馬鞍山富安花園巴士總站九巴員工休息室旁*,,00:00-23:59,00:00-23:59 周六:00:00-23:59 周日:00:00-23:59 節假日:00:00-23:59,22.40554,114.224178,Sha Tin District,沙田區,Ma On Shan,馬鞍山,station,"3,5,6,7",false
H852FEA2P,"Next to Control Room, Podium, Fok On Garden",自助櫃 馬鞍山福安花園商場平台,"Next to Control Room, Podium, Fok On Garden, Ma On Shan *",香港馬鞍山福安花園商場平台控制室旁*,,00:00-23:59,00:00-23:59 周六:00:00-23:59 周日:00:00-23:59 節假日:00:00-23:59,22.425,114.229,Sha Tin District,沙田區,Ma On Shan,馬鞍山,station,"3,5,6,7",false
H852FEA3P,"Symphony Bay Villa Rhapsody, Ma On Shan",自助櫃 馬鞍山帝琴灣凱琴居,"Outside of Clubehouse, G/F, Block 18, Symphony Bay Villa Rhapsody, Ma On Shan(Residents only)*",馬鞍山帝琴灣凱琴居地下會所外(只供住戶使用)*,,00:00-23:59,00:00-23:59 周六:00:00-23:59 周日:00:00-23:59 節假日:00:00-23:59,22.429352,114.251861,Sha Tin District,沙田區,Ma On Shan,馬鞍山,station,"3,5,6,7",false
H852FEA4P,"Sai Keng Tsuen, Sai Kung",自助櫃 西貢西徑村,"G/F, 32 Sai Keng Tsuen, Sai Kung*",西貢西徑村32F地下 (西徑士多)*,,00:00-23:59,00:00-23:59 周六:00:00-23:59 周日:00:00-23:59 節假日:00:00-23:59,22.419065,114.266778,Sai Kung District,西貢區,Sai Kung,西貢,partner,"3,6,7",false
H852FEA5P,"Locker No.1, Shop 15, G/F, Double Cove Place, Ma On Shan ",自助櫃 馬鞍山迎海薈地下(一號櫃),"Locker No.1, Shop 15, G/F, Double Cove Place, Ma On Shan *",馬鞍山迎海薈地下15號鋪一號櫃(入門口最左邊)*,,00:00-23:59,00:00-23:59,22.430114,114.243262,Sha Tin District,沙田區,Ma On Shan,馬鞍山,station,"3,5,6,7",false
H852FEA6P,"Locker No.2, Shop 15, G/F, Double Cove Place, Ma On Shan ",自助櫃 馬鞍山迎海薈地下(二號櫃),"Locker No.2, Shop 15, G/F, Double Cove Place, Ma On Shan *",馬鞍山迎海薈地下15號鋪二號櫃(入門口正向第一排)*,,00:00-23:59,00:00-23:59,22.430114,114.243262,Sha Tin District,沙田區,Ma On Shan,馬鞍山,station,"3,5,6,7",false
H852FEA7P,"Locker No.3, Shop 15, G/F, Double Cove Place, Ma On Shan ",自助櫃 馬鞍山迎海薈地下(三號櫃),"Locker No.3, Shop 15, G/F, Double Cove Place, Ma On Shan *",馬鞍山迎海薈地下15號鋪三號櫃(入門口正向第二排)*,,00:00-23:59,00:00-23:59,22.430114,114.243262,Sha Tin District,沙田區,Ma On Shan,馬鞍山,station,"3,5,6,7",false
H852FEA8P,"Locker No.4, Shop 15, G/F, Double Cove Place, Ma On Shan ",自助櫃 馬鞍山迎海薈地下(四號櫃),"Locker No.4, Shop 15, G/F, Double Cove Place, Ma On Shan *",馬鞍山迎海薈地下15號鋪四號櫃(入門口正向第三排)*,,00:00-23:59,00:00-23:59,22.430114,114.243262,Sha Tin District,沙田區,Ma On Shan,馬鞍山,station,"3,5,6,7",false
H852FEA9P,"Locker No.5, Shop 15, G/F, Double Cove Place, Ma On Shan ",自助櫃 馬鞍山迎海薈地下(五號櫃),"Locker No.5, Shop 15, G/F, Double Cove Place, Ma On Shan *",馬鞍山迎海薈地下15號鋪五號櫃(入門口正向第四排)*,,00:00-23:59,00:00-23:59,22.430114,114.243262,Sha Tin District,沙田區,Ma On Shan,馬鞍山,station,"3,5,6,7",false
H852FEB1P,"Locker No.6, Shop 15, G/F, Double Cove Place, Ma On Shan ",自助櫃 馬鞍山迎海薈地下(六號櫃),"Locker No.6, Shop 15, G/F, Double Cove Place, Ma On Shan *",馬鞍山迎海薈地下15號鋪六號櫃(入門口最右邊)*,,00:00-23:59,00:00-23:59,22.430114,114.243262,Sha Tin District,沙田區,Ma On Shan,馬鞍山,station,"3,5,6,7",false
H852FEB2P,"Locker No.1, Shop 127A,,Chung On Shopping Centre, Ma On Shan",自助櫃 馬鞍山頌安商場一樓一號櫃,"Locker No.1, Shop 127A, 1/F,Chung On Shopping Centre, Ma On Shan*",馬鞍山頌安商場一樓127A號鋪一號櫃(入門口向前行)*,,06:00-23:00,06:00-23:00 周六:06:00-23:00 周日:06:00-23:00 節假日:06:00-23:00,22.4214001,114.226434,Sha Tin District,沙田區,Ma On Shan,馬鞍山,station,"3,5,6,7",false
H852FEB3P,"Locker No.2, Shop 127A,Chung On Shopping Centre, Ma On Shan",自助櫃 馬鞍山頌安商場一樓二號櫃,"Locker No.2, Shop 127A, 1/F,Chung On Shopping Centre, Ma On Shan*",馬鞍山頌安商場一樓127A號鋪二號櫃(入門口向右、靠近門口)*,,06:00-23:00,06:00-23:00 周六:06:00-23:00 周日:06:00-23:00 節假日:06:00-23:00,22.4214001,114.226434,Sha Tin District,沙田區,Ma On Shan,馬鞍山,station,"3,5,6,7",false
H852FEB4P,"Locker No.3, Shop 127A,Chung On Shopping Centre, Ma On Shan ",自助櫃 馬鞍山頌安商場一樓三號櫃,"Locker No.3, Shop 127A, 1/F,Chung On Shopping Centre, Ma On Shan *",馬鞍山頌安商場一樓127A號鋪三號櫃(入門口向前行、第一條通道轉右)*,,06:00-23:00,06:00-23:00 周六:06:00-23:00 周日:06:00-23:00 節假日:06:00-23:00,22.4214001,114.226434,Sha Tin District,沙田區,Ma On Shan,馬鞍山,station,"3,5,6,7",false
H852FEB5P,"Locker No.4, Shop 127A, 1/F,Chung On Shopping Centre, Ma On Shan",自助櫃 馬鞍山頌安商場一樓四號櫃,"Locker No.4, Shop 127A, 1/F,Chung On Shopping Centre, Ma On Shan*",馬鞍山頌安商場一樓127A號鋪四號櫃(入門口向前行、第一條通道轉右)*,,06:00-23:00,06:00-23:00 周六:06:00-23:00 周日:06:00-23:00 節假日:06:00-23:00,22.4214001,114.226434,Sha Tin District,沙田區,Ma On Shan,馬鞍山,station,"3,5,6,7",false
H852FEB6P,"Locker No.5,Shop 127A,Chung On Shopping Centre, Ma On Shan",自助櫃 馬鞍山頌安商場一樓五號櫃,"Locker No.5, Shop 127A, 1/F,Chung On Shopping Centre, Ma On Shan*",馬鞍山頌安商場一樓127A號鋪五號櫃(入門口向前行、第二條通道轉右)*,,06:00-23:00,06:00-23:00 周六:06:00-23:00 周日:06:00-23:00 節假日:06:00-23:00,22.4214001,114.226434,Sha Tin District,沙田區,Ma On Shan,馬鞍山,station,"3,5,6,7",false
H852FEB7P,"Nearby Bicycle Parking Area, B1, Altissimo, 11 Yiu Sha Road, Ma On Shan, New Territories(Residentsonly)*",自助櫃 馬鞍山泓碧,"Nearby Bicycle Parking Area, B1, Altissimo, Ma On Shan(Residentsonly)*",馬鞍山泓碧單車停泊處旁(只供住戶使用)*,,00:00-23:59,00:00-23:59,22.434596,114.243515,Sha Tin District,沙田區,Ma On Shan,馬鞍山,station,"3,5,6,7",false
H852FEC2P,"Villa Concerto, Symphony Bay, No.530 Sai Sha Road, Ma On Shan",自助櫃 馬鞍山帝琴灣凱弦居,"Back Door of Club House, G/F, Villa Concerto, Symphony Bay, Ma On Shan(Residents only)*",馬鞍山帝琴灣凱弦居會所後門對出(只供住戶使用)*,,00:00-23:59,00:00-23:59,22.430255,114.250319,Sha Tin District,沙田區,Ma On Shan,馬鞍山,station,"3,5,6,7",false
H852FEC3P,"Logistic Room, G/F, Sierra Sea, 8 Hoi Ying Road, Ma On Shan, New Territories",自助櫃 馬鞍山Sierra Sea(一號櫃),"Locker No.1, Logistic Room, G/F, Sierra Sea, Ma On Shan(Residents only)*",馬鞍山Sierra Sea物流房內一號櫃(只供住戶使用)*,,00:00-23:59,00:00-23:59,22.42678,114.265503,Sha Tin District,沙田區,Ma On Shan,馬鞍山,station,"3,5,6,7",false
H852FEC4P,"Locker No.2, Logistic Room, G/F, Sierra Sea, 8 Hoi Ying Road, Ma On Shan, New Territories ",自助櫃 馬鞍山Sierra Sea(二號櫃),"Locker No.2, Logistic Room, G/F, Sierra Sea, Ma On Shan(Residents only)*",馬鞍山Sierra Sea物流房內二號櫃(只供住戶使用)*,,00:00-23:59,00:00-23:59,22.4267788,114.265413,Sha Tin District,沙田區,Ma On Shan,馬鞍山,station,"3,5,6,7",false
H852FEC5P,Alva Hotel by Royal,自助櫃 沙田帝逸酒店,"Lobby, G/F, Alva Hotel by Royal, Sha Tin*",沙田帝逸酒店地下大堂*,,00:00-23:59,00:00-23:59 周六:00:00-23:59 周日:00:00-23:59 節假日:00:00-23:59,22.383759,114.208262,Sha Tin District,沙田區,Siu Lek Yuen,小瀝源,station,"3,5,6,7",false
H852FG01P,"SF Locker Block A, Fung Shing Court, Sha Tin",自助櫃 沙田豐盛苑A座,"G/F, Block A, Fung Shing Court, Sha Tin*",沙田豐盛苑A座地下*,,00:00-23:59,00:00-23:59 周六:00:00-23:59 周日:00:00-23:59 節假日:00:00-23:59,22.371364,114.188043,Sha Tin District,沙田區,Sha Tin,沙田,locker,"5,3,7,6",false
H852FG02P,"SF Locker Sky One, Tai Wai",自助櫃 大圍雲頂峰,"Lobby Concierge, Sky One, Tai Wai (Sky Ones residents only)*",大圍雲頂峰大堂禮賓部(只供雲頂峰住戶使用)*,,00:00-23:59,00:00-23:59 周六:00:00-23:59 周日:00:00-23:59 節假日:00:00-23:59,22.381734,114.180853,Sha Tin District,沙田區,Tai Wai,大圍,locker,"5,3,7,6",false
H852FG03P,"SF Locker Mei Pak Court, Tai Wai",自助櫃 大圍美柏苑,"G/F, Mei Pak Court, Tai Wai (Residents only)*",大圍美柏苑正門地下(只供住戶使用)*,,00:00-23:59,00:00-23:59 周六:00:00-23:59 周日:00:00-23:59 節假日:00:00-23:59,22.378391,114.173373,Sha Tin District,沙田區,Tai Wai,大圍,locker,"3,7,6,5",false
H852FG04P,"SF Locker Julimount Garden, Tai Wai",自助櫃 大圍瑞峰花園,"P/F, Block 2, Julimount Garden, Tai Wai (Residents only)*",香港大圍瑞峰花園2座平台(只供住戶使用)*,,00:00-23:59,00:00-23:59 周六:00:00-23:59 周日:00:00-23:59 節假日:00:00-23:59,22.36192,114.176711,Sha Tin District,沙田區,Tai Wai,大圍,locker,"3,5,6,7",false
H852FG61P,"SF Locker Phase 1, Festival City, Tai Wai",自助櫃 大圍名城一期,"Lobby, C/F, Phase 1, Festival City, Tai Wai(Residents only)*",大圍名城一期C層中轉大堂(只供住戶使用)*,,00:00-23:59,00:00-23:59 周六:00:00-23:59 周日:00:00-23:59 節假日:00:00-23:59,22.369782,114.176087,Sha Tin District,沙田區,Tai Wai,大圍,locker,"3,5,6,7",false
H852FG63P,"SF Locker Phase 3, Festival City, Tai Wai",自助櫃 大圍名城三期,"Lobby, C/F, Phase 3, Festival City, Tai Wai(Residents only)*",大圍名城三期中轉大堂單車停泊區旁住戶使用*,,00:00-23:59,00:00-23:59 周六:00:00-23:59 周日:00:00-23:59 節假日:00:00-23:59,22.370436,114.176879,Sha Tin District,沙田區,Tai Wai,大圍,locker,"3,5,6,7",false
H852FG64P,"SF Locker Lung Hang Shopping Centre, Tai Wai",自助櫃 大圍隆亨商場,"2/F, Lung Hang Shopping Centre, Tai Wai*",大圍隆亨商場2樓位置(近酒樓正門)*,,00:00-23:59,00:00-23:59 周六:00:00-23:59 周日:00:00-23:59 節假日:00:00-23:59,22.368375,114.179891,Sha Tin District,沙田區,Tai Wai,大圍,locker,"3,5,6,7",false
H852FG65P,"SF Locker The Riverpark, Tai Wai",自助櫃 大圍溱岸8號,"G/F, The Riverpark, Tai Wai(Residents only)*",大圍溱岸8號地下電梯大堂外面只供住戶使用*,,00:00-23:59,00:00-23:59 周六:00:00-23:59 周日:00:00-23:59 節假日:00:00-23:59,22.375295,114.186875,Sha Tin District,沙田區,Tai Wai,大圍,locker,"3,7,6,5",false
H852FG93P,"SF Locker Locker No.2, Golden Lion Garden Phase II, Tai Wai",自助櫃 大圍金獅花園二期(二號櫃),"Locker No.2, Corridor, G/F, Golden Fortune Court, Golden Lion Garden Phase II, Tai Wai(Residents only)*",大圍金獅花園二期金福閣地下二號櫃住戶使用*,,00:00-23:59,00:00-23:59 周六:00:00-23:59 周日:00:00-23:59 節假日:00:00-23:59,22.367845,114.181179,Sha Tin District,沙田區,Tai Wai,大圍,locker,"3,5,6,7",false
H852FG96P,"SF Locker Locker No.1, Holford Garden, Tai Wai",自助櫃 大圍海福花園(順豐站)(一號櫃),"Locker No.1, Shop 16A, 17, G/F, Holford Garden, Tai Wai*",大圍海福花園地下17鋪順豐站旁一號櫃*,,00:00-23:59,00:00-23:59 周六:00:00-23:59 周日:00:00-23:59 節假日:00:00-23:59,22.372937,114.17693,Sha Tin District,沙田區,Tai Wai,大圍,locker,"3,7,6",false
H852FG97P,"SF Locker Locker No.2, Holford Garden, Tai Wai",自助櫃 大圍海福花園(順豐站)(二號櫃),"Locker No.2, Shop 16A, 17, G/F, Holford Garden, Tai Wai*",大圍海福花園地下17鋪順豐站旁二號櫃*,,00:00-23:59,00:00-23:59 周六:00:00-23:59 周日:00:00-23:59 節假日:00:00-23:59,22.372937,114.17693,Sha Tin District,沙田區,Tai Wai,大圍,locker,"3,7,6",false
H852FH01P,"SF Locker Parc Royale,Tai Wai",自助櫃 大圍聚龍居,"Car Park, Parc Royale, Tai Wai(Residents only)*",大圍聚龍居停車場(只供住戶使用)*,,00:00-23:59,00:00-23:59 周六:00:00-23:59 周日:00:00-23:59 節假日:00:00-23:59,22.362792,114.176039,Sha Tin District,沙田區,Tai Wai,大圍,locker,"3,5,6,7",false
H852FH02P,"SF Locker Granville Garden, Tai Wai",自助櫃 大圍恆峰花園,"P/F, Granville Garden, Tai Wai (Residents only)*",香港大圍恆峰花園平台(只供住戶使用)*,,00:00-23:59,00:00-23:59 周六:00:00-23:59 周日:00:00-23:59 節假日:00:00-23:59,22.37814,114.17131,Sha Tin District,沙田區,Tai Wai,大圍,locker,"3,5,6,7",false
H852FH03P,"SF Locker 2/F, Sun Chui Shopping Centre",自助櫃 大圍新翠商場二樓(二號櫃),"Locker No.2, Site No. LK03, 2/F, Sun Chui Shopping Centre, Tai Wai *",大圍新翠商場二樓(L233號鋪附近)二號櫃*,,07:00-23:00,07:00-23:00,22.369374,114.180755,Sha Tin District,沙田區,Tai Wai,大圍,locker,"3,5,6,7",false
H852FH04P,"SF Locker G/F, Fu Sing House (Block C), Fung Shing Court",自助櫃 沙田豐盛苑富盛閣(C座)地下,"G/F, Fu Sing House (Block C), Fung Shing Court, Sha Tin *",沙田豐盛苑富盛閣(C座)地下*,,00:00-23:59,00:00-23:59 周六:00:00-23:59 周日:00:00-23:59 節假日:00:01-23:59,22.3722,114.1886,Sha Tin District,沙田區,Sha Tin,沙田,locker,"3,7,6",false
H852FH05P,"Club House Lobby, Pristine Villa",自助櫃 沙田曉翠山莊,"Club House Lobby, Pristine Villa, Sha Tin(Residents only)*",沙田曉翠山莊會所大堂(只供住戶使用)*,,00:00-23:59,00:00-23:59 周六:00:00-23:59 周日:00:00-23:59 節假日:00:00-23:59,22.38241,114.18239,Sha Tin District,沙田區,Sha Tin,沙田,partner,"3,6,7",false
H852FH06P,"G/F, Begonia Court, Worldwide Garden",自助櫃 大圍世界花園,"G/F, Begonia Court, Worldwide Garden, Tai Wai(Residents only)*",大圍世界花園海棠閣地下(只供住戶使用)*,,00:00-23:59,00:00-23:59 周六:00:00-23:59 周日:00:00-23:59 節假日:00:00-23:59,22.364173,114.178872,Sha Tin District,沙田區,Tai Wai,大圍,station,"3,5,6,7",false
H852FH07P,"May Shing Court, Tai Wai",自助櫃 大圍美城苑,"Outside Lift Lobby, G/F, May Shing Court, Tai Wai(Residents only)*",大圍美城苑逸城閣大堂門口外(只供住戶使用)*,,00:00-23:59,00:00-23:59 周六:00:00-23:59 周日:00:00-23:59 節假日:00:00-23:59,22.379564,114.174575,Sha Tin District,沙田區,Tai Wai,大圍,partner,"3,6,7",false
H852FH08P,"Next to Fire Door, 6/F Podium, The Pavillion Farm",自助櫃 大圍柏傲庄,"Next to Fire Door, 6/F Podium, The Pavillion Farm, Tai Wai(Residents only)**",大圍柏傲庄二座六樓平台近消防門(只供住戶使用)*,,00:00-23:59,00:00-23:59 周六:00:00-23:59 周日:00:00-23:59 節假日:00:00-23:59,22.372763,114.179666,Sha Tin District,沙田區,Tai Wai,大圍,partner,"3,6,7",false
H852FH09P,"KMB Customer Service Kiosk, Shatin Central Bus Terminus",自助櫃 沙田沙田市中心巴士總站,"KMB Customer Service Kiosk, Shatin Central Bus Terminus, Sha Tin *",沙田沙田市中心巴士總站九巴客務站內*,,00:00-23:59,00:00-23:59 周六:00:00-23:59 周日:00:00-23:59 節假日:00:00-23:59,22.38218,114.188196,Sha Tin District,沙田區,Sha Tin,沙田,station,"3,5,6,7",false
H852FH10P,"Locker No.2, KMB Customer Service Kiosk, Shatin Central Bus Terminus",自助櫃 沙田沙田市中心巴士總站(二號櫃),"Locker No.2, KMB Customer Service Kiosk, Shatin Central Bus Terminus, Sha Tin*",沙田沙田市中心巴士總站九巴客務站內(二號櫃)*,,00:00-23:59,00:00-23:59 周六:00:00-23:59 周日:00:00-23:59 節假日:00:00-23:59,22.382186,114.188192,Sha Tin District,沙田區,Sha Tin,沙田,station,"3,5,6,7",false
H852FH11P,"Lift Lobby, Level 1, Peak One",自助櫃 大圍壹號雲頂,"Lift Lobby, Level 1, Peak One, Tai Wai(Residentsonly)*",大圍壹號雲頂L1電梯大堂(只供住戶使用)*,,00:00-23:59,00:00-23:59 周六:00:00-23:59 周日:00:00-23:59 節假日:00:00-23:59,22.381541,114.17886,Sha Tin District,沙田區,Tai Wai,大圍,partner,"3,6,7",false
H852FH12P,SF Locker Locker No.3  Shui Chuen O Plaza Sha Tin,自助櫃 沙田水泉澳廣場210號鋪(三號櫃),"Locker No.3, Shop 210, 2/F, Shui Chuen O Plaza, Sha Tin*",沙田水泉澳廣場二樓210鋪(三號櫃)(入門口左二排)*,,00:00-23:59,00:00-23:59 周六:00:00-23:59 周日:00:00-23:59 節假日:00:00-23:59,22.373426,114.196905,Sha Tin District,沙田區,Sha Tin,沙田,locker,"3,6,7",false
H852FH13P,SF Locker Locker No.4 Shui Chuen O Plaza Sha Tin,自助櫃 沙田水泉澳廣場210號鋪(四號櫃),"Locker No.4, Shop 210, 2/F, Shui Chuen O Plaza, Sha Tin *",沙田水泉澳廣場二樓210鋪(四號櫃)(入門口左一排)*,,00:00-23:59,00:00-23:59 周六:00:00-23:59 周日:00:00-23:59 節假日:00:00-23:59,22.373392,114.196936,Sha Tin District,沙田區,Sha Tin,沙田,locker,"3,6,7",false
H852FH14P,"Phase 3, Festival City",自助櫃 大圍名城三期C層(二號櫃),"Locker No.2, Lobby, C/F, Phase 3, Festival City, Tai Wai (Residents only)*",大圍名城三期C層中轉大堂二號櫃(只供住戶使用)*,,00:00-23:59,00:00-23:59 周六:00:00-23:59 周日:00:00-23:59 節假日:00:00-23:59,22.370656,114.176269,Sha Tin District,沙田區,Tai Wai,大圍,station,"3,5,6,7",false
H852FH15P,"Shop No. 54, First Florr, Commercial/Car Park Block, Mei Lam Shopping Centre, No.30 Mei Lin Road, Tai Wai, New Territories, Hong Kong",自助櫃 大圍美林商場54號鋪(一號櫃),"Locker No.1, Shop No. 54, First Florr, Commercial/Car Park Block, Mei Lam Shopping Centre, No.30 Mei Lin Road, Tai Wai*",大圍美林商場一樓54號鋪一號櫃(入門口靠右行)*,,06:00-23:59,06:00-23:59,22.378184,114.176266,Sha Tin District,沙田區,Tai Wai,大圍,station,"3,5,6,7",false
H852FH16P,"Locker No.2Shop No. 54, First Floor, Commercial/Car Park Block, Mei Lam Shopping Centre, Tai Wai ",自助櫃 大圍美林商場54號鋪(二號櫃),"Locker No.2, Shop No. 54, First Florr, Commercial/Car Park Block, Mei Lam Shopping Centre, Tai Wai*",大圍美林商場一樓54號鋪二號櫃(入門口靠右行)*,,06:00-23:59,06:00-23:59,22.378056,114.17634,Sha Tin District,沙田區,Tai Wai,大圍,station,"3,5,6,7",false
H852FH17P,"Locker No.3Shop No. 54, First Floor, Commercial/Car Park Block, Mei Lam Shopping Centre, Tai Wai ",自助櫃 大圍美林商場54號鋪(三號櫃),"Locker No.3, Shop No. 54, First Florr, Commercial/Car Park Block, Mei Lam Shopping Centre,Tai Wai*",大圍美林商場一樓54號鋪三號櫃(入門口靠左行)*,,06:00-23:59,06:00-23:59,22.378116,114.176346,Sha Tin District,沙田區,Tai Wai,大圍,station,"3,5,6,7",false
H852FH21P,"Locker No.1,Shop No.36, 2/F, Sun Chui Shopping Centre, Tai Wai",自助櫃 大圍新翠商場二樓36號鋪(一號櫃),"Locker No.1,Shop No.36, 2/F, Sun Chui Shopping Centre, Tai Wai*",大圍新翠商場二樓36號鋪一號櫃(入門口靠左行)*,,00:00-23:59,00:00-23:59 周六:00:00-23:59 周日:00:00-23:59 節假日:00:00-23:59,22.369466,114.18147,Sha Tin District,沙田區,Tai Wai,大圍,station,"3,5,6,7",false
H852FH22P,"Locker No.2,Shop No.36, 2/F,Sun Chui Shopping Centre,2 Chui Tin Street, Tai Wai, New Territories ",自助櫃 大圍新翠商場二樓36號鋪(二號櫃),"Locker No.2,Shop No.36, 2/F,Sun Chui Shopping Centre, Tai Wai*",大圍新翠商場二樓36號鋪二號櫃(入門口中間排)*,,00:00-23:59,00:00-23:59 周六:00:00-23:59 周日:00:00-23:59 節假日:00:00-23:59,22.369466,114.18147,Sha Tin District,沙田區,Tai Wai,大圍,station,"3,5,6,7",false
H852FH23P,"Locker No.3, Shop No.36, 2/F, Sun Chui Shopping Centre, Tai Wai",自助櫃 大圍新翠商場二樓36號鋪(三號櫃),"Locker No.3, Shop No.36, 2/F, Sun Chui Shopping Centre, Tai Wai*",大圍新翠商場二樓36號鋪三號櫃(入門口靠右)*,,00:00-23:59,00:00-23:59 周六:00:00-23:59 周日:00:00-23:59 節假日:00:00-23:59,22.369466,114.18147,Sha Tin District,沙田區,Tai Wai,大圍,station,"3,5,6,7",false
H852FH24P,"Locker No.4,Shop No.36, 2/F,Sun Chui Shopping Centre, Tai Wai",自助櫃 大圍新翠商場二樓36號鋪(四號櫃),"Locker No.4,Shop No.36, 2/F,Sun Chui Shopping Centre, Tai Wai*",大圍新翠商場二樓36號鋪四號櫃(入門口靠右行至盡頭)*,,00:00-23:59,00:00-23:59 周六:00:00-23:59 周日:00:00-23:59 節假日:00:00-23:59,22.369466,114.18147,Sha Tin District,沙田區,Tai Wai,大圍,station,"3,5,6,7",false
H852FH25P,SF Locker Carado Garden Commercial Block,自助櫃 大圍雲疊花園商場(順豐站),"Portion of Unit 3A, G/F, Carado Garden, Tai Wai*",大圍雲疊花園商場地下3A號鋪順豐站*,,00:00-23:59,00:00-23:59 周六:00:00-23:59 周日:00:00-23:59 節假日:00:00-23:59,22.36881,114.177586,Sha Tin District,沙田區,Tai Wai,大圍,locker,"3,6,7",false
H852G006P,"SF Locker  Fu Tung Plaza, Tung Chung",自助櫃 東涌富東廣場,"3/F, Fu Tung Plaza, 6 Fu Tung Street, Tung Chung*",香港東涌富東廣場三樓聖公會東涌綜合服務旁*,,09:00-22:00,09:00-22:00 周六:09:00-22:00 周日:09:00-22:00 節假日:09:00-22:00,22.288812,113.942272,Lantau District,大嶼山區,Tung Chung,東涌,locker,"3,7,6,5",false
H852G011P,"SF Locker Discovery Bay Plaza, Discovery Bay",自助櫃 愉景灣愉景廣場,"(Near Midland Realty), 1/F , Discovery Bay Plaza, Discovery Bay*",愉景灣愉景廣場1樓(近美聯物業)*,,00:00-23:59,00:00-23:59 周六:00:00-23:59 周日:00:00-23:59 節假日:00:00-23:59,22.295264,114.01669,Lantau District,大嶼山區,Discovery Bay,愉景灣,locker,"5,3,6,7",false
H852G018P,"SF Locker Caribbean Square of Caribbean Coast, Tung Chung",自助櫃 東涌映灣薈,"G/F, Caribbean Square of Caribbean Coast, Tung Chung*",東涌映灣薈地下(近中銀櫃員機)*,,06:30-23:00,06:30-23:00 周六:06:30-23:00 周日:06:30-23:00 節假日:06:30-23:00,22.2918302,113.949232,Lantau District,大嶼山區,Tung Chung,東涌,locker,"3,5,6,7",false
H852G019P,"SF Locker Tmark, Tsuen Wan",自助櫃 荃灣地皇廣場,"Shop 261, 2/F, Tmark, Dung Fat Mansion, Tsuen Wan *",荃灣登發大廈地皇廣場2樓261號鋪*,,12:00-22:00,12:00-22:00 周六:12:00-22:00 周日:12:00-22:00 節假日:12:00-22:00,22.372651,114.116258,Tsuen Wan District,荃灣區,Tsuen Wan,荃灣,locker,"3,5,6,7",false
H852G022P,"SF Locker Phase 3, Allway Gardens, Tsuen Wan",自助櫃 荃灣荃威花園三期,"6/F, Block J, Phase 3 Allway Gardens, Tsuen Wan *",荃灣荃威花園三期J座6樓(升降機大堂)*,,00:00-23:59,00:00-23:59 周六:00:00-23:59 周日:00:00-23:59 節假日:00:00-23:59,22.3778305,114.103599,Tsuen Wan District,荃灣區,Tsuen Wan,荃灣,locker,"3,5,6,7",false
H852G023P,"SF Locker Commercial Centre (II), Tai Wo Hau",自助櫃 大窩口第二商場,"G/F,Tai Wo Hau Commercial Centre (II),Tai Wo Hau Estate*",大窩口第二商場地下(近759阿信屋)*,,00:00-23:59,00:00-23:59 周六:00:00-23:59 周日:00:00-23:59 節假日:00:00-23:59,22.366558,114.123068,Tsuen Wan District,荃灣區,Tai Wo Hau,大窩口,locker,"5,3,7,6",false
H852G031P,"SF Locker Block 6, Belvedere Garden Phase II, Tsuen Wan",自助櫃 荃灣麗城花園第二期第6座,"Podium, 3/F, Block 6, Belvedere Garden Phase II, Tsuen Wan(Residents only)*",荃灣麗城花園二期6座3樓平台(只供住戶使用)*,,00:00-23:59,00:00-23:59 周六:00:00-23:59 周日:00:00-23:59 節假日:00:00-23:59,22.371843,114.099821,Tsuen Wan District,荃灣區,Tsuen Wan,荃灣,locker,"3,5,6,7",false
H852G038P,"SF Locker Locker No.2, CDW Building, Tsuen Wan",自助櫃 荃灣八咪半(二號櫃),"Locker No.2, 2/F, CDW Building, Tsuen Wan *",荃灣八咪半2樓二號櫃*,,10:00-22:00,10:00-22:00 周六:10:00-22:00 周日:10:00-22:00 節假日:10:00-22:00,22.375443,114.113332,Tsuen Wan District,荃灣區,Tsuen Wan,荃灣,locker,"3,7,6,5",false
H852G042P,"SF Locker Bus Stop, The Cairnhill, Tsuen Wan",自助櫃 荃灣朗逸峯村巴大堂,"Bus Stop, 2/F, The Cairnhill, Tsuen Wan(Residents only)*",荃灣朗逸峯一期2樓村巴大堂(只供住戶使用)*,,00:00-23:59,00:00-23:59 周六:00:00-23:59 周日:00:00-23:59 節假日:00:00-23:59,22.38476,114.110228,Tsuen Wan District,荃灣區,Tsuen Wan,荃灣,locker,"3,5,6,7",false
H852G053P,"SF Locker Coastal Skyline, Tung Chung",自助櫃 東涌藍天海岸,"Club House, G/F, Coastal Skyline, Tung Chung(Residents only)*",東涌藍天海岸地下住客會所(只供住戶使用)*,,07:30-22:00,07:30-22:00 周六:07:30-22:00 周日:07:30-22:00 節假日:07:30-22:00,22.291671,113.946515,Lantau District,大嶼山區,Tung Chung,東涌,locker,"3,5,6,7",false
H852G054P,"SF Locker Block P, Allway Garden, Tsuen Wan",自助櫃 荃灣荃威花園P座,"Lobby, G/F, Block P, Allway Garden , Tsuen Wan*",荃灣荃威花園P座地下升降機大堂*,,00:00-23:59,00:00-23:59 周六:00:00-23:59 周日:00:00-23:59 節假日:00:00-23:59,22.378425,114.103783,Tsuen Wan District,荃灣區,Tsuen Wan,荃灣,locker,"5,3,7,6",false
H852G057P,"SF Locker Phase 2 of Tsuen Wan Centre, Tsuen Wan",自助櫃 荃灣荃灣中心二期,"Mini-bus station, Phase 2 of Tsuen Wan Centre, Tsuen Wan*",荃灣中心二期小巴總站*,,00:00-23:59,00:00-23:59 周六:00:00-23:59 周日:00:00-23:59 節假日:00:00-23:59,22.378765,114.107921,Tsuen Wan District,荃灣區,Tsuen Wan,荃灣,locker,"3,5,6,7",false
H852G063P,"SF Locker Seaview Crescent, Tung Chung",自助櫃 東涌海堤灣畔,"Seaview Crescent, 8 Tung Chung Waterfront Road, Tung Chung(Residents only)*",東涌海濱路8號海堤灣畔會所(只供住戶使用)*,,00:00-23:59,00:00-23:59 周六:00:00-23:59 周日:00:00-23:59 節假日:00:00-23:59,22.292713,113.942905,Lantau District,大嶼山區,Tung Chung,東涌,locker,"5,3,6,7",false
H852G064P,"SF Locker  AEON, Tsuen Wan Skyline Plaza, Tsuen Wan",自助櫃 荃灣灣景廣場購物中心AEON(旅行用品區),"( Travelling Area）1/F, AEON, Commercial Podium of Skyline Plaza, Tsuen Wan*",荃灣灣景廣場購物中心AEON一樓旅行用品區*,,10:00-22:30,10:00-22:30 周六:10:00-22:30 周日:10:00-22:30 節假日:10:00-22:30,22.36974,114.111751,Tsuen Wan District,荃灣區,Tsuen Wan,荃灣,locker,"3,5,6,7",false
H852G065P,"SF Locker Tower 3, Century Link",自助櫃 東環第三座,"G/F , Next To Tower 3, Century Link, Tung Chung(Residents only)*",香港東涌東環第三座地下(只供住戶使用)*,,00:00-23:59,00:00-23:59 周六:00:00-23:59 周日:00:00-23:59 節假日:00:00-23:59,22.295955,113.949823,Lantau District,大嶼山區,Tung Chung,東涌,locker,"3,5,6,7",false
H852G066P,"SF Locker Tsuen Wan Serenade Cove, Tsuen Wan",自助櫃 荃灣韻濤居,"Outside of Air Handling Rm, 3/F, Serenade Cove,Tsuen Wan(Residents only)*",香港荃灣韻濤居3樓平台1座風櫃房外住戶使用*,,00:00-23:59,00:00-23:59 周六:00:00-23:59 周日:00:00-23:59 節假日:00:00-23:59,22.372331,114.103045,Tsuen Wan District,荃灣區,Tsuen Wan,荃灣,locker,"5,3,7,6",false
H852G067P,"SF Locker Tung Chung Crescen, Tung Chung",自助櫃 東涌東堤灣畔,"G/F , Club Crescent, Tung Chung Crescent, Tung Chung(Residents only)*",香港東涌東堤灣畔會所地下(只供住戶使用)*,,07:30-22:30,07:30-22:30 周六:07:30-22:30 周日:07:30-22:30 節假日:07:30-22:30,22.28829,113.939198,Lantau District,大嶼山區,Tung Chung,東涌,locker,"3,5,6,7",false
H852G069P,"SF Locker Kwai Yin Court, Tai Wo Hau",自助櫃 大窩口葵賢苑,"Beside of Guard Kiosk, G/F, Emergency gateway of Kwai Yin Court, Tai Wo Hau*",大窩口葵賢苑地下緊急車閘通道入口旁更亭位置*,,00:00-23:59,00:00-23:59 周六:00:00-23:59 周日:00:00-23:59 節假日:00:00-23:59,22.369467,114.125785,Kwai Tsing District,葵青區,Kwai Chung,葵涌,locker,"3,5,6,7",false
H852G070P,"SF Locker Belvedere Square Phase 2, Tsuen Wan",自助櫃 荃灣麗城薈二期,"G/F, Belvedere Square Phase 2, Tsuen Wan*",荃灣麗城薈二期地下(茶餐廳對面)*,,07:00-22:00,07:00-22:00 周六:07:00-22:00 周日:07:00-22:00 節假日:07:00-22:00,22.370802,114.099168,Tsuen Wan District,荃灣區,Tsuen Wan,荃灣,locker,"3,5,6,7",false
H852G073P,"SF Locker Locker No.2, Fu Tung Plaza, Tung Chung",自助櫃 東涌富東廣場(二號櫃),"Locker No.2, 3/F, Fu Tung Plaza,Tung Chung*",香港東涌富東廣場三樓二號櫃東涌綜合服務旁*,,09:00-22:00,09:00-22:00 周六:09:00-22:00 周日:09:00-22:00 節假日:09:00-22:00,22.28897,113.943089,Lantau District,大嶼山區,Tung Chung,東涌,locker,"3,5,6,7",false
H852G074P,"SF Locker Locker No.3, Fu Tung Plaza, Tung Chung",自助櫃 東涌富東廣場(三號櫃),"Locker No.3, 3/F, Fu Tung Plaza,Tung Chung*",香港東涌富東廣場三樓三號櫃東涌綜合服務旁*,,09:00-22:00,09:00-22:00 周六:09:00-22:00 周日:09:00-22:00 節假日:09:00-22:00,22.28897,113.943088,Lantau District,大嶼山區,Tung Chung,東涌,locker,"3,7,6,5",false
H852G075P,"SF Locker Flat/Rm 6A, G/F Tower C, Tsuen Tak Garden, Tsuen Wan, HK, Tsuen Wan (Washingbo)",自助櫃 荃灣荃德花園C座地下(洗衣寶洗衣店),"Flat/Rm 6A, G/F, Tower C, Tsuen Tak Garden, Tsuen Wan*",荃灣荃德花園C座地下6A鋪(洗衣寶洗衣店)*,,00:00-23:59,00:00-23:59 周六:00:00-23:59 周日:00:00-23:59 節假日:00:00-23:59,22.376519,114.106923,Tsuen Wan District,荃灣區,Tsuen Wan,荃灣,locker,"5,3,7,6",false
H852G082P,"SF Locker The Visionary, Tung Chung",自助櫃 東涌升薈,"Shuttle Lift Lobby, UG/F, The Visionary, Tung Chung (Residents only)*",東涌升薈UG層穿梭升降機大堂只供住戶使用*,,00:00-23:59,00:00-23:59 周六:00:00-23:59 周日:00:00-23:59 節假日:00:00-23:59,22.295373,113.950987,Lantau District,大嶼山區,Tung Chung,東涌,locker,"3,5,6,7",false
H852G098P,"SF Locker Mun Hong House, Mun Tung Estate, Tung Chung",自助櫃 東涌滿東邨滿康樓,"G/F, Mun Hong House, Mun Tung Estate, Tung Chung*",香港東涌滿東邨滿康樓地下*,,00:00-23:59,00:00-23:59 周六:00:00-23:59 周日:00:00-23:59 節假日:00:00-23:59,22.27656,113.932845,Lantau District,大嶼山區,Tung Chung,東涌,locker,"3,6,7",false
H852G099P,"SF Locker Ying Yuet House,Ying Tung Estate, Tung Chung",自助櫃 東涌迎東邨迎悅樓,"G/F, Ying Yuet House, Ying Tung Estate, Tung Chung*",香港東涌迎東邨迎悅樓地下*,,00:00-23:59,00:00-23:59 周六:00:00-23:59 周日:00:00-23:59 節假日:00:00-23:59,22.296384,113.954108,Lantau District,大嶼山區,Tung Chung,東涌,locker,"3,6,7",false
H852G100P,"SF Locker Belvedere Garden Phase 3, Tsuen Wan",自助櫃 荃灣麗城花園三期,"Platform, Block 3, Belvedere Garden Phase 3, Tsuen Wan (Residents only)*",香港荃灣麗城花園三期3座平台只供住戶使用*,,00:00-23:59,00:00-23:59 周六:00:00-23:59 周日:00:00-23:59 節假日:00:00-23:59,22.371633,114.101486,Tsuen Wan District,荃灣區,Tsuen Wan,荃灣,locker,"5,3,7,6",false
H852G101P,"SF Locker G/F,Tower 2 Rambler Crest, Tsing Yi",自助櫃 青衣藍澄灣2座地下,"G/F, Tower 2, Rambler Crest, Tsing Yi*",青衣藍澄灣2座地下*,,00:00-23:59,00:00-23:59 周六:00:00-23:59 周日:00:00-23:59 節假日:00:00-23:59,22.342579,114.109849,Kwai Tsing District,葵青區,Tsing Yi,青衣,locker,"3,5,6,7",false
H852G102P,"SF Locker G/F,Tower 5 Rambler Crest, Tsing Yi",自助櫃 青衣藍澄灣5座地下,"G/F, Tower 5, Rambler Crest, Tsing Yi*",青衣藍澄灣5座地下*,,00:00-23:59,00:00-23:59 周六:00:00-23:59 周日:00:00-23:59 節假日:00:00-23:59,22.343518,114.110291,Kwai Tsing District,葵青區,Tsing Yi,青衣,locker,"3,5,6,7",false
H852G103P,"SF Locker Peaceful Mansion, Siena Two, Discovery Bay",自助櫃 愉景灣海澄湖畔二段,"G/F, Peaceful Mansion, Siena Two, Discovery Bay (Residents only)*",愉景灣海澄湖畔二段逸澄閣地下(只供住戶使用)*,,00:00-23:59,00:00-23:59 周六:00:00-23:59 周日:00:00-23:59 節假日:00:00-23:59,22.30758,114.011743,Lantau District,大嶼山區,Discovery Bay,愉景灣,locker,"3,5,6,7",false
H852G104P,"SF Locker Bayview Garden, Tsuen Wan",自助櫃 荃灣灣景花園第四座,"G/F, Block 4, Bayview Garden, Tsuen Wan (Residents only)*",荃灣灣景花園第四座地下(只供住戶使用)*,,00:00-23:59,00:00-23:59 周六:00:00-23:59 周日:00:00-23:59 節假日:00:00-23:59,22.370188,114.099363,Tsuen Wan District,荃灣區,Tsuen Wan,荃灣,locker,"3,5,6,7",false
H852G105P,"SF Locker Locker No.2,Next to Shop 3018, 3/FD-Park, Tsuen Wan",自助櫃 荃灣愉景新城三樓(二號櫃),"Locker No.2, Next to Shop 3018, 3/F, D-Park, Tsuen Wan *",香港荃灣愉景新城三樓(二號櫃)(3018鋪側通道)*,,08:00-23:00,08:00-23:00 周六:08:00-23:00 周日:08:00-23:00 節假日:08:00-23:00,22.376379,114.111578,Tsuen Wan District,荃灣區,Tsuen Wan,荃灣,locker,"3,5,6,7",false
H852G106P,"Nan Fung Centre, Tsuen Wan ",自助櫃 荃灣南豐中心(順豐站),"Unit 807& 808, 8/F, Nan Fung Centre, Tsuen Wan *",荃灣南豐中心8樓807-808號鋪順豐站*,,11:00-22:00,11:00-22:00 周六:12:00-20:00 周日:12:00-20:00 節假日:12:00-20:00,22.373838,114.116259,Tsuen Wan District,荃灣區,Tsuen Wan,荃灣,partner,"3,6,7",false
H852G107P,"Carpark Lobby No. 1, B/F Floor, Parc City, 98 Tai Ho Road, Tsuen Wan",自助櫃 荃灣全城匯,"Carpark Lobby No. 1, B/F Floor, Parc City, Tsuen Wan(Residents only)*",荃灣全城匯B/F層1號停車場大堂(只供住戶使用)*,,00:00-23:59,00:00-23:59,22.369375,114.111675,Tsuen Wan District,荃灣區,Tsuen Wan,荃灣,station,"3,5,6,7",false
H852G108P,"Locker No.2, Unit 807& 808, 8/F, Nan Fung Centre, Tsuen Wan ",自助櫃 荃灣南豐中心8樓807-808號鋪二號櫃,"Locker No.2, Unit 807& 808, 8/F, Nan Fung Centre, Tsuen Wan*",荃灣南豐中心8樓807-808號鋪順豐站(二號櫃)*,,11:00-22:00,11:00-22:00 周六:12:00-20:00 周日:12:00-20:00 節假日:12:00-20:00,22.373766,114.116224,Tsuen Wan District,荃灣區,Tsuen Wan,荃灣,partner,"3,6,7",false
H852GA02P,"SF Locker Vision City, Tsuen Wan",自助櫃 荃灣萬景峯,"5/F, Clube House, Vision City, Tsuen Wan (Residents only)*",荃灣萬景峯住客會所5樓(只供住戶使用)*,,07:00-22:00,07:00-22:00 周六:07:00-22:00 周日:07:00-22:00 節假日:07:00-22:00,22.37068,114.11418,Tsuen Wan District,荃灣區,Tsuen Wan,荃灣,locker,"5,3,6,7",false
H852GA04P,"SF Locker The Pavilia Bay, Tsuen Wan",自助櫃 荃灣柏傲灣,"B2, Car Park, The Pavilia Bay, Tsuen Wan,(Residents only)*",荃灣柏傲灣停車場B2(只供住戶使用)*,,00:00-23:59,00:00-23:59 周六:00:00-23:59 周日:00:00-23:59 節假日:00:00-23:59,22.365761,114.112592,Tsuen Wan District,荃灣區,Tsuen Wan,荃灣,locker,"3,5,6,7",false
H852GA06P,"SF Locker Block 9, Riviera Gardens",自助櫃 海濱花園9座,"G/F, Block 9, Riviera Gardens, Tsuen Wan*",荃灣海濱花園9座地下*,,00:00-23:59,00:00-23:59 周六:00:00-23:59 周日:00:00-23:59 節假日:00:00-23:59,22.361233,114.112409,Tsuen Wan District,荃灣區,Tsuen Wan,荃灣,locker,"3,5,6,7",false
H852GA08P,"SF Locker B1/F, Block 1, The Aurora, Tsuen Wan",自助櫃 荃灣映日灣第1座B1層,"Block 1 Lift Lobby, B1/F, The Aurora, Tsuen Wan(Residents only)*",荃灣映日灣第1座B1層升降機大堂供住戶使用*,,00:00-23:59,00:00-23:59 周六:00:00-23:59 周日:00:00-23:59 節假日:00:00-23:59,22.367354,114.115416,Tsuen Wan District,荃灣區,Tsuen Wan,荃灣,locker,"3,7,6,5",false
H852GA09P,"SF Locker B1/F, Block 2, , The Aurora, Tsuen Wan",自助櫃 荃灣映日灣第2座B1層,"Block 2 Lift Lobby, B1/F, The Aurora, Tsuen Wan(Residents only)*",荃灣映日灣第2座B1層升降機大堂供住戶使用*,,00:00-23:59,00:00-23:59 周六:00:00-23:59 周日:00:00-23:59 節假日:00:00-23:59,22.367344,114.115373,Tsuen Wan District,荃灣區,Tsuen Wan,荃灣,locker,"3,7,6,5",false
H852GA10P,"SF Locker B1/F, Block 3, The Aurora, Tsuen Wan",自助櫃 荃灣映日灣第3座B1層,"Block 3 Lift Lobby, B1/F, The Aurora, Tsuen Wan(Residents only)*",荃灣映日灣第3座B1層升降機大堂供住戶使用*,,00:00-23:59,00:00-23:59 周六:00:00-23:59 周日:00:00-23:59 節假日:00:00-23:59,22.367393,114.115395,Tsuen Wan District,荃灣區,Tsuen Wan,荃灣,locker,"3,7,6,5",false
H852GA11P,"Nina Tower, Tsuen Wan",自助櫃 荃灣如心廣場,"Bus Terminus (Staff Rest Room), Nina Tower, Tsuen Wan*",荃灣如心廣場地下巴士總站九巴員工休息室旁*,,00:00-23:59,00:00-23:59 周六:00:00-23:59 周日:00:00-23:59 節假日:00:00-23:59,22.368276,114.112632,Tsuen Wan District,荃灣區,Tsuen Wan,荃灣,station,"3,5,6,7",false
H852GA14P,"First Floor, Shek Wai Kok Shopping Centre",自助櫃 荃灣石圍角商場一樓,"First Floor, Shek Wai Kok Shopping Centre, Tsuen Wan*",荃灣石圍角商場一樓(近百佳超級市場)*,,06:00-23:00,06:00-23:00 周六:06:00-23:00 周日:06:00-23:00 節假日:06:00-23:00,22.375248,114.12385,Tsuen Wan District,荃灣區,Tsuen Wan,荃灣,partner,"3,6,7",false
H852GA15P,"SF Locker, Block 3, Tsuen King Garden (Phase 1), Tsuen Wan",自助櫃 荃灣荃景花園一期三座地下,"At the entrance, G/F, Block 3, Tsuen King Garden (Phase 1), Tsuen Wan(Residents only)*",荃灣荃景花園一期三座地下入口側(只供住戶使用)*,,00:00-23:59,00:00-23:59,22.3777749,114.109101,Tsuen Wan District,荃灣區,Tsuen Wan,荃灣,locker,"3,5,6,7",false
H852GA16P,"Chui Ho House, Sheung Chui Court, Tsuen Wan",自助櫃 荃灣尚翠苑,"G/F, Chui Ho House, Sheung Chui Court, Tsuen Wan(Residents only)*",荃灣尚翠苑翠河閣地下有蓋空地(只供住戶使用)*,,00:00-23:59,00:00-23:59,22.367321,114.120264,Tsuen Wan District,荃灣區,Tsuen Wan,荃灣,station,"3,5,6,7",false
H852GA17P,"SF Locker, Block 1, Tsuen King Garden (Phase 1), Tsuen Wan",自助櫃 荃灣荃景花園一期一座地下,"Near The Residential Main Gate, G/F, Block 1, Tsuen King Garden (Phase 1), Tsuen Wan(Residents only)*",荃灣荃景花園一期一座地下(近屋苑大閘)(只供住戶使用)*,,00:00-23:59,00:00-23:59 周六:00:00-23:59 周日:00:00-23:59 節假日:00:00-23:59,22.378253,114.108964,Tsuen Wan District,荃灣區,Tsuen Wan,荃灣,locker,"3,5,6,7",false
H852GA34P,"SF Locker Panda Place,  Tai Wo Hau",自助櫃 大窩口悅來坊,"G/F, Panda Place, 3 Tsuen Wan Street, Tai Wo Hau*",大窩口悅來坊地下(荃華街出口旁)*,,00:00-23:59,00:00-23:59,22.368726,114.120619,Tsuen Wan District,荃灣區,Tai Wo Hau,大窩口,locker,"3,5,6,7",false
H852GA45P,"SF Locker City Point, Tsuen Wan",自助櫃 荃灣環宇海灣,"Entrance of Clubhouse,L3B Lobby, City Point, Tsuen Wan(Residents only)*",荃灣環宇海灣會所L3B大堂入口位置*,,00:00-23:59,00:00-23:59 周六:00:00-23:59 周日:00:00-23:59 節假日:00:00-23:59,22.364105,114.114907,Tsuen Wan District,荃灣區,Tsuen Wan,荃灣,locker,"3,5,6,7",false
H852GA58P,"SF Locker Fortune Commercial Building, Tsuen Wan",自助櫃 荃灣全發商業大廈,"Lobby, G/F, Fortune Commercial Building, Tsuen Wan*",荃灣全發商業大廈地下大堂*,,07:00-22:00,07:00-22:00 周六:07:00-22:00 周日:07:00-22:00 節假日:07:00-22:00,22.368277,114.119257,Tsuen Wan District,荃灣區,Tsuen Wan,荃灣,locker,"3,5,6,7",false
H852GA59P,"SF Locker Chlesea Court, Tsuen Wan",自助櫃 荃灣爵悅庭,"Tower West, G/F, Chlesea Court, Tsuen Wan(Residents only)*",荃灣爵悅庭西座地下(只供住戶使用)*,,00:00-23:59,00:00-23:59 周六:00:00-23:59 周日:00:00-23:59 節假日:00:00-23:59,22.366877,114.117279,Tsuen Wan District,荃灣區,Tsuen Wan,荃灣,locker,"5,3,6,7",false
H852GA72P,"SF Locker DAN 6, Tsuen Wan",自助櫃 荃灣DAN 6  ,"G/F, DAN 6 , 6 Fui Yiu Kok Street, Tsuen Wan*",荃灣灰窰角街2-6號DAN 6地下停車場*,,00:00-23:59,00:00-23:59,22.366221,114.116501,Tsuen Wan District,荃灣區,Tsuen Wan,荃灣,locker,"3,5,6,7",false
H852GA94P,"SF Locker Waterside Plaza, Tsuen Wan",自助櫃 荃灣海灣花園,"G/F, No.15 Lift Lobby, Waterside Plaza, Tsuen Wan (Residents only)*",荃灣海灣花園地下第四座右邊門口供住戶使用*,,00:00-23:59,00:00-23:59 周六:00:00-23:59 周日:00:00-23:59 節假日:00:00-23:59,22.364305,114.113928,Tsuen Wan District,荃灣區,Tsuen Wan,荃灣,locker,"3,5,6,7",false
H852GC01S,"Next to Lift, 9/F,Asia Logistics Hub SFCentre,Tsing Yi ",冷凍櫃 青衣順豐大廈九樓(只供大廈員工使用),"Next to Lift, 9/F,Asia Logistics Hub SFCentre,Tsing Yi (Only for staff)",青衣順豐大廈九樓電梯旁(只供大廈員工使用),,00:00-23:59,00:00-23:59 周六:00:00-23:59 周日:00:00-23:59 節假日:00:00-23:59,22.33543,114.11069,Kwai Tsing District,葵青區,Tsing Yi,青衣,station,"1,6,7",true
H852GC02P,"SF Locker G/F, Asia Logistics Hub SF Centre, Tsing Yi",自助櫃 青衣順豐大廈地下,"G/F, Asia Logistics Hub SF Centre, Tsing Yi *",青衣航運路36號順豐大廈地下*,,00:00-23:59,00:00-23:59 周六:00:00-23:59 周日:00:00-23:59 節假日:00:00-23:59,22.335102,114.110551,Kwai Tsing District,葵青區,Tsing Yi,青衣,locker,"3,5,6,7",false
H852GC06P,"SF Locker UG/F, Rhine Terrace, Sham Tseng",自助櫃 深井海韻台UG層,"Lift Lobby, UG/F, Rhine Terrace, Sham Tseng (Residents only)*",深井海韻台UG層升降機大堂(只供住戶使用)*,,00:00-23:59,00:00-23:59 周六:00:00-23:59 周日:00:00-23:59 節假日:00:00-23:59,22.36723,114.063856,Tsuen Wan District,荃灣區,Sham Tseng,深井,locker,"3,5,6,7",false
H852GC08P,SF Locker Park Island Harbour,自助櫃 馬灣珀麗灣碼頭,"G/F, Park Island Harbour, Ma Wan*",馬灣珀麗灣碼頭地下*,,00:00-23:59,00:00-23:59 周六:00:00-23:59 周日:00:00-23:59 節假日:00:00-23:59,22.352752,114.064059,Lantau District,大嶼山區,Ma Wan,馬灣,locker,"5,3,6,7",false
H852GC10P,"SF Locker Hong Kong Garden, Tsing Lung Tau, Sham Tseng",自助櫃 深井青龍頭豪景花園,"Car Park A , Hong Kong Garden, Tsing Lung Tau, Sham Tseng (Residents only)*",香港荃灣區深井青龍頭豪景花園A停車場*,,00:00-23:59,00:00-23:59 周六:00:00-23:59 周日:00:00-23:59 節假日:00:00-23:59,22.362377,114.042519,Tsuen Wan District,荃灣區,Sham Tseng,深井,locker,"3,5,6,7",false
H852GC11P,"SF Locker Phase 3, Sea Crest Villa,, Sham Tseng",自助櫃 深井浪翠園三期,"G/F, Phase 3, Sea Crest Villa, Sham Tseng (Residents only)*",深井浪翠園三期地下正門(只供住戶使用)*,,00:00-23:59,00:00-23:59 周六:00:00-23:59 周日:00:00-23:59 節假日:00:00-23:59,22.363878,114.054471,Tsuen Wan District,荃灣區,Sham Tseng,深井,locker,"3,5,6,7",false
H852GC12P,"SF Locker Locker No.2, Cheung Fat Plaza,Tsing Yi",自助櫃 青衣長發廣場(二號櫃),"Locker No.2, 3/F, Cheung Fat Plaza,Tsing Yi*",青衣長發廣場3樓二號櫃(近遊樂場門口)*,,06:00-21:30,06:00-21:30 周六:06:00-21:30 周日:06:00-21:30 節假日:06:00-21:30,22.362406,114.103309,Kwai Tsing District,葵青區,Tsing Yi,青衣,locker,"3,5,6,7",false
H852GC16P,"SF Locker Cheung Fat Plaza, Tsing Yi",自助櫃 青衣長發廣場,"3/F, Cheung Fat Plaza, Tsing Yi *",青衣長發廣場3樓(八方雲集旁邊通道)*,,06:00-21:30,06:00-21:30 周六:06:00-21:30 周日:06:00-21:30 節假日:06:00-21:30,22.36217,114.1034,Kwai Tsing District,葵青區,Tsing Yi,青衣,locker,"3,5,6,7",false
H852GC19P,"SF Locker Cheung Hong Shopping Centre No.2, Tsing Yi",自助櫃 青衣長康商場二期,"Near bus terminal, Cheung Hong Shopping Centre No.2, Tsing Yi *",青衣長康商場二期(巴士總站旁)*,,00:00-23:59,00:00-23:59 周六:00:00-23:59 周日:00:00-23:59 節假日:00:00-23:59,22.349865,114.098802,Kwai Tsing District,葵青區,Tsing Yi,青衣,locker,"3,5,6,7",false
H852GC21P,"SF Locker Ching Wai House, Cheung Ching Estate, Tsing Yi",自助櫃 青衣長青邨青槐樓,"Entrance of Market near Ching Wai House, Cheung Ching Estate, Tsing Yi *",青衣長青邨青槐樓地下(屋邨辦事處對出)*,,00:00-23:59,00:00-23:59 周六:00:00-23:59 周日:00:00-23:59 節假日:00:00-23:59,22.3465355,114.108388,Kwai Tsing District,葵青區,Tsing Yi,青衣,locker,"3,6,7",false
H852GC35P,"SF Locker Ching Shing Court, Tsing Yi",自助櫃 青衣青盛苑,"G/F, Ching Shing Court, 10 Ching Hong Road, Tsing Yi*",青衣青盛苑地下*,,00:00-23:59,00:00-23:59 周六:00:00-23:59 周日:00:00-23:59 節假日:00:00-23:59,22.34982,114.102796,Kwai Tsing District,葵青區,Tsing Yi,青衣,locker,"3,5,6,7",false
H852GC40P,"SF Locker OneMidTown, Tsuen Wan",自助櫃 荃灣OneMidTown,"G/F, One Mid Town, 11 Hoi Shing Road, Tsuen Wan*",荃灣OneMidTown停車場大堂入口位置*,,00:00-23:59,00:00-23:59 周六:00:00-23:59 周日:00:00-23:59 節假日:00:00-23:59,22.372433,114.107748,Tsuen Wan District,荃灣區,Tsuen Wan,荃灣,locker,"3,5,6,7",false
H852GC48P,"SF Locker Mayfair Garden, Tsing Yi",自助櫃 青衣美景花園,"Near Shop 77, G/F, Mayfair Garden, Tsing Yi*",青衣美景花園地下(77號鋪對出)*,,00:00-23:59,00:00-23:59 周六:00:00-23:59 周日:00:00-23:59 節假日:00:00-23:59,22.343866,114.107479,Kwai Tsing District,葵青區,Tsing Yi,青衣,locker,"3,5,6,7",false
H852GC50P,"SF Locker G/F, Tsing Yi Tsing Yi Shopping Centre, Tsing Yi",自助櫃 青衣青衣邨青衣商場地下,"G/F, Tsing Yi Shopping Centre, Tsing Yi*",青衣邨青衣商場地下*,,00:00-23:59,00:00-23:59,22.354721,114.10327,Kwai Tsing District,葵青區,Tsing Yi,青衣,locker,"3,5,6,7",false
H852GC51P,"SF Locker 1/F, Tsing Yi Tsing Yi Shopping Centre, Tsing Yi",自助櫃 青衣青衣邨青衣商場1樓,"1/F, Tsing Yi Shopping Centre, Tsing Yi*","青衣青衣商場1樓(近惠康,面向停車場)*",,00:00-23:59,00:00-23:59,22.354324,114.103611,Kwai Tsing District,葵青區,Tsing Yi,青衣,locker,"3,5,6,7",false
H852GC62P,"SF Locker Sea Crest Villa Phase 1, Sham Tseng",自助櫃 深井浪翠園一期,"Near Block 1, Carpark, 1/F, Sea Crest Villa Phase 1, Sham Tseng(Residents Only)*",深井浪翠園一期平台近一座停車場出入口*,,00:00-23:59,00:00-23:59 周六:00:00-23:59 周日:00:00-23:59 節假日:00:00-23:59,22.366282,114.05736,Tsuen Wan District,荃灣區,Sham Tseng,深井,locker,"3,5,6,7",false
H852GC80P,"SF Locker Locker No.1, Block 7 and 8, Greedfield Garden, Tsing Yi",自助櫃 青衣翠怡花園7座至8座(一號櫃),"Locker No.1, Block 7 and 8, Greedfield Garden, Tsing Yi*",青衣翠怡花園7座至8座一號櫃(鄰近小巴站)*,,00:00-23:59,00:00-23:59 周六:00:00-23:59 周日:00:00-23:59 節假日:00:00-23:59,22.353052,114.108171,Kwai Tsing District,葵青區,Tsing Yi,青衣,locker,"3,5,6,7",false
H852GC81P,"SF Locker Locker No.2, Block 7 and 8, Greedfield Garden, Tsing Yi",自助櫃 青衣翠怡花園7座至8座(二號櫃),"Locker No.2, Block 7 and 8, Greedfield Garden, Tsing Yi*",青衣翠怡花園7座至8座二號櫃(鄰近小巴站)*,,00:00-23:59,00:00-23:59 周六:00:00-23:59 周日:00:00-23:59 節假日:00:00-23:59,22.353052,114.108171,Kwai Tsing District,葵青區,Tsing Yi,青衣,locker,"3,5,6,7",false
H852GC85P,"SF Locker Lift lobby of 3/F, Zone A, Hanley Villa, No.18 Yau Lai Road, Tsuen Wan",自助櫃 荃灣恆麗園A區3樓升降機大堂,"Lift lobby of 3/F, Zone A, Hanley Villa, Tsuen Wan (Residents only)*",荃灣恆麗園A區3樓升降機大堂只供住戶使用*,,00:00-23:59,00:00-23:59 周六:00:00-23:59 周日:00:00-23:59 節假日:00:00-23:59,22.369557,114.091964,Tsuen Wan District,荃灣區,Tsuen Wan,荃灣,locker,"3,5,6,7",false
H852GC87P,"SF Locker Hong Wo House, Cheung Hong Market, Tsing Yi(LaundrYup)",自助櫃 青衣長康街市康和樓(LaundrYup洗衣店),"Stall M1, G/F, Hong Wo House, Cheung Hong Market, Tsing Yi*",青衣長康街市康和樓地下M1攤(洗衣店內)*,,00:00-23:59,00:00-23:59 周六:00:00-23:59 周日:00:00-23:59 節假日:00:00-23:59,22.349684,114.1048,Kwai Tsing District,葵青區,Tsing Yi,青衣,locker,"3,5,6,7",false
H852GC91P,"SF Locker Locker No.2, G/F, Rhine Garden, Sham Tseng",自助櫃 深井海韻花園(二號櫃),"Locker No.2, G/F, Rhine Garden, Sham Tseng(Residents only)*",深井海韻花園地下二號櫃嘉韻酒樓旁(只供住戶使用)*,,00:00-23:59,00:00-23:59 周六:00:00-23:59 周日:00:00-23:59 節假日:00:00-23:59,22.368017,114.061393,Tsuen Wan District,荃灣區,Sham Tseng,深井,locker,"3,5,6,7",false
H852GC95P,"SF Locker Ching Wah Court, Tsing Yi",自助櫃 青衣青華苑,"Near Circle K, stairs to carpark, G/F, Ching Wah Court, Tsing Yi*",青衣青華苑往停車場樓梯Circle K旁*,,00:00-23:59,00:00-23:59 周六:00:00-23:59 周日:00:00-23:59 節假日:00:00-23:59,22.348964,114.099416,Kwai Tsing District,葵青區,Tsing Yi,青衣,locker,"3,5,6,7",false
H852GC96P,"SF Locker G/F, Block 6, Bellagio, Sham Tseng",自助櫃 深井碧堤半島6座地下,"G/F, Block 6, Bellagio, Sham Tseng (Residents only)*",深井碧堤半島6座地下(只供住戶使用)*,,00:00-23:59,00:00-23:59 周六:00:00-23:59 周日:00:00-23:59 節假日:00:00-23:59,22.365541,114.06197,Tsuen Wan District,荃灣區,Sham Tseng,深井,locker,"3,5,6,7",false
H852GC97P,"SF Locker G/F, Block 8, Bellagio, Sham Tseng",自助櫃 深井碧堤半島8座地下,"G/F, Block 8, Bellagio, Sham Tseng (Residents only)*",深井碧堤半島8座地下(只供住戶使用)*,,00:00-23:59,00:00-23:59 周六:00:00-23:59 周日:00:00-23:59 節假日:00:00-23:59,22.366825,114.060551,Tsuen Wan District,荃灣區,Sham Tseng,深井,locker,"3,5,6,7",false
H852GE06P,"SF Locker Ocean Pride,Tsuen Wan",自助櫃 荃灣海之戀,"Lift Lobby No.3, 5/F, Ocean Pride, Tsuen Wan (Residents only)*",荃灣海之戀停車埸5樓第三中轉大堂住戶使用*,,00:00-23:59,00:00-23:59 周六:00:00-23:59 周日:00:00-23:59 節假日:00:00-23:59,22.368235,114.110204,Tsuen Wan District,荃灣區,Tsuen Wan,荃灣,locker,"3,5,6,7",false
H852GE07P,"SF Locker Luk Yeung Galleria, Tsuen Wan",自助櫃 荃灣綠楊坊,"Next to the escalators outside, Unit S35, 2/F, Luk Yeung Galleria, Tsuen Wan*",荃灣綠楊坊2樓(S35號鋪側)*,,10:00-22:00,10:00-22:00 周六:10:00-22:00 周日:10:00-22:00 節假日:10:00-22:00,22.373527,114.119158,Tsuen Wan District,荃灣區,Tsuen Wan,荃灣,locker,"5,3,7,6",false
H852GE90P,"SF Locker 3/F, D-Park, Tsuen Wan",自助櫃 荃灣愉景新城3樓,"Next to Shop 3018, 3/F, D-Park, Tsuen Wan*",香港荃灣愉景新城三樓(3018號鋪側通道)*,,08:00-23:00,08:00-23:00 周六:08:00-23:00 周日:08:00-23:00 節假日:08:00-23:00,22.375724,114.112162,Tsuen Wan District,荃灣區,Tsuen Wan,荃灣,locker,"5,3,6,7",false
H852GE92P,"SF Locker Tower 1, Summit Terrace, Tsuen Wan",自助櫃 荃灣翠丰台1座,"G/F, Tower 1, Summit Terrace, Tsuen Wan(Residents only)*",荃灣翠丰台1座地下(只供住戶使用)*,,00:00-23:59,00:00-23:59 周六:00:00-23:59 周日:00:00-23:59 節假日:00:00-23:59,22.376102,114.106147,Tsuen Wan District,荃灣區,Tsuen Wan,荃灣,locker,"5,3,7,6",false
H852GE93P,"SF Locker Tower 2, Summit Terrace, Tsuen Wan",自助櫃 荃灣翠丰台2座,"G/F, Tower 2, Summit Terrace, Tsuen Wan(Residents only)*",荃灣翠丰台2座地下(只供住戶使用)*,,00:00-23:59,00:00-23:59 周六:00:00-23:59 周日:00:00-23:59 節假日:00:00-23:59,22.375545,114.105789,Tsuen Wan District,荃灣區,Tsuen Wan,荃灣,locker,"5,3,7,6",false
H852GH01P,"SF Locker Concession TSY 14-15, Tsing Yi Station",自助櫃 青衣青衣站(順豐站),"Concession TSY 14-15, Tsing Yi Station, Tsing Yi *",港鐵青衣站機場快線U2層非入閘區大堂順豐站*,,11:00-22:00,11:00-22:00 周六:12:00-20:00 周日:12:00-20:00 節假日:12:00-20:00,22.358199,114.107492,Kwai Tsing District,葵青區,Tsing Yi,青衣,locker,"3,6,7",false
H852GH01S,"Hong Kong Garden Club, Hong Kong Garden, Tsing Lung Tau, 100 Castle Peak Road, NT",冷凍櫃 青龍頭豪景花園,"Hong Kong Garden Club, Hong Kong Garden, Tsing Lung Tau(Residentsonly)",青龍頭豪景花園遊樂會內(只供住戶使用),,08:00-22:00,08:00-22:00 周六:08:00-22:00 周日:08:00-22:00 節假日:08:00-22:00,22.361412,114.041671,Tsuen Wan District,荃灣區,Sham Tseng,深井,station,"1,6,7",true
H852GH03P,"SF Locker Golden Villa, Tsuen Wan",自助櫃 荃灣金麗苑,"Swimpool (Near MGT Office), 4/F, Golden Villa, Tsuen Wan(Residents only)*",荃灣金麗苑四樓泳池旁近管理處只供住戶使用*,,00:00-23:59,00:00-23:59 周六:00:00-23:59 周日:00:00-23:59 節假日:00:00-23:59,22.36835,114.091356,Tsuen Wan District,荃灣區,Tsuen Wan,荃灣,locker,"3,5,6,7",false
H852GH07P,"SF Locker Sea Crest Villa Phase 2, Sham Tseng",自助櫃 深井浪翠園2期,"Entrance, G/F, Sea Crest Villa Phase 2, Sham Tseng*",深井浪翠園2期地下住宅入口*,,00:00-23:59,00:00-23:59 周六:00:00-23:59 周日:00:00-23:59 節假日:00:00-23:59,22.36547,114.05584,Tsuen Wan District,荃灣區,Sham Tseng,深井,locker,"5,3,7,6",false
H852GH08P,"SF Locker Ching Chun Court , Tsing Yi",自助櫃 青衣青俊苑,"Management Office , G/F, Ching Chun Court , Tsing Yi(Residents only)*",青衣青俊苑管理處內(只供住戶使用)*,,00:00-23:59,00:00-23:59 周六:00:00-23:59 周日:00:00-23:59 節假日:00:00-23:59,22.34616,114.10913,Kwai Tsing District,葵青區,Tsing Yi,青衣,locker,"5,3,7,6",false
H852GH09P,"Tsing Yi AR Station, Tsing Yi",自助櫃 青衣青衣機鐵站,"Bus Terminus (Staff Rest Room), Tsing Yi AR Station, Tsing Yi*",青衣機鐵站巴士總站(九巴員工休息室旁)*,,00:00-23:59,00:00-23:59 周六:00:00-23:59 周日:00:00-23:59 節假日:00:00-23:59,22.35988,114.10798,Kwai Tsing District,葵青區,Tsing Yi,青衣,station,"3,5,6,7",false
H852GH10P,"Tsing Yi Ferry Pier, Tsing Yi",自助櫃 青衣青衣渡輪碼頭,"Bus Terminus (Near Serene Garden Shopping Arcade), Tsing Yi Ferry Pier, Tsing Yi*",青衣渡輪碼頭巴士總站近海悅花園商場*,,00:00-23:59,00:00-23:59 周六:00:00-23:59 周日:00:00-23:59 節假日:00:00-23:59,22.353748,114.108706,Kwai Tsing District,葵青區,Tsing Yi,青衣,station,"3,5,6,7",false
H852GH12P,"Sea Crest Villa Phase 4, Sham Tseng",自助櫃 深井浪翠園四期,"Entrance, G/F, Sea Crest Villa Phase 4, Sham Tseng(Residents only)*",深井浪翠園四期地下住宅入口(只供住戶使用)*,,00:00-23:59,00:00-23:59 周六:00:00-23:59 周日:00:00-23:59 節假日:00:00-23:59,22.362563,114.050357,Tsuen Wan District,荃灣區,Sham Tseng,深井,partner,"3,6,7",false
H852GH13P,"The Grand Marine, Tsing Yi",自助櫃 青衣明翹匯,"Next to Loading Area, LG/F, Tower 2, The Grand Marine, Tsing Yi(Residents only)*",青衣明翹匯第2座地下卸貨區旁(只供住戶使用)*,,00:00-23:59,00:00-23:59 周六:00:00-23:59 周日:00:00-23:59 節假日:00:00-23:59,22.34413,114.10612,Kwai Tsing District,葵青區,Tsing Yi,青衣,station,"3,5,6,7",false
H852GH14P,SF Locker Discovery Bay North Commercial Centre,自助櫃 愉景灣愉景北商場,"Near Clock Tower, G/F, Discovery Bay North Commercial Centre, Discovery Bay*",愉景灣愉景北商場地下(近鐘樓位置)*,,00:00-23:59,00:00-23:59 周六:00:00-23:59 周日:00:00-23:59 節假日:00:00-23:59,22.308366,114.016829,Lantau District,大嶼山區,Discovery Bay,愉景灣,locker,"3,6,7",false
H852GH15P,"Locker No.1, No. 65 Tin Liu New Village, Ma Wan",自助櫃 馬灣田寮新村65號(一號櫃),"Locker No.1, G/F, No. 65 Tin Liu New Village, Ma Wan*",馬灣田寮新村65號地下一號櫃*,,00:00-23:59,00:00-23:59 周六:00:00-23:59 周日:00:00-23:59 節假日:00:00-23:59,22.352879,114.059664,Lantau District,大嶼山區,Ma Wan,馬灣,station,"3,5,6,7",false
H852GH16P,"Locker No.2, No. 65 Tin Liu New Village, Ma Wan",自助櫃 馬灣田寮新村65號(二號櫃),"Locker No.2, G/F, No. 65 Tin Liu New Village, Ma Wan*",馬灣田寮新村65號地下二號櫃*,,00:00-23:59,00:00-23:59 周六:00:00-23:59 周日:00:00-23:59 節假日:00:00-23:59,22.352879,114.059664,Lantau District,大嶼山區,Ma Wan,馬灣,station,"3,5,6,7",false
H852GH17P,"Yu Ying House, Yu Tai Court",自助櫃 東涌裕泰苑裕瑛閣,"G/F, Yu Ying House, Yu Tai Court, Tung Chung (Residents only)*",東涌裕泰苑裕瑛閣地下(只供住戶使用)*,,00:00-23:59,00:00-23:59 周六:00:00-23:59 周日:00:00-23:59 節假日:00:00-23:59,22.280652,113.940542,Lantau District,大嶼山區,Tung Chung,東涌,station,"3,5,6,7",false
H852GH18P,"SF Locker Greenvale Village, Discovery Bay Phase 5",自助櫃 愉景灣愉景灣5期頤峰,"G/F, Greenish Court, Greenvale Village, Discovery Bay Phase 5, Discovery Bay(Residents only)*",愉景灣5期頤峰怡山閣地下(只供住戶使用)*,,00:00-23:59,00:00-23:59 周六:00:00-23:59 周日:00:00-23:59 節假日:00:00-23:59,22.304465,114.009873,Lantau District,大嶼山區,Discovery Bay,愉景灣,locker,"3,5,6,7",false
H852GH20P,"SF Locker G/F, Cheung Wang Shopping Mall,Tsing Yi ",自助櫃 青衣長宏商場地下,"Next to Information, G/F, Cheung Wang Shopping Mall,Tsing Yi ",青衣長宏商場地下(商場詢問處旁)*,,00:00-23:59,00:00-23:59,22.356554,114.095759,Kwai Tsing District,葵青區,Tsing Yi,青衣,locker,"3,5,6,7",false
H852GH22P,"SF Locker G/F, Yat Tung Shopping Centre, Tung Chung ",自助櫃 東涌逸東商場地下,"G/F, Yat Tung Shopping Centre, Tung Chung*",東涌逸東商場地下(近街市熟食檔)*,,00:00-23:59,00:00-23:59,22.281542,113.93499,Lantau District,大嶼山區,Tung Chung,東涌,locker,"3,5,6,7",false
H852H003P,"SF Locker Choi Ha Estate, Ngau Tau Kok",自助櫃 牛頭角彩霞邨,"G/F, Choi Yuet House, Choi Ha Estate, Ngau Tau Kok*",牛頭角彩霞邨彩月樓地下(管理處旁)*,,00:00-23:59,00:00-23:59 周六:00:00-23:59 周日:00:00-23:59 節假日:00:00-23:59,22.32633,114.217551,Kwun Tong District,觀塘區,Ngau Tau Kok,牛頭角,locker,"3,5,6,7",false
H852H004P,"SF Locker Choi Tak Shopping Centre, Ngau Tau Kok",自助櫃 牛頭角彩德商場,"Opposite to Shop 512, 5/F, Choi Tak Shopping Centre, Ngau Tau Kok*",牛頭角彩德商場5樓(近日本城)*,,07:00-23:00,07:00-23:00 周六:07:00-23:00 周日:07:00-23:00 節假日:07:00-23:00,22.329695,114.213266,Kwun Tong District,觀塘區,Ngau Tau Kok,牛頭角,locker,"3,6,7",false
H852H005P,"SF Locker Locker No.1, TBG Mall, Kowloon Bay",自助櫃 九龍灣得寶商場(一號櫃),"Locker No.1, Shop 209, 1/F, TBG Mall, Kowloon Bay*",九龍灣得寶商場1樓209號鋪一號櫃(順豐站右側)*,,08:00-23:00,08:00-23:00 周六:08:00-23:00 周日:08:00-23:00 節假日:08:00-23:00,22.326847,114.214503,Kwun Tong District,觀塘區,Kowloon Bay,九龍灣,locker,"3,5,6,7",false
H852H008P,"SF Locker Wang Kwong Building, Kowloon Bay",自助櫃 九龍灣宏光樓,"Shop 11B, G/F, Wang Kwong Building, Kowloon Bay*",香港牛頭角道33號宏光樓地下11B鋪洗衣店*,,00:00-23:59,00:00-23:59 周六:00:00-23:59 周日:00:00-23:59 節假日:00:00-23:59,22.325974,114.21513,Kwun Tong District,觀塘區,Kowloon Bay,九龍灣,locker,"3,5,6,7",false
H852H010P,"SF Locker Kai Hong House, Kai Tai Court, Kowloon Bay",自助櫃 九龍灣啟泰苑啟康閣,"G/F, Kai Hong House, Kai Tai Court, Kowloon Bay(Residents only)*",九龍灣啟泰苑啟康閣地下(只供住戶使用)*,,00:00-23:59,00:00-23:59 周六:00:00-23:59 周日:00:00-23:59 節假日:00:00-23:59,22.328146,114.210606,Kwun Tong District,觀塘區,Kowloon Bay,九龍灣,locker,"3,5,6,7",false
H852H015P,"SF Locker Ngau Tau Kok Lee Kee Building, Ngau Tau Kok",自助櫃 牛頭角利基大廈,"G/F, Lee Kee Building, Ngau Tau Kok *",牛頭角利基大廈地下(英皇教育左邊電梯口)*,,10:00-22:00,10:00-22:00 周六:10:00-22:00 周日:10:00-22:00 節假日:10:00-22:00,22.32573,114.215318,Kwun Tong District,觀塘區,Kowloon Bay,九龍灣,locker,"3,5,6,7",false
H852H017P,"SF Locker 1/F, Choi Hay House, Choi Fook Estate,Ngau Tau Kok, KLN",自助櫃 彩福邨,"1/F, Choi Hay House, Choi Fook Estate, Ngau Tau Kok*",牛頭角彩福邨彩喜樓一樓*,,00:00-23:59,00:00-23:59 周六:00:00-23:59 周日:00:00-23:59 節假日:00:00-23:59,22.327383,114.216864,Kwun Tong District,觀塘區,Kowloon Bay,九龍灣,locker,"3,6,7",false
H852H022P,"SF Locker De Novo, Kai Tak",自助櫃 啟德煥然壹居,"G/F, Block H3, De Novo, Kai Tak, KLN(Residents only)*",啟德煥然壹居H3座地下會議室門外住戶使用*,,00:00-23:59,00:00-23:59 周六:00:00-23:59 周日:00:00-23:59 節假日:00:00-23:59,22.331312,114.202206,Kowloon City District,九龍城區,Kai Tak,啟德,locker,"3,6,7",false
H852H024P,"SF Locker Shop A006, G/F, Ching Long Shopping Centre,  Kai Tak, KLN",自助櫃 啟德晴朗商場地下A006號鋪,"Shop A006, G/F, Ching Long Shopping Centre, Kai Tak*",啟德晴朗商場地下A006號鋪(面向大門)*,,00:00-23:59,00:00-23:59 周六:00:00-23:59 周日:00:00-23:59 節假日:00:00-23:59,22.331512,114.203167,Kowloon City District,九龍城區,Kai Tak,啟德,locker,"3,6,7",false
H852H028P,"SF Locker Telford Plaza II, Kowloon Bay",自助櫃 九龍灣德福廣場二期,"Kiosk No.2, 8/F, Telford Plaza II, Kowloon Bay*",九龍灣德福廣場二期8樓*,,11:00-20:00,11:00-20:00 周六:11:00-20:00 周日:11:00-20:00 節假日:11:00-20:00,22.321208,114.213885,Kwun Tong District,觀塘區,Kowloon Bay,九龍灣,locker,"3,5,6,7",false
H852H029P,"SF Locker Locker No.2, TBG Mall, Kowloon Bay",自助櫃 九龍灣得寶商場(二號櫃),"Locker No.2, Shop 209, 1/F, TBG Mall, Kowloon Bay*",九龍灣得寶商場一樓TA02鋪二櫃順豐站左側*,,08:00-23:00,08:00-23:00 周六:08:00-23:00 周日:08:00-23:00 節假日:08:00-23:00,22.326882,114.214678,Kwun Tong District,觀塘區,Kowloon Bay,九龍灣,locker,"3,5,6,7",false
H852H030P,"SF Locker G/F, Ching Long Shopping Centre",自助櫃 九龍啟德晴朗商場地下,"Locker No.2, Shop A006, G/F, Ching Long Shopping Centre,  Kai Tak*",啟德晴朗商場地下A006號鋪二號櫃大門側*,,00:00-23:59,00:00-23:59 周六:00:00-23:59 周日:00:00-23:59 節假日:00:00-23:59,22.331512,114.203167,Kowloon City District,九龍城區,Kai Tak,啟德,locker,"3,6,7",false
H852H031P,"SF Locker Kai Tak, One Kai Tak (II)",自助櫃 啟德啟德一號(2期),"G/F, Block 10, One Kai Tak (II),Kai Tak (Residents only)*",啟德啟德一號2期第10座地下只供住戶使用*,,07:00-22:00,07:00-22:00 周六:07:00-22:00 周日:07:00-22:00 節假日:07:00-22:00,22.329113,114.200475,Kowloon City District,九龍城區,Kai Tak,啟德,locker,"3,5,6,7",false
H852H033P,"SF Locker Kai Tak, One Kai Tak (I)",自助櫃 啟德啟德一號1期,"G/F, Block 3, One Kai Tak (I),  Kai Tak (Residents only)*",啟德啟德一號1期低座第三座地下只供住戶使用*,,00:00-23:59,00:00-23:59 周六:00:00-23:59 周日:00:00-23:59 節假日:00:00-23:59,22.328907,114.200467,Kowloon City District,九龍城區,Kai Tak,啟德,locker,"3,5,6,7",false
H852H034P,"SF Locker 3/F, Lok Wah Commercial Centre, Ngau Tau Kok",自助櫃 牛頭角樂華商場3樓,"3/F, Lok Wah Commercial Centre, Ngau Tau Kok*",牛頭角樂華商場3樓*,,00:00-23:59,00:00-23:59 周六:00:00-23:59 周日:00:00-23:59 節假日:00:00-23:59,22.322029,114.219763,Kwun Tong District,觀塘區,Ngau Tau Kok,牛頭角,locker,"3,5,6,7",false
H852H035P,"KCity, Kai Tak",啟德嘉匯,"Car Park Lobby , B/F, K.City, Kai Tak (Residents only)*",啟德嘉匯地庫停車場大堂(只供住戶使用)*,,00:00-23:59,00:00-23:59 周六:00:00-23:59 周日:00:00-23:59 節假日:00:00-23:59,22.328606,114.201204,Kowloon City District,九龍城區,Kai Tak,啟德,partner,"3,6,7",false
H852H036P,"SF Locker Victoria Skye, Kai Tak",自助櫃 啟德天寰,"Near clubhouse lift lobby, Victoria Skye, Kai Tak (Residents only)*",啟德天寰會所升降機外(只供住戶使用)*,,00:00-23:59,00:00-23:59 周六:00:00-23:59 周日:00:00-23:59 節假日:00:00-23:59,22.329177,114.201829,Kowloon City District,九龍城區,Kai Tak,啟德,locker,"3,5,6,7",false
H852H037P,"SF Locker Block B, Tonic Industrial Centre, Kowloon Bay",自助櫃 九龍灣同力工業中心(順豐站),"G/F, Block B, Tonic Industrial Centre, Kowloon Bay *",九龍灣同力工業中心B座地下(順豐站)*,,00:00-23:59,00:00-23:59 周六:00:00-23:59 周日:00:00-23:59 節假日:00:00-23:59,22.32473,114.21041,Kwun Tong District,觀塘區,Kowloon Bay,九龍灣,locker,"3,6,7",false
H852HB02P,"Ngau Tau Kok Road, Ngau Tau Kok",自助櫃 牛頭角牛頭角道,"Bus Terminus (Near Amoy Garden), Ngau Tau Kok Road*",牛頭角道巴士總站(近淘大商場斑馬線)*,,00:00-23:59,00:00-23:59 周六:00:00-23:59 周日:00:00-23:59 節假日:00:00-23:59,22.323169,114.216588,Kwun Tong District,觀塘區,Ngau Tau Kok,牛頭角,station,"3,5,6,7",false
H852HB05P,"SF Locker 1/F, On Kay Commercial Centre, Ngau Tau Kok",自助櫃 牛頭角安基商場一樓(一號櫃),"Locker No.1, Shop No.131A, 1/F, On Kay Commercial Centre, Ngau Tau Kok*",牛頭角安基商場一樓131A號鋪一號櫃*,,00:00-23:59,00:00-23:59 周六:00:00-23:59 周日:00:00-23:59 節假日:00:00-23:59,22.322443,114.217222,Kwun Tong District,觀塘區,Ngau Tau Kok,牛頭角,locker,"3,6,7",false
H852HB06P,"SF Locker 1/F, On Kay Commercial Centre, Ngau Tau Kok",自助櫃 牛頭角安基商場一樓(二號櫃),"Locker No.2, Shop No.131A, 1/F, On Kay Commercial Centre, Ngau Tau Kok*",牛頭角安基商場一樓131A號鋪二號櫃*,,00:00-23:59,00:00-23:59 周六:00:00-23:59 周日:00:00-23:59 節假日:00:00-23:59,22.322443,114.217222,Kwun Tong District,觀塘區,Ngau Tau Kok,牛頭角,locker,"3,6,7",false
H852HC01P,"SF Locker  K.SUMMIT, Kai Tak",自助櫃 啟德嘉峯匯,"Clubhouse, 1/F, K.SUMMIT, Kai Tak (Residents only)*",啟德嘉峯匯一樓會所(只供住戶使用)*,,00:00-23:59,00:00-23:59 周六:00:00-23:59 周日:00:00-23:59 節假日:00:00-23:59,22.3271198,114.199012,Kowloon City District,九龍城區,Kai Tak,啟德,locker,"3,5,6,7",false
H852HC02P,"Cullinan Sky, Kai Tak",自助櫃 啟德天璽天,"Near Motor Cycle Parking Space, B3/F, Cullinan Sky, Kai Tak(Residents only)*",啟德天璽天B3停車場電單車停車位旁(只供住戶使用)*,,00:00-23:59,00:00-23:59 周六:00:00-23:59 周日:00:00-23:59 節假日:00:00-23:59,22.332365,114.19982,Kowloon City District,九龍城區,Kai Tak,啟德,partner,"3,6,7",false
H852HD01P,"SF Locker Oasis Kai Tak, Kai Tak",自助櫃 啟德Oasis Kai Tak(只供住戶使用),"1/F of Club House, Oasis Kai Tak, Kai Tak(Residents only)*",啟德Oasis Kai Tak會所(只供住戶使用)*,,00:00-23:59,00:00-23:59 周六:00:00-23:59 周日:00:00-23:59 節假日:00:00-23:59,22.329065,114.199784,Kowloon City District,九龍城區,Kai Tak,啟德,locker,"3,5,6,7",false
H852HD02P,"SF Locker One Victoria, Kai Tak",自助櫃 啟德維港1號,"Next to Parking spaceV8 , Basement Carpark, One Victoria, Kai Tak(Residents only)*",啟德維港1號地庫停車場V8車位旁供住戶使用*,,00:00-23:59,00:00-23:59 周六:00:00-23:59 周日:00:00-23:59 節假日:00:00-23:59,22.313141,114.206993,Kowloon City District,九龍城區,Kai Tak,啟德,locker,"3,5,6,7",false
H852HD03P,"Vibe Centro , Kai Tak",自助櫃 啟德龍譽,"Relaxing Room, G/F, Club House, Vibe Centro , Kai Tak(Residents only)*",啟德龍譽會所地下閑息室內(只供住戶使用)*,,00:00-23:59,00:00-23:59 周六:00:00-23:59 周日:00:00-23:59 節假日:00:00-23:59,22.327775,114.201102,Kowloon City District,九龍城區,Kai Tak,啟德,partner,"3,6,7",false
H852HD04P,"Monaco,Kai Tak",自助櫃 啟德Monaco,"Near Tower 1A&1B, Basement Carpark, Monaco, Kai Tak(Residents only)*",啟德Monaco地庫停車場近第1A&1B座對出位置(只供住戶使用)*,,00:00-23:59,00:00-23:59 周六:00:00-23:59 周日:00:00-23:59 節假日:00:00-23:59,22.326559,114.200545,Kowloon City District,九龍城區,Kai Tak,啟德,station,"5,3,6,7",false
H852HD05P,"Upper River Bank, Kai Tak",自助櫃 啟德尚‧珒溋,"Estate Main Entrance, G/F, Block 2, Upper River Bank, Kai Tak(Residents only)*",啟德尚‧珒溋二座地下(近屋苑出入口位置)(只供住戶使用)*,,00:00-23:59,00:00-23:59 周六:00:00-23:59 周日:00:00-23:59 節假日:00:00-23:59,22.327524,114.199293,Kowloon City District,九龍城區,Kai Tak,啟德,partner,"3,6,7",false
H852HD06P,Monaco One,自助櫃 啟德Monaco One,"Near Mansion B, Basement Carpark, Monaco One, Kai Tak(Residents only)*",啟德Monaco One地庫停車場Mansion B對出位置(只供住戶使用)*,,00:00-23:59,00:00-23:59 周六:00:00-23:59 周日:00:00-23:59 節假日:00:00-23:59,22.326702,114.199453,Kowloon City District,九龍城區,Kai Tak,啟德,partner,"3,6,7",false
H852HD07P,"Henley Park, Kai Tak",自助櫃 啟德Henley Park,"Next to Loading Area, B1/F, Henley Park, Kai Tak(Residents only)*",啟德Henley Park B1層停車場上落貨區旁(只供住戶使用)*,,00:00-23:59,00:00-23:59 周六:00:00-23:59 周日:00:00-23:59 節假日:00:00-23:59,22.32605,114.19933,Kowloon City District,九龍城區,Kai Tak,啟德,station,"3,5,6,7",false
H852HD08P,"Locker No.2, Basement Carpark, One Victoria",自助櫃 啟德維港1號地庫停車場(二號櫃),"Locker No.2, Next to Parking space V8 , Basement Carpark, One Victoria, Kai Tak(Residents only)*",啟德維港1號地庫停車場V8車位旁二號櫃(只供住戶使用)*,,00:00-23:59,00:00-23:59 周六:00:00-23:59 周日:00:00-23:59 節假日:00:00-23:59,22.313292,114.206837,Kowloon City District,九龍城區,Kai Tak,啟德,station,"3,5,6,7",false
H852HD09P,"Miami Quay, Kai Tak",自助櫃 啟德Miami Quay,"Next to Gym, G/F, Miami Quay, Kai Tak(Residentsonly)*",啟德Miami Quay會所地下健身室旁(只供住戶使用)*,,00:00-23:59,00:00-23:59 周六:00:00-23:59 周日:00:00-23:59 節假日:00:00-23:59,22.312653,114.207745,Kowloon City District,九龍城區,Kai Tak,啟德,station,"3,5,6,7",false
H852HD10P,"KT MARINA, Kai Tak",自助櫃 啟德啟德海灣,"Carpark, B1/F, KT MARINA, Kai Tak(Residents only)*",啟德啟德海灣地庫停車場(只供住戶使用)*,,00:00-23:59,00:00-23:59 周六:00:00-23:59 周日:00:00-23:59 節假日:00:00-23:59,22.315561,114.20455,Kowloon City District,九龍城區,Kai Tak,啟德,station,"3,5,6,7",false
H852HD11P,"Kai Tak Mall 2, Kai Tak Sports Park",自助櫃 啟德啟德體育園零售館2期順豐站(一號櫃),"Locker No.1, Shop No. M2-205, Level 2, Kai Tak Mall 2, Kai Tak Sports Park, Kai Tak*",啟德啟德體育園零售館2期2樓M2-205鋪順豐站一號櫃*,,10:00-22:00,10:00-22:00 周六:10:00-22:00 周日:10:00-22:00 節假日:10:00-22:00,22.325677,114.197036,Kowloon City District,九龍城區,Kai Tak,啟德,partner,"3,6,7",false
H852HD12P,"Kai Tak Mall 2, Kai Tak Sports Park",自助櫃 啟德啟德體育園零售館2期(順豐站)(二號櫃),"Locker No.2, Shop No. M2-205, Level 2, Kai Tak Mall 2, Kai Tak Sports Park, Kai Tak*",啟德啟德體育園零售館2期2樓M2-205鋪順豐站二號櫃*,,10:00-22:00,10:00-22:00 周六:10:00-22:00 周日:10:00-22:00 節假日:10:00-22:00,22.325677,114.197036,Kowloon City District,九龍城區,Kai Tak,啟德,partner,"3,6,7",false
H852HD13P,"Kai Tak Mall 2, Kai Tak Sports Park",自助櫃 啟德啟德體育園零售館2期(順豐站)(三號櫃),"Locker No.3, Shop No. M2-205, Level 2, Kai Tak Mall 2, Kai Tak Sports Park, Kai Tak*",啟德啟德體育園零售館2期2樓M2-205鋪順豐站三號櫃*,,10:00-22:00,10:00-22:00 周六:10:00-22:00 周日:10:00-22:00 節假日:10:00-22:00,22.325677,114.197036,Kowloon City District,九龍城區,Kai Tak,啟德,partner,"3,6,7",false
H852HD14P,"Kai Tak Mall 2, Kai Tak Sports Park",自助櫃 啟德啟德體育園零售館2期(順豐站)(四號櫃),"Locker No.4, Shop No. M2-205, Level 2, Kai Tak Mall 2, Kai Tak Sports Park, Kai Tak*",啟德啟德體育園零售館2期2樓M2-205鋪順豐站四號櫃*,,10:00-22:00,10:00-22:00 周六:10:00-22:00 周日:10:00-22:00 節假日:10:00-22:00,22.325677,114.197036,Kowloon City District,九龍城區,Kai Tak,啟德,partner,"3,6,7",false
H852HD15P,"Kai Tak Mall 2, Kai Tak Sports Park",自助櫃 啟德啟德體育園零售館2期(順豐站)(五號櫃),"Locker No.5, Shop No. M2-205, Level 2, Kai Tak Mall 2, Kai Tak Sports Park, Kai Tak*",啟德啟德體育園零售館2期2樓M2-205鋪順豐站五號櫃*,,10:00-22:00,10:00-22:00 周六:10:00-22:00 周日:10:00-22:00 節假日:10:00-22:00,22.325677,114.197036,Kowloon City District,九龍城區,Kai Tak,啟德,partner,"3,6,7",false
H852HD16P,"The Pavilia Forest, Kai Tak",自助櫃 啟德柏蔚森,"Loading Area, B1/F, The Pavilia Forest, Kai Tak(Residents only)*",啟德柏蔚森地庫卸貨區(只供住戶使用)*,,00:00-23:59,00:00-23:59 周六:00:00-23:59 周日:00:00-23:59 節假日:00:00-23:59,22.310826,114.209525,Kowloon City District,九龍城區,Kai Tak,啟德,station,"3,5,6,7",false
H852HD17P,"Cullinan Harbour, Kai Tak",自助櫃 啟德天璽·海,"Carpark, B1/F, Cullinan Harbour, Kai Tak(Residents only)*",啟德天璽·海地庫一層停車場(只供住戶使用)*,,00:00-23:59,00:00-23:59 周六:00:00-23:59 周日:00:00-23:59 節假日:00:00-23:59,22.311456,114.207258,Kowloon City District,九龍城區,Kai Tak,啟德,station,"3,5,6,7",false
H852HD18P,"SF Lokcer Pano Harbour, Kai Tak",自助櫃 啟德沄璟,"Lift Lobby, B3/F, Pano Harbour, Kai Tak(Residents only)*",啟德沄璟B3層升降機大堂(只供住戶使用)*,,00:00-23:59,00:00-23:59 周六:00:00-23:59 周日:00:00-23:59 節假日:00:00-23:59,22.313356,114.205275,Kowloon City District,九龍城區,Kai Tak,啟德,station,"3,5,6,7",false
H852J002P,"SF Locker 1/F, Lok Fu Plaza, Lok Fu",自助櫃 樂富樂富廣場1樓,"1/F , Lok Fu Plaza, Lok Fu*",樂富廣場樂富市集 (D006號鋪對面)*,,10:00-22:00,10:00-22:00 周六:10:00-22:00 周日:10:00-22:00 節假日:10:00-22:00,22.338441,114.186984,Wong Tai Sin District,黃大仙區,Lok Fu,樂富,locker,"3,7,6,5",false
H852J008P,"SF Locker Choi Hung Estate, Ngau Chi Wan",自助櫃 牛池灣彩虹邨,"G/F, Kam Pik Market, Choi Hung Estate,  Ngau Chi Wan*",香港彩虹彩虹邨金碧樓街市地下中央通道報告板*,,00:00-23:59,00:00-23:59 周六:00:00-23:59 周日:00:00-23:59 節假日:00:00-23:59,22.33534,114.2054,Wong Tai Sin District,黃大仙區,Choi Hung,彩虹,locker,"3,7,6",false
H852J010P,"SF Locker 2/F, Lok Fu Plaza, Lok Fu",自助櫃 樂富樂富廣場2樓,"LK04, 2/F,  Lok Fu Plaza, Lok Fu*",樂富廣場2樓 (煤氣公司側)*,,10:00-22:00,10:00-22:00 周六:10:00-22:00 周日:10:00-22:00 節假日:10:00-22:00,22.338417,114.186978,Wong Tai Sin District,黃大仙區,Lok Fu,樂富,locker,"3,7,6,5",false
H852J011P,"SF Locker Lions Rise Mall, Wong Tai Sin",自助櫃 黃大仙現崇山商場,"2/F, Lions Rise Mall, Wong Tai Sin*",黃大仙現崇山商場2樓(近扶手電梯)*,,08:00-23:00,08:00-23:00 周六:08:00-23:00 周日:08:00-23:00 節假日:08:00-23:00,22.340515,114.197398,Wong Tai Sin District,黃大仙區,Wong Tai Sin,黃大仙,locker,"3,5,6,7",false
H852J013P,"SF Locker Tin Ma Court Commercial Centre, Wong Tai Sin",自助櫃 黃大仙天馬苑商場,"1/F, Tin Ma Court Commercial Centre, Wong Tai Sin*",黃大仙天馬苑商場1樓*,,07:00-22:00,07:00-22:00 周六:07:00-22:00 周日:07:00-22:00 節假日:07:00-22:00,22.342908,114.187241,Wong Tai Sin District,黃大仙區,Wong Tai Sin,黃大仙,locker,"3,7,6,5",false
H852J014P,"SF Locker Locker No.1, Tsz On Court, Tsz Wan Shan",自助櫃 慈雲山慈安苑(一號櫃),"Locker No.1, G/F, On Hong Houes, Tsz On Court , Tsz Wan Shan*",香港慈雲山慈安苑安康閣地下一號櫃*,,00:00-23:59,00:00-23:59 周六:00:00-23:59 周日:00:00-23:59 節假日:00:00-23:59,22.348375,114.201303,Wong Tai Sin District,黃大仙區,Tsz Wan Shan,慈雲山,locker,"5,3,7,6",false
H852J015P,"SF Locker Locker No.1, King Shan Court, Ngau Chi Wan",自助櫃 牛池灣瓊山苑(一號櫃),"Locker No.1, G/F, Block F, King Shan Court, Ngau Chi Wan*",牛池灣瓊山苑F座地下一號櫃往富山邨方向通道*,,00:00-23:59,00:00-23:59 周六:00:00-23:59 周日:00:00-23:59 節假日:00:00-23:59,22.3413038,114.210896,Wong Tai Sin District,黃大仙區,Ngau Chi Wan,牛池灣,locker,"3,5,6,7",false
H852J016P,SF Locker Kingsford Terrace Shopping Centre,自助櫃 牛池灣嘉峰台商場,"Near Shop P17A, 1/F,Kingsford Terrace Shopping Centre, Ngau Chi Wan*",牛池灣嘉峰台商場一樓(P17A鋪對面)*,,06:30-23:00,06:30-23:00 周六:06:30-23:00 周日:06:30-23:00 節假日:06:30-23:00,22.340655,114.210471,Wong Tai Sin District,黃大仙區,Ngau Chi Wan,牛池灣,locker,"3,5,6,7",false
H852J017P,"SF Locker 10 Ngan Fung Street, Wong Tai Sin",自助櫃 黃大仙銀鳳街10號(2洗3洗衣店),"Shop A, G/F, 10 Ngan Fung Street, Wong Tai Sin*",黃大仙銀鳳街10號地下A鋪(洗衣店內)*,,00:00-23:59,00:00-23:59 周六:00:00-23:59 周日:00:00-23:59 節假日:00:00-23:59,22.344188,114.198054,Wong Tai Sin District,黃大仙區,Tsz Wan Shan,慈雲山,locker,"3,5,6,7",false
H852J018P,"SF Locker Block 1, Tsui Chuk Garden, Wong Tai Sin",自助櫃 黃大仙翠竹花園1座,"Basement, Block 1, Tsui Chuk Garden, Wong Tai Sin(Residents only)*",黃大仙翠竹花園第1座地下(只供住戶使用)*,,00:00-23:59,00:00-23:59 周六:00:00-23:59 周日:00:00-23:59 節假日:00:00-23:59,22.345915,114.188864,Wong Tai Sin District,黃大仙區,Wong Tai Sin,黃大仙,locker,"3,7,6,5",false
H852J019P,"SF Locker Swimming Pool Car Park Entrance, Tsui Chuk Garden, Wong Tai Sin",自助櫃 黃大仙翠竹花園游泳池停車場入口,"Swimming Pool Car Park Entrance, Tsui Chuk Garden, Wong Tai Sin(Residents only)*",黃大仙翠竹花園游泳池停車場入口(只供住戶使用)*,,00:00-23:59,00:00-23:59 周六:00:00-23:59 周日:00:00-23:59 節假日:00:00-23:59,22.346347,114.186959,Wong Tai Sin District,黃大仙區,Wong Tai Sin,黃大仙,locker,"3,5,6,7",false
H852J020P,"SF Locker Locker No.2, Tsz On Court, Tsz Wan Shan",自助櫃 慈雲山慈安苑(二號櫃),"Locker No.2, G/F, On Hong House, Tsz On Court, Tsz Wan Shan*",香港慈雲山慈安苑安康閣地下二號櫃*,,00:00-23:59,00:00-23:59 周六:00:00-23:59 周日:00:00-23:59 節假日:00:00-23:59,22.348167,114.201252,Wong Tai Sin District,黃大仙區,Tsz Wan Shan,慈雲山,locker,"5,3,7,6",false
H852J024P,"SF Locker King Hin Court, Ngau Chi Wan",自助櫃 牛池灣瓊軒苑,"G/F, King Hin Court, 1 King Tung Street, Ngau Chi Wan*",牛池灣瓊軒苑地下*,,00:00-23:59,00:00-23:59,22.341337,114.208977,Wong Tai Sin District,黃大仙區,Ngau Chi Wan,牛池灣,locker,"3,5,6,7",false
H852J025P,"SF Locker 6 Tsui Fung Street, Wong Tai Sin(Clean Master Laundry)",自助櫃 黃大仙翠鳳街6號(凈大師自助洗衣洗衣店),"G/F, 6 Tsui Fung Street, Wong Tai Sin*",黃大仙翠鳳街6號地下(凈大師自助洗衣)*,,00:00-23:59,00:00-23:59 周六:00:00-23:59 周日:00:00-23:59 節假日:00:00-23:59,22.344716,114.196573,Wong Tai Sin District,黃大仙區,Wong Tai Sin,黃大仙,locker,"3,7,6,5",false
H852J027P,"SF Locker Scenic View, Ngau Chi Wan",自助櫃 牛池灣曉暉花園,"Between Block 3 & 5, P2, Scenic View, Ngau Chi Wan(Residents only)*",彩虹曉暉花園3座及5座P2層只供住戶使用*,,00:00-23:59,00:00-23:59 周六:00:00-23:59 周日:00:00-23:59 節假日:00:00-23:59,22.337484,114.215354,Wong Tai Sin District,黃大仙區,Ngau Chi Wan,牛池灣,locker,"3,5,6,7",false
H852J039P,"SF Locker Chung Yuen House, Chuk Yuen North Estate, Wong Tai Sin",自助櫃 黃大仙竹園北邨松園樓,"G/F, Chung Yuen House, Chuk Yuen North Estate, Wong Tai Sin*",香港黃大仙竹園北邨松園樓地下*,,00:00-23:59,00:00-23:59 周六:00:00-23:59 周日:00:00-23:59 節假日:00:00-23:59,22.345811,114.191688,Wong Tai Sin District,黃大仙區,Wong Tai Sin,黃大仙,locker,"3,7,6,5",false
H852J040P,"SF Locker Mui Yuen House, Chuk Yuen North Estate, Wong Tai Sin",自助櫃 黃大仙竹園北邨梅園樓地下,"G/F, Mui Yuen House, Chuk Yuen North Estate, Wong Tai Sin*",香港黃大仙竹園北邨梅園樓*,,00:00-23:59,00:00-23:59 周六:00:00-23:59 周日:00:00-23:59 節假日:00:00-23:59,22.345802,114.195383,Wong Tai Sin District,黃大仙區,Wong Tai Sin,黃大仙,locker,"3,7,6,5",false
H852J041P,"SF Locker Locker No.2, G/F, Block F, King Shan Court, Ngau Chi Wan",自助櫃 牛池灣瓊山苑F座地下(二號櫃),"Locker No.2, G/F, Block F, King Shan Court, Ngau Chi Wan*",牛池灣瓊山苑F座地下二號櫃往富山邨方向通道*,,00:00-23:59,00:00-23:59 周六:00:00-23:59 周日:00:00-23:59 節假日:00:00-23:59,22.342128,114.210623,Wong Tai Sin District,黃大仙區,Ngau Chi Wan,牛池灣,locker,"3,7,6,5",false
H852J043P,"SF Locker 1/F, Chuk Yuen Shopping Centre, Wong Tai Sin",自助櫃 黃大仙竹園廣場1樓,"1/F, Chuk Yuen Shopping Centre, Wong Tai Sin*",黃大仙竹園廣場1樓*,,00:00-23:59,00:00-23:59 周六:00:00-23:59 周日:00:00-23:59 節假日:00:00-23:59,22.345034,114.193482,Wong Tai Sin District,黃大仙區,Wong Tai Sin,黃大仙,locker,"3,5,6,7",false
H852J044P,"SF Locker Locker No.1, Yue Xiu Plaza, San Po Kong",自助櫃 新蒲崗越秀廣場(一號櫃),"Locker No.1, Shop 205, 2/F, Yue Xiu Plaza, San Po Kong*",新蒲崗越秀廣場二樓205號鋪*,,08:00-23:30,08:00-23:30 周六:08:00-23:30 周日:08:00-23:30 節假日:08:00-23:30,22.333703,114.19572,Wong Tai Sin District,黃大仙區,San Po Kong,新蒲崗,locker,"3,5,6,7",false
H852J045P,"SF Locker Locker No.2, Yue Xiu Plaza, San Po Kong",自助櫃 新蒲崗越秀廣場(二號櫃),"Locker No.2, Shop 205, 2/F, Yue Xiu Plaza, San Po Kong*",新蒲崗越秀廣場二樓205鋪二號櫃*,,08:00-23:30,08:00-23:30 周六:08:00-23:30 周日:08:00-23:30 節假日:08:00-23:30,22.333702,114.195721,Wong Tai Sin District,黃大仙區,San Po Kong,新蒲崗,locker,"5,3,7,6",false
H852J047P,"SF Locker Incorporated Owners Communication Room, G/F, Block A, Kai Lai Court, Ngau Chi Wan",自助櫃 牛池灣瓊麗苑,"Incorporated Owners Communication Room, G/F, Block A, Kai Lai Court, Ngau Chi Wan(Residents only)*",牛池灣瓊麗苑A座地下法團通訊處對出住戶使用*,,00:00-23:59,00:00-23:59 周六:00:00-23:59 周日:00:00-23:59 節假日:00:00-23:59,22.341592,114.211051,Wong Tai Sin District,黃大仙區,Ngau Chi Wan,牛池灣,locker,"3,5,6,7",false
H852J049P,"SF Locker Locker No.1, 2/F, Choi Wan Commerical Complex, Ngau Chi Wan",自助櫃 牛池灣彩雲商場二樓(一號櫃),"Locker No.1, Shop No. B212, 2/F, Choi Wan Commerical Complex, Ngau Chi Wan*",牛池灣彩雲商場2樓B212鋪一號櫃*,,00:00-23:59,00:00-23:59 周六:00:00-23:59 周日:00:00-23:59 節假日:00:00-23:59,22.33376,114.215225,Wong Tai Sin District,黃大仙區,Choi Hung,彩虹,locker,"3,5,6,7",false
H852J050P,"SF Locker Locker No.2, 2/F, Choi Wan Commerical Complex, Ngau Chi Wan",自助櫃 牛池灣彩雲商場二樓(二號櫃),"Locker No.2, Shop No. B212, 2/F, Choi Wan Commerical Complex, Ngau Chi Wan*",牛池灣彩雲商場2樓B212鋪二號櫃*,,00:00-23:59,00:00-23:59 周六:00:00-23:59 周日:00:00-23:59 節假日:00:00-23:59,22.333745,114.215188,Wong Tai Sin District,黃大仙區,Choi Hung,彩虹,locker,"3,5,6,7",false
H852J051P,"SF Locker Locker No.3, 2/F, Choi Wan Commerical Complex, Ngau Chi Wan",自助櫃 牛池灣彩雲商場2樓(三號櫃),"Locker No.3, Shop No. B212, 2/F, Choi Wan Commerical Complex, Ngau Chi Wan*",牛池灣彩雲商場2樓B212鋪(三號智能櫃)*,,00:00-23:59,00:00-23:59 周六:00:00-23:59 周日:00:00-23:59 節假日:00:00-23:59,22.333752,114.215213,Wong Tai Sin District,黃大仙區,Choi Hung,彩虹,locker,"3,5,6,7",false
H852J052P,"SF Locker Locker No.4, 2/F, Choi Wan Commerical Complex, Ngau Chi Wan",自助櫃 牛池灣彩雲商場2樓(四號櫃),"Locker No.4, Shop No. B212, 2/F, Choi Wan Commerical Complex, Ngau Chi Wan*",牛池灣彩雲商場2樓B212鋪四號櫃*,,00:00-23:59,00:00-23:59 周六:00:00-23:59 周日:00:00-23:59 節假日:00:00-23:59,22.33375,114.215204,Wong Tai Sin District,黃大仙區,Choi Hung,彩虹,locker,"3,5,6,7",false
H852J054P,"SF Locker L1, Lung Poon Court Shopping Centre, Lok Fu",自助櫃 鑽石山龍蟠苑商場1樓,"Outside Shop 110, L1, Lung Poon Court Shopping Centre, Diamond Hill*",鑽石山龍蟠苑商埸1樓(110鋪外)*,,00:00-23:59,00:00-23:59 周六:00:00-23:59 周日:00:00-23:59 節假日:00:00-23:59,22.342006,114.200384,Wong Tai Sin District,黃大仙區,Diamond Hill,鑽石山,locker,"3,7,6",false
H852J055P,"SF Locker Aria, Ngau Chi Wan",自助櫃 牛池灣峻弦,"ARIA Loading Bay Passage, G/F, Aria, Ngau Chi Wan (Residents Only)*",牛池灣峻弦地下卸貨區通道(只供住戶使用)*,,00:00-23:59,00:00-23:59,22.339274,114.2138,Wong Tai Sin District,黃大仙區,Ngau Chi Wan,牛池灣,locker,"3,5,6,7",false
H852J056P,"SF Locker G/F, Block 9,Tsui Chuk Garden, Wong Tai Sin",自助櫃 黃大仙翠竹花園9座地下,"G/F, Block 9, Tsui Chuk Garden, Wong Tai Sin (Residents only)*",黃大仙翠竹花園9座地下(只供住戶使用)*,,00:00-23:59,00:00-23:59 周六:00:00-23:59 周日:00:00-23:59 節假日:00:00-23:59,22.347069,114.186769,Wong Tai Sin District,黃大仙區,Wong Tai Sin,黃大仙,locker,"3,7,6,5",false
H852J059P,"SF Locker C+ Laundry,G/F,65 Wan Fung Street, Wong Tai Sin",自助櫃 黃大仙環鳯街65號地下(C+ Laundry),"C+ Laundry, G/F, 65 Wan Fung Street, Wong Tai Sin *",黃大仙環鳯街65號地下洗衣店內*,,00:00-23:59,00:00-23:59 周六:00:00-23:59 周日:00:00-23:59 節假日:00:00-23:59,22.346067,114.198363,Wong Tai Sin District,黃大仙區,Tsz Wan Shan,慈雲山,locker,"5,3,6,7",false
H852J061P,"SF Locker Hong Keung Court, Lok Fu",自助櫃 樂富康強苑,"G/F, Hong Keung Court, Lok Fu *",樂富康強苑地下*,,00:00-23:59,00:00-23:59 周六:00:00-23:59 周日:00:00-23:59 節假日:00:00-23:59,22.337145,114.189399,Wong Tai Sin District,黃大仙區,Lok Fu,樂富,locker,"3,7,6,5",false
H852J065P,"SF Locker Fung Tak Shopping Centre, Diamond Hill",自助櫃 鑽石山鳳德商場,"2/F, Fung Tak Shopping Centre, Diamond Hill *",鑽石山鳳德商場二樓(KFC對面)*,,00:00-23:59,00:00-23:59 周六:00:00-23:59 周日:00:00-23:59 節假日:00:00-23:59,22.343961,114.200492,Wong Tai Sin District,黃大仙區,Diamond Hill,鑽石山,locker,"5,3,7,6",false
H852J066P,"SF Locker 3/F, Lok Fu Place",自助櫃 樂富樂富廣場A區三樓,"Site No. LK06, 3/F, Lok Fu Place, Lok Fu *",樂富廣場A區三樓LK06(醫務中心側)*,,07:00-23:00,07:00-23:00,22.338331,114.187237,Wong Tai Sin District,黃大仙區,Lok Fu,樂富,locker,"3,5,6,7",false
H852J067P,"SF Locker Tropicana Gardens, Wong Tai Sin",自助櫃 黃大仙翔盈里,"Beside Shop 8 at Back Lane of Cheung Ying Alley, Tropicana Gardens, Wong Tai Sin*",黃大仙翔盈里商場洗手間旁*,,06:00-22:00,06:00-22:00 周六:06:00-22:00 周日:06:00-22:00 節假日:06:00-22:00,22.342076,114.197147,Wong Tai Sin District,黃大仙區,Wong Tai Sin,黃大仙,locker,"3,5,6,7",false
H852J069P,"Temple Mall North, Wong Tai Sin",自助櫃 黃大仙黃大仙中心北館,"2/F, Temple Mall North, Wong Tai Sin*",黃大仙區黃大仙中心北館二樓*,,06:00-23:00,06:00-23:00 周六:06:00-23:00 周日:06:00-23:00 節假日:06:00-23:00,22.341957,114.192988,Wong Tai Sin District,黃大仙區,Wong Tai Sin,黃大仙,partner,"3,6,7",false
H852J072P,"Locker No.2, Shop P17A, 1/F, 8 King Tung Street, Ngau Chi Wan",自助櫃 牛池灣嘉峰台商場一樓(二號櫃),"Locker No.2,Shop P17A, 1/F, 8 King Tung Street, Ngau Chi Wan*",牛池灣嘉峰台商場一樓(P17A鋪對面)二號櫃*,,06:30-23:00,06:30-23:00 周六:06:30-23:00 周日:06:30-23:00 節假日:06:30-23:00,22.340615,114.210435,Wong Tai Sin District,黃大仙區,Ngau Chi Wan,牛池灣,station,"3,5,6,7",false
H852J073P,"Lok Fu Place, Lok Fu",自助櫃 樂富樂富廣場B區地下,"Next to Bank of China (Hong Kong),G,F, Lok Fu Place, Lok Fu 	*",樂富樂富廣場B區地下(中國銀行旁)*,,00:00-23:59,00:00-23:59 周六:00:00-23:59 周日:00:00-23:59 節假日:00:00-23:59,22.337441,114.187895,Wong Tai Sin District,黃大仙區,Lok Fu,樂富,station,"3,5,6,7",false
H852J074P,"Tsz Oi Court Stage III, Tsz Wan Shan",自助櫃 慈雲山慈愛苑三期,"Next to Tsz Wan Shan (North) Bus Terminus, Tsz Oi Court Stage III, Tsz Wan Shan(Residents only)*",慈雲山慈愛苑三期巴士總站旁(只供住戶使用)*,,00:00-23:59,00:00-23:59 周六:00:00-23:59 周日:00:00-23:59 節假日:00:00-23:59,22.351128,114.198456,Wong Tai Sin District,黃大仙區,Tsz Wan Shan,慈雲山,station,"3,5,6,7",false
H852J075P,"Locker No.1, Shop No.410B, Tsz Wan Shan Shopping Centre, Tsz Wan Shan",自助櫃 慈雲山慈雲山中心(順豐站)(一號櫃),"Locker No.1, Shop No.410B, 4/F, Tsz Wan Shan Shopping Centre, Tsz Wan Shan*",慈雲山中心四樓410B鋪順豐站一號櫃(入門口靠左第一列)*,,08:00-23:30,08:00-23:30 周六:08:00-23:30 周日:08:00-23:30 節假日:08:00-23:30,22.3482095,114.200581,Wong Tai Sin District,黃大仙區,Tsz Wan Shan,慈雲山,partner,"3,6,7",false
H852J076P,"Locker No.2, Shop No.410B, Tsz Wan Shan Shopping Centre, Tsz Wan Shan ",自助櫃 慈雲山慈雲山中心(順豐站)(二號櫃),"Locker No.2, Shop No.410B, 4/F, Tsz Wan Shan Shopping Centre, Tsz Wan Shan*",慈雲山中心四樓410B鋪順豐站二號櫃(入門口靠左第二列)*,,08:00-23:30,08:00-23:30 周六:08:00-23:30 周日:08:00-23:30 節假日:08:00-23:30,22.3482095,114.200581,Wong Tai Sin District,黃大仙區,Tsz Wan Shan,慈雲山,partner,"3,6,7",false
H852J077P,"Locker No.3, Shop No.410B, Tsz Wan Shan Shopping Centre, Tsz Wan Shan ",自助櫃 慈雲山慈雲山中心(順豐站)(三號櫃),"Locker No.3, Shop No.410B, 4/F, Tsz Wan Shan Shopping Centre, Tsz Wan Shan*",慈雲山中心四樓410B鋪順豐站三號櫃(入門口靠左第三列)*,,08:00-23:30,08:00-23:30 周六:08:00-23:30 周日:08:00-23:30 節假日:08:00-23:30,22.3482095,114.200581,Wong Tai Sin District,黃大仙區,Tsz Wan Shan,慈雲山,partner,"3,6,7",false
H852J078P,"Locker No.4, Shop No.410B, 4/F, Tsz Wan Shan Shopping Centre, Tsz Wan Shan ",自助櫃 慈雲山慈雲山中心(順豐站)(四號櫃),"Locker No.4, Shop No.410B, 4/F, Tsz Wan Shan Shopping Centre, Tsz Wan Shan *",慈雲山中心四樓410B鋪順豐站四號櫃(入門口靠左第四列)*,,08:00-23:30,08:00-23:30 周六:08:00-23:30 周日:08:00-23:30 節假日:08:00-23:30,22.3482095,114.200581,Wong Tai Sin District,黃大仙區,Tsz Wan Shan,慈雲山,partner,"3,6,7",false
H852J079P,"Locker No.5, Shop No.410B, Tsz Wan Shan Shopping Centre, Tsz Wan Shan ",自助櫃 慈雲山慈雲山中心(順豐站)(五號櫃),"Locker No.5, Shop No.410B, 4/F, Tsz Wan Shan Shopping Centre, Tsz Wan Shan*",慈雲山中心四樓410B鋪順豐站五號櫃(入門口靠左第五列)*,,08:00-23:30,08:00-23:30 周六:08:00-23:30 周日:08:00-23:30 節假日:08:00-23:30,22.3482095,114.200581,Wong Tai Sin District,黃大仙區,Tsz Wan Shan,慈雲山,partner,"3,6,7",false
H852J080P,"Locker No.6, Shop No.410B, Tsz Wan Shan Shopping Centre, Tsz Wan Shan",自助櫃 慈雲山慈雲山中心(順豐站)(六號櫃),"Locker No.6, Shop No.410B, 4/F, Tsz Wan Shan Shopping Centre, Tsz Wan Shan*",慈雲山中心四樓410B鋪順豐站六號櫃(入門口中間位置第一列)*,,08:00-23:30,08:00-23:30 周六:08:00-23:30 周日:08:00-23:30 節假日:08:00-23:30,22.3482095,114.200581,Wong Tai Sin District,黃大仙區,Tsz Wan Shan,慈雲山,partner,"3,6,7",false
H852J081P,"Locker No.7, Shop No.410B, Tsz Wan Shan Shopping Centre, Tsz Wan Shan",自助櫃 慈雲山慈雲山中心(順豐站)(七號櫃),"Locker No.7, Shop No.410B, 4/F, Tsz Wan Shan Shopping Centre, Tsz Wan Shan*",慈雲山中心四樓410B鋪順豐站七號櫃(入門口中間位置第二列)*,,08:00-23:30,08:00-23:30 周六:08:00-23:30 周日:08:00-23:30 節假日:08:00-23:30,22.3482095,114.200581,Wong Tai Sin District,黃大仙區,Tsz Wan Shan,慈雲山,partner,"3,6,7",false
H852J082P,"Locker No.8, Shop No.410B, Tsz Wan Shan Shopping Centre, Tsz Wan Shan",自助櫃 慈雲山慈雲山中心(順豐站)(八號櫃),"Locker No.8, Shop No.410B, 4/F, Tsz Wan Shan Shopping Centre, Tsz Wan Shan*",慈雲山中心四樓410B鋪順豐站八號櫃(入門口中間位置第三列)*,,08:00-23:30,08:00-23:30 周六:08:00-23:30 周日:08:00-23:30 節假日:08:00-23:30,22.3482095,114.200581,Wong Tai Sin District,黃大仙區,Tsz Wan Shan,慈雲山,partner,"3,6,7",false
H852J083P,"Locker No.9, Shop No.410B, Tsz Wan Shan Shopping Centre, Tsz Wan Shan",自助櫃 慈雲山慈雲山中心(順豐站)(九號櫃),"Locker No.9, Shop No.410B, 4/F, Tsz Wan Shan Shopping Centre, Tsz Wan Shan*",慈雲山中心四樓410B鋪順豐站九號櫃(入門口靠右第一行)*,,08:00-23:30,08:00-23:30 周六:08:00-23:30 周日:08:00-23:30 節假日:08:00-23:30,22.3482095,114.200581,Wong Tai Sin District,黃大仙區,Tsz Wan Shan,慈雲山,partner,"3,6,7",false
H852J084P,"Locker No.10, Shop No.410B, Tsz Wan Shan Shopping Centre, Tsz Wan Shan",自助櫃 慈雲山慈雲山中心(順豐站)(十號櫃),"Locker No.10, Shop No.410B, 4/F, Tsz Wan Shan Shopping Centre, Tsz Wan Shan*",慈雲山中心四樓410B鋪順豐站十號櫃(入門口靠右第二行)*,,08:00-23:30,08:00-23:30 周六:08:00-23:30 周日:08:00-23:30 節假日:08:00-23:30,22.3482095,114.200581,Wong Tai Sin District,黃大仙區,Tsz Wan Shan,慈雲山,partner,"3,6,7",false
H852J085P,"Locker No.2, 2/F, Fung Tak Shopping Centre, Diamond Hill",自助櫃 鑽石山鳳德商場二樓(二號櫃),"Locker No.2, 2/F, Fung Tak Shopping Centre, Diamond Hill*",鑽石山鳳德商場二樓二號櫃(工商銀行提款機對面)*,,00:00-23:59,00:00-23:59 周六:00:00-23:59 周日:00:00-23:59 節假日:00:00-23:59,22.3440747,114.200749,Wong Tai Sin District,黃大仙區,Diamond Hill,鑽石山,station,"3,5,6,7",false
H852J086P,"Locker No.1, Shop No.118, G/F , Lam Shek House, Ping Shek Estate, No.2 Clear Water Bay Road, Choi Hung, Kowloon ",自助櫃 彩虹坪石邨藍石樓118號鋪(一號櫃),"Locker No.1, Shop No.118, G/F , Lam Shek House, Ping Shek Estate, Choi Hung *",彩虹坪石邨藍石樓地下118號鋪一號櫃*,,00:00-23:59,00:00-23:59,22.3328481,114.209759,Wong Tai Sin District,黃大仙區,Choi Hung,彩虹,partner,"3,6,7",false
H852J087P,"Locker No.2, Shop No.118, G/F , Lam Shek House, Ping Shek Estate, No.2 Clear Water Bay Road, Choi Hung, Kowloon ",自助櫃 彩虹坪石邨藍石樓118號鋪(二號櫃),"Locker No.2, Shop No.118, G/F , Lam Shek House, Ping Shek Estate, Choi Hung *",彩虹坪石邨藍石樓地下118號鋪二號櫃*,,00:00-23:59,00:00-23:59,22.332907,114.209818,Wong Tai Sin District,黃大仙區,Choi Hung,彩虹,partner,"3,6,7",false
H852J088P,"Locker No.3, Shop No.118, G/F , Lam Shek House, Ping Shek Estate, No.2 Clear Water Bay Road, Choi Hung, Kowloon +",自助櫃 彩虹坪石邨藍石樓118號鋪(三號櫃),"Locker No.3, Shop No.118, G/F , Lam Shek House, Ping Shek Estate, Choi Hung *",彩虹坪石邨藍石樓地下118號鋪三號櫃*,,00:00-23:59,00:00-23:59,22.332885,114.209772,Wong Tai Sin District,黃大仙區,Choi Hung,彩虹,partner,"3,6,7",false
H852J089P,"Locker No.4, Shop No.118 , Lam Shek House, Ping Shek Estate, Choi Hung",自助櫃 彩虹坪石邨藍石樓地下(四號櫃),"Locker No.4, Shop No.118, G/F , Lam Shek House, Ping Shek Estate, Choi Hung*",彩虹坪石邨藍石樓地下118號鋪四號櫃*,,00:00-23:59,00:00-23:59 周六:00:00-23:59 周日:00:00-23:59 節假日:00:00-23:59,22.3329,114.20969,Wong Tai Sin District,黃大仙區,Choi Hung,彩虹,partner,"3,6,7",false
H852K002P,"SF Locker Chatham Place, Hung Hom",自助櫃 紅磡升御商場,"1/F, Chatham Place, Hung Hom*",紅磡升御商場1樓(國際幼稚園旁)*,,09:00-22:00,09:00-22:00 周六:09:00-22:00 周日:09:00-22:00 節假日:09:00-22:00,22.311159,114.186347,Kowloon City District,九龍城區,Hung Hom,紅磡,locker,"3,7,6,5",false
H852K007P,"SF Locker Fortune Metropolis, Hung Hom",自助櫃 紅磡置富都會,"Level 8, Fortune Metropolis, Hung Hom*",紅磡置富都會8樓近彩福皇宴旁停車場出入口*,,10:00-22:00,10:00-22:00 周六:10:00-22:00 周日:10:00-22:00 節假日:10:00-22:00,22.302005,114.183604,Kowloon City District,九龍城區,Hung Hom,紅磡,locker,"3,5,6,7",false
H852K015P,"SF Locker 31 Mei King Street, To Kwa Wan(LaundrYup)",自助櫃 土瓜灣美景街31號(LaundrYup洗衣店),"G/F, 31 Mei King Street, To Kwa Wan*",九龍土瓜灣美景街31號地下洗衣店內*,,00:00-23:59,00:00-23:59 周六:00:00-23:59 周日:00:00-23:59 節假日:00:00-23:59,22.316633,114.190559,Kowloon City District,九龍城區,To Kwa Wan,土瓜灣,locker,"3,5,6,7",false
H852K019P,"SF Locker 3/F Lobby, Sky Tower, To Kwa Wan",自助櫃 土瓜灣傲雲峰三樓電梯大堂,"3/F, Lobby, Sky Tower, To Kwa Wan(Residents only)*",土瓜灣傲雲峰電梯大堂3樓(只供住戶使用)*,,00:00-23:59,00:00-23:59 周六:00:00-23:59 周日:00:00-23:59 節假日:00:00-23:59,22.3236795,114.189987,Kowloon City District,九龍城區,To Kwa Wan,土瓜灣,locker,"5,3,6,7",false
H852K020P,"SF Locker Carpark, G/F, Sky Tower, To Kwa Wan",自助櫃 土瓜灣傲雲峰停車場,"G/F, Carpark, Sky Tower, To Kwa Wan(Residents only)*",土瓜灣傲雲峰停車場(只供住戶使用)*,,00:00-23:59,00:00-23:59 周六:00:00-23:59 周日:00:00-23:59 節假日:00:00-23:59,22.3236795,114.189987,Kowloon City District,九龍城區,To Kwa Wan,土瓜灣,locker,"5,3,7,6",false
H852K031P,"SF Locker 83 Kai Tak Road, Kowloon City(LaundrYup)",自助櫃 九龍城啟德道83號(LaundrYup洗衣店),"Shop B, G/F, 83 Kai Tak Road, Kowloon City(Beside of Billionnaire Royale)*",香港啟德道83號地下(洗衣店內)*,,00:00-23:59,00:00-23:59 周六:00:00-23:59 周日:00:00-23:59 節假日:00:00-23:59,22.330762,114.192276,Kowloon City District,九龍城區,Kai Tak,啟德,locker,"3,5,6,7",false
H852K035P,"SF Locker 5-19 Ha Heung Road, To Kwa Wan(Sunshine 24)",自助櫃 土瓜灣下鄉道(Sunshine 24洗衣店),"Shop C, G/F, Yi Man Building, 5-19 Ha Heung Road, To Kwa Wan*",土瓜灣下鄉道益民大廈地下C鋪(洗衣店內)*,,00:00-23:59,00:00-23:59 周六:00:00-23:59 周日:00:00-23:59 節假日:00:00-23:59,22.316147,114.188444,Kowloon City District,九龍城區,To Kwa Wan,土瓜灣,locker,"3,5,6,7",false
H852K039P,"SF Locker Locker No. 1, On Lung Building, 17 Mei Kwong Street, To Kwa Wan",自助櫃 土瓜灣美光街17號安隆大廈(一號櫃),"Locker No.1,Shop A and B, G/F, On Lung Building, No.17 Mei Kwong Street, To Kwa Wan*",土瓜灣美光街17號地下A及B鋪一號櫃*,,00:00-23:59,00:00-23:59 周六:00:00-23:59 周日:00:00-23:59 節假日:00:00-23:59,22.317232,114.191549,Kowloon City District,九龍城區,To Kwa Wan,土瓜灣,locker,"3,5,6,7",false
H852K040P,"SF Locker Locker No. 2, On Lung Building, 17 Mei Kwong Street, To Kwa Wan",自助櫃 土瓜灣美光街17號安隆大廈(二號櫃),"Locker No.2, Shop A and B, G/F, On Lung Building, No.17 Mei Kwong Street, To Kwa Wan*",土瓜灣美光街17號地下A及B鋪(二號櫃)*,,00:00-23:59,00:00-23:59 周六:00:00-23:59 周日:00:00-23:59 節假日:00:00-23:59,22.317232,114.191549,Kowloon City District,九龍城區,To Kwa Wan,土瓜灣,locker,"5,3,6,7",false
H852K045P,"SF Locker LG/F, Ka Wai Chuen, Hung Hom",自助櫃 紅磡家維商場LG層,"LG/F, Ka Wai Chuen, Hung Hom*",紅磡家維商場LG層(近百佳超級市場)*,,00:00-23:59,00:00-23:59 周六:00:00-23:59 周日:00:00-23:59 節假日:00:00-23:59,22.308005,114.187333,Kowloon City District,九龍城區,Hung Hom,紅磡,locker,"3,6,7",false
H852K046P,"SF Locker Grand Waterfront, To Kwa Wan",自助櫃 土瓜灣翔龍灣,"Lift lobby A , 2/F, Grand Waterfront, To Kwa Wan (Residents only)*",土瓜灣翔龍灣A大堂2樓升降機大堂住戶使用*,,00:00-23:59,00:00-23:59 周六:00:00-23:59 周日:00:00-23:59 節假日:00:00-23:59,22.319241,114.193209,Kowloon City District,九龍城區,To Kwa Wan,土瓜灣,locker,"3,7,6,5",false
H852K047P,"SF Locker G/F, Shung Wah Court, To Kwa Wan(LaundrYup)",自助櫃 土瓜灣祟華閣(LaundrYup洗衣店),"Shop 8, G/F, Shung Wah Court, 17 Maidstone Lane, To Kwa Wan*",土瓜灣祟華閣地下8號鋪(洗衣店內)*,,00:00-23:59,00:00-23:59 周六:00:00-23:59 周日:00:00-23:59 節假日:00:00-23:59,22.319662,114.187129,Kowloon City District,九龍城區,To Kwa Wan,土瓜灣,locker,"3,7,6,5",false
H852K048P,"SF Locker Tak Man Building, 29 Tak Man Street, Hung Hom(LaundrYup)",自助櫃 紅磡德民街29號(LaundrYup洗衣店),"Shop C3, G/F, Tak Man Building, 29 Tak Man Street, Hung Hom*",紅磡德民街29號地下C3號鋪(洗衣店內)*,,00:00-23:59,00:00-23:59 周六:00:00-23:59 周日:00:00-23:59 節假日:00:00-23:59,22.306194,114.188273,Kowloon City District,九龍城區,Whampoa,黃埔,locker,"3,7,6,5",false
H852K050P,"SF Locker Po Yuen Mansion, 28 Bulkeley Street, Hung Hom(365 Laundry)",自助櫃 紅磡寶其利街寶源大廈(365 Laundry洗衣店),"Shop 7-8, G/F, Po Yuen Mansion, 28 Bulkeley Street, Hung Hom*",紅磡寶其利街28號寶源大廈地下(洗衣店內)*,,00:00-23:59,00:00-23:59 周六:00:00-23:59 周日:00:00-23:59 節假日:00:00-23:59,22.307514,114.184414,Kowloon City District,九龍城區,Hung Hom,紅磡,locker,"3,5,6,7",false
H852K053P,"SF Locker 3/F, Ho Man Tin Plaza, Ho Man Tin",自助櫃 何文田何文田廣場,"3/F, Ho Man Tin Plaza, Ho Man Tin*",何文田何文田廣場3樓*,,06:00-23:00,06:00-23:00 周六:06:00-23:00 周日:06:00-23:00 節假日:06:00-23:00,22.316126,114.181693,Kowloon City District,九龍城區,Ho Man Tin,何文田,locker,"3,7,6,5",false
H852K054P,"SF Locker Tower 11, Laguna Verde, Hung Hom",自助櫃 紅磡海逸豪園11座,"G/F, Tower 11, Laguna Verde, Hung Hom (Residents only)*",紅磡海逸豪園11座地下(只供住戶使用)*,,00:00-23:59,00:00-23:59 周六:00:00-23:59 周日:00:00-23:59 節假日:00:00-23:59,22.308309,114.192575,Kowloon City District,九龍城區,Hung Hom,紅磡,locker,"3,5,6,7",false
H852K055P,"SF Locker Tower 19, Laguna Verde, Hung Hom",自助櫃 紅磡海逸豪園19座,"G/F, Tower 19, Laguna Verde, Hung Hom (Residents only)*",紅磡海逸豪園19座地下(只供住戶使用)*,,00:00-23:59,00:00-23:59 周六:00:00-23:59 周日:00:00-23:59 節假日:00:00-23:59,22.307405,114.19313,Kowloon City District,九龍城區,Hung Hom,紅磡,locker,"3,5,6,7",false
H852K056P,"SF Locker Parc Palais, Ho Man Tin",自助櫃 何文田君頤峰,"Lobby, G/F, Parc Palais, Ho Man Tin (Residents only)*",何文田君頤峰地下大堂(只供住戶使用)*,,00:00-23:59,00:00-23:59 周六:00:00-23:59 周日:00:00-23:59 節假日:00:00-23:59,22.310411,114.17679,Kowloon City District,九龍城區,Ho Man Tin,何文田,locker,"3,7,6,5",false
H852K060P,"SF Locker Locker No.2, Shop 10, Basement, Phase 12, Whampoa Graden, Whampoa",自助櫃 黃埔黃埔花園12期地庫10號鋪順豐站(二號櫃),"Locker No.2, Shop 10, Basement, Phase 12, Whampoa Graden, Whampoa*",香港九龍城區黃埔花園12期地庫順豐站二號櫃*,,07:00-23:00,07:00-23:00 周六:07:00-23:00 周日:07:00-23:00 節假日:07:00-23:00,22.305864,114.191079,Kowloon City District,九龍城區,Whampoa,黃埔,locker,"3,6,7",false
H852K061P,"SF Locker Locker No.3, Shop 10, Basement, Phase 12, Whampoa Graden, Whampoa",自助櫃 黃埔黃埔花園12期地庫10號鋪順豐站(三號櫃),"Locker No.3, Shop 10, Basement, Phase 12, Whampoa Graden, Whampoa*",香港九龍城區黃埔花園12期地庫順豐站三號櫃*,,07:00-23:00,07:00-23:00 周六:07:00-23:00 周日:07:00-23:00 節假日:07:00-23:00,22.305885,114.191087,Kowloon City District,九龍城區,Whampoa,黃埔,locker,"3,6,7",false
H852K062P,"SF Locker Upper East, Hunghom",自助櫃 紅磡環海東岸,"Covered Landscape Area, 2/F, Upper East, Hung Hom(Residentsonly)*",香港紅磡環海東岸2樓有蓋綠化區只供住戶使用*,,00:00-23:59,00:00-23:59 周六:00:00-23:59 周日:00:00-23:59 節假日:00:00-23:59,22.313025,114.189455,Kowloon City District,九龍城區,Hung Hom,紅磡,locker,"3,7,6,5",false
H852K063P,"SF Locker Locker No.2, Shop 10, Basement, Phase 12, Whampoa Graden, Whampoa",自助櫃 黃埔黃埔花園12期地庫10號鋪順豐站(一號櫃),"Locker No.1, Shop 10, Basement, Phase 12, Whampoa Graden, Whampoa*",香港九龍城區黃埔花園12期地庫順豐站一號櫃*,,07:00-23:00,07:00-23:00 周六:07:00-23:00 周日:07:00-23:00 節假日:07:00-23:00,22.305869,114.191062,Kowloon City District,九龍城區,Whampoa,黃埔,locker,"3,6,7",false
H852K065P,"Hung Luen Road, Hung Hom",自助櫃 紅磡紅鸞道,"Bus Terminus (Near Staff Rest Room), Hung Luen Road, Hung Hom *",紅磡紅鸞道巴士總站九巴員工休息室旁*,,00:00-23:59,00:00-23:59 周六:00:00-23:59 周日:00:00-23:59 節假日:00:00-23:59,22.301929,114.188911,Kowloon City District,九龍城區,Hung Hom,紅磡,station,"3,5,6,7",false
H852K066P,"Hung Hom Station, Hung Hom",自助櫃 紅磡紅磡站,"Bus Terminus (Near MTR Exit A2), Hung Hom Station*",紅磡站巴士總站(近港鐵站A2出口)*,,00:00-23:59,00:00-23:59 周六:00:00-23:59 周日:00:00-23:59 節假日:00:00-23:59,22.303759,114.181659,Kowloon City District,九龍城區,Hung Hom,紅磡,station,"3,5,6,7",false
H852K067P,"Faerie Court, To Kwa Wan",自助櫃 土瓜灣富怡閣(365 Laundary),"Shop 4, G/F, Faerie Court, To Kwa Wan*",土瓜灣高山道80號富怡閣地下4號鋪(365 Laundary)*,,00:00-23:59,00:00-23:59 周六:00:00-23:59 周日:00:00-23:59 節假日:00:00-23:59,22.314296,114.18683,Kowloon City District,九龍城區,To Kwa Wan,土瓜灣,station,"3,5,6,7",false
H852K068P,"In One, Ho Man Tin",自助櫃 何文田瑜一,"Nearby Clubhouse Reception, LG 1/F, In One, Ho Man Tin(Residents only)*",何文田瑜一地下低層1樓平台會所接待處旁(只供住戶使用)*,,00:00-23:59,00:00-23:59 周六:00:00-23:59 周日:00:00-23:59 節假日:00:00-23:59,22.309862,114.182439,Kowloon City District,九龍城區,Ho Man Tin,何文田,station,"3,5,6,7",false
H852K069P,"Site No. LK01, 1/F, Oi  Man Plaza",自助櫃 何文田愛民廣場一樓LK01,"Site No. LK01, 1/F, Oi  Man Plaza, Ho Man Tin*",何文田愛民廣場一樓(八方雲集餃子店旁)*,,06:00-23:00,06:00-23:00 周六:06:00-23:00 周日:06:00-23:00 節假日:06:00-23:00,22.3125509,114.178811,Kowloon City District,九龍城區,Ho Man Tin,何文田,station,"3,5,6,7",false
H852K070P,"King's Park Villa, Ho Man Tin",自助櫃 何文田帝庭園,"The underneath of Tower 1,Podium,Kings Park Villa, Ho Man Tin(Residentsonly)*",何文田帝庭園地下第一座平台下方(只供住戶使用)*,,00:00-23:59,00:00-23:59 周六:00:00-23:59 周日:00:00-23:59 節假日:00:00-23:59,22.3109835,114.17501,Kowloon City District,九龍城區,Ho Man Tin,何文田,station,"3,5,6,7",false
H852K071P,"SF Locker Onmantin, Ho Man Tin", 自助櫃 何文田朗賢峯,"Next to Shuttle Lift Lobby, LG 1/F, Onmantin, Ho Man Tin(Residents only)*",何文田朗賢峯LG1層停車場(穿梭升降機大堂旁)(只供住戶使用)*,,00:00-23:59,00:00-23:59 周六:00:00-23:59 周日:00:00-23:59 節假日:00:00-23:58,22.311171,114.182805,Kowloon City District,九龍城區,Ho Man Tin,何文田,locker,"3,5,6,7",false
H852K072P,"SF Lokcer The Regalia, Jordan",自助櫃 佐敦爵士花園,"Near Swimming Pool, G/F, The Regalia, Jordan(Residents only)*",佐敦爵士花園地下游泳池外(只供住戶使用)*,,00:00-23:59,00:00-23:59 周六:00:00-23:59 周日:00:00-23:59 節假日:00:00-23:59,22.3101406,114.172539,Yau Tsim Mong District,油尖旺區,Jordan,佐敦,station,"3,5,6,7",false
H852KA03P,"SF Locker Kingsgate, To Kwa Wan",自助櫃 土瓜灣興基豪苑(順豐站),"Shop B, G/F, Kingsgate, To Kwa Wan *",土瓜灣興基豪苑地下B鋪(順豐站)*,,11:00-21:00,11:00-21:00 周六:12:00-20:00 周日:12:00-20:00 節假日:12:00-20:00,22.322268,114.190309,Kowloon City District,九龍城區,To Kwa Wan,土瓜灣,locker,"3,6,7",false
H852KA04P,"SF Locker Artisan Garden, To Kwa Wan",自助櫃 土瓜灣瑧尚,"7/F, Artisan Garden, 68 Kowloon City Road, To Kwa Wan(Residents only)*",土瓜灣瑧尚7樓(只供住戶使用)*,,08:00-22:00,08:00-22:00 周六:08:00-22:00 周日:08:00-22:00 節假日:08:00-22:00,22.317961,114.188933,Kowloon City District,九龍城區,To Kwa Wan,土瓜灣,locker,"3,7,6,5",false
H852KA05P,"SF Locker (TOWN LAUNDAY), 8A Ming Lun Street, To Kwa Wan",自助櫃 土瓜灣明倫街8號A (都會洗衣),"G/F, 8A Ming Lun Street, To Kwa Wan *",土瓜灣明倫街8號A地下(都會洗衣)*,,00:00-23:59,00:00-23:59 周六:00:00-23:59 周日:00:00-23:59 節假日:00:00-23:59,22.319706,114.193399,Kowloon City District,九龍城區,To Kwa Wan,土瓜灣,locker,"3,7,6,5",false
H852KA06P,"SF Locker LG/F, Kowloon City Plaza, Kowloon City",自助櫃 九龍城九龍城廣場LG樓層,"Corridor next Carpenter Road Exit, LG/F, Kowloon City Plaze, Kowloon City *",九龍城九龍城廣場LG層無障礙通道內(近賈炳達道出口)*,,08:00-23:00,08:00-23:00 周六:08:00-23:00 周日:08:00-23:00 節假日:08:00-23:00,22.330981,114.18866,Kowloon City District,九龍城區,Kowloon City,九龍城,locker,"3,5,6,7",false
H852KA08P,"SF Store, Pearl House, Kowloon City",自助櫃 九龍城龍珠樓地下(順豐站),"SF Store, G/F, Pearl House, Kowloon City*",九龍城太子道西368-374號龍珠樓地下(順豐站)*,,11:00-21:00,11:00-21:00 周六:12:00-20:00 周日:12:00-20:00 節假日:12:00-20:00,22.32783,114.187982,Kowloon City District,九龍城區,Kowloon City,九龍城,partner,"3,6,7",false
H852KA09P,"Locker No.2, Shop No. 71, 10 Cheung Ning Street",自助櫃 土瓜灣定安大廈(泡泡先生洗衣店)(二號櫃),"Locker No.2, Bubble Oppa Laundry, G/F, 10 Cheung Ning Street, To Kwa Wan *",土瓜灣長寧街10號定安大廈地下(泡泡先生洗衣店)(二號櫃)*,,00:00-23:59,00:00-23:59 周六:00:00-23:59 周日:00:00-23:59 節假日:00:00-23:59,22.31682,114.18962,Kowloon City District,九龍城區,To Kwa Wan,土瓜灣,station,"3,5,6,7",false
H852KA10P,"365 Laundry, Po Teck Mansion, To Kwa Wan",自助櫃 土瓜灣寶德大廈(365 Laundry),"365 Laundry, G/F, Po Teck Mansion, To Kwa Wan*",土瓜灣浙江街寶德大廈地下(365 Laundry)*,,00:00-23:59,00:00-23:59 周六:00:00-23:59 周日:00:00-23:59 節假日:00:00-23:59,22.3148787,114.189415,Kowloon City District,九龍城區,To Kwa Wan,土瓜灣,station,"3,5,6,7",false
H852KA11P,"Block G, Lok Man Sun Chuen",自助櫃 土瓜灣樂民新邨G座順豐站(一號櫃),"Locker No.1, Shop 126, G/F, Block G, Lok Man Sun Chuen, To Kwa Wan*",土瓜灣樂民新邨G座平台地下126號鋪(順豐站)一號櫃*,,00:00-23:59,00:00-23:59 周六:00:00-23:59 周日:00:00-23:59 節假日:00:00-23:59,22.317968,114.186293,Kowloon City District,九龍城區,To Kwa Wan,土瓜灣,partner,"3,6,7",false
H852KA12P,"Block G, Lok Man Sun Chuen",自助櫃 土瓜灣樂民新邨G座順豐站(二號櫃),"Locker No.2, Shop 126, G/F, Block G, Lok Man Sun Chuen, To Kwa Wan*",土瓜灣樂民新邨G座平台地下126號鋪(順豐站)二號櫃*,,00:00-23:59,00:00-23:59 周六:00:00-23:59 周日:00:00-23:59 節假日:00:00-23:59,22.317993,114.186282,Kowloon City District,九龍城區,To Kwa Wan,土瓜灣,partner,"3,6,7",false
H852L014P,"SF Locker 88 Kwai Cheong Road, Kwai Hing, Kwai Chung",自助櫃 葵涌葵興葵昌路88號,"G/F, 88 Kwai Cheong Road, Kwai Chung*",葵興葵昌路88號地下*,,08:00-20:00,08:00-20:00 周六:08:00-20:00 周日:08:00-20:00 節假日:08:00-20:00,22.361768,114.131998,Kwai Tsing District,葵青區,Kwai Chung,葵涌,locker,"5,3,6,7",false
H852LA01P,"SF Locker Kwai Sing Centre, Kwai Hing, Kwai Chung",自助櫃 葵涌葵興葵星中心商場,"G/F, Kwai Sing Centre, Kwai Chung*",香港葵青區葵興葵星中心商場地下商場洗手間旁*,,07:00-22:00,07:00-22:00 周六:07:00-22:00 周日:07:00-22:00 節假日:07:00-22:00,22.365783,114.135523,Kwai Tsing District,葵青區,Kwai Chung,葵涌,locker,"3,5,6,7",false
H852LA02P,"SF Locker The Rise, Kwai Chung",自助櫃 葵涌升柏山,"G/F, The Rise, Kwai Chung(Residents only)*",葵涌升柏山地下小巨星演奏廳旁只供住戶使用*,,07:00-22:00,07:00-22:00 周六:07:00-22:00 周日:07:00-22:00 節假日:07:00-22:00,22.371392,114.132834,Kwai Tsing District,葵青區,Kwai Chung,葵涌,locker,"3,5,6,7",false
H852LA05P,"SF Locker Locker No.1, LG2, Shek Yam Shopping Centre, Kwai Chung",自助櫃 葵涌石蔭商場LG2層(一號櫃),"Locker No.1, LG2/F, Shek Yam Shopping Centre, Kwai Chung*",葵涌石蔭商場LG2層(近扶手電梯)一號櫃*,,09:00-22:00,09:00-22:00 周六:09:00-22:00 周日:09:00-22:00 節假日:09:00-22:00,22.371424,114.138505,Kwai Tsing District,葵青區,Kwai Chung,葵涌,locker,"3,5,6,7",false
H852LA07P,"SF Locker G/F, Shek Yam Shopping Centre, Kwai Chung",自助櫃 葵涌石蔭商場地下,"G/F, Shek Yam Shopping Centre, Kwai Chung*",葵涌石蔭商場G/F(近寧峰苑出入口)*,,09:00-22:00,09:00-22:00 周六:09:00-22:00 周日:09:00-22:00 節假日:09:00-22:00,22.37141,114.1387,Kwai Tsing District,葵青區,Kwai Chung,葵涌,locker,"5,3,7,6",false
H852LA22P,"SF Locker Shek Lei Shopping Centre Phase 2, Kwai Chung",自助櫃 葵涌石籬商場二期,"Lift Lobby,3/F, Shek Lei Shopping Centre Phase 2, Kwai Chung*",葵涌石籬商場二期3樓客運大堂*,,06:00-23:59,06:00-23:59 周六:06:00-23:59 周日:06:00-23:59 節假日:06:00-23:59,22.365595,114.139021,Kwai Tsing District,葵青區,Kwai Chung,葵涌,locker,"3,5,6,7",false
H852LA32P,"SF Locker Platform, 6/F, Primrose Hill, Tai Wo Hau",自助櫃 大窩口縉庭山,"Platform, 6/F, Primrose Hill, Tai Wo Hau (Residents only)*",大窩口縉庭山6樓平台(只供住戶使用)*,,00:00-23:59,00:00-23:59 周六:00:00-23:59 周日:00:00-23:59 節假日:00:00-23:59,22.371884,114.130105,Tsuen Wan District,荃灣區,Tai Wo Hau,大窩口,locker,"3,6,7",false
H852LA35P,"SF Locker Lei Muk Shue Shopping Centre, Tsuen Wan",自助櫃 荃灣梨木樹商場,"Near Exit B, G/F, Lei Muk Shue Shopping Centre, Tsuen Wan*",荃灣梨木樹商場地下(B出口旁)*,,00:00-23:59,00:00-23:59 周六:00:00-23:59 周日:00:00-23:59 節假日:00:00-23:59,22.378358,114.136674,Tsuen Wan District,荃灣區,Tsuen Wan,荃灣,locker,"3,7,6",false
H852LA38P,"SF Locker The Apex, Kwai Chung",自助櫃 葵涌雍雅軒,"Clubhouse,1/F,The Apex, Kwai Chung(Residents only)*",葵涌雍雅軒會所1樓只供住戶使用*,,00:00-23:59,00:00-23:59 周六:00:00-23:59 周日:00:00-23:59 節假日:00:00-23:59,22.366256,114.137145,Kwai Tsing District,葵青區,Kwai Chung,葵涌,locker,"3,7,6",false
H852LA39P,"SF Locker Locker No.2, LG2/F, Shek Yam Shopping Centre, Kwai Chung",自助櫃 葵涌石蔭商場LG2層(二號櫃),"Locker No.2, LG2/F, Shek Yam Shopping Centre, Kwai Chung*",葵涌石蔭商場LG2層(近扶手電梯)二號櫃*,,09:00-22:00,09:00-22:00 周六:09:00-22:00 周日:09:00-22:00 節假日:09:00-22:00,22.371424,114.138505,Kwai Tsing District,葵青區,Kwai Chung,葵涌,locker,"3,5,6,7",false
H852LA40P,"SF Locker Greenknoll Court, Kwai Chung",自助櫃 葵涌嘉翠園,"Platform, 2/F, Block 1, Greenknoll Court, Kwai Chung (Residents only)*",葵涌嘉翠園1座二樓平台發電機房外住戶使用*,,00:00-23:59,00:00-23:59 周六:00:00-23:59 周日:00:00-23:59 節假日:00:00-23:59,22.361172,114.136487,Kwai Tsing District,葵青區,Kwai Chung,葵涌,locker,"3,7,6,5",false
H852LA41P,SF Locker Kwai Do Building,自助櫃 葵涌葵都大廈順豐站(一號櫃),"Locker No1, Shop 7, G/F, Kwai Do Building, 129/137 & 141/151 Tai Loong Street, Kwai Chung *",葵涌大隴街葵都大廈地下7號鋪順豐站一號櫃*,,00:00-23:59,00:00-23:59 周六:00:00-23:59 周日:00:00-23:59 節假日:00:00-23:59,22.366438,114.138935,Kwai Tsing District,葵青區,Kwai Chung,葵涌,locker,"3,6,7",false
H852LA42P,"SF Locker On Yam Shopping Centre, Kwai Chung",自助櫃 葵涌安蔭商場,"Beside Toilet, Wet Market, G/F, On Yam Shopping Centre, Kwai Chung*",葵涌安蔭商場地下街市(近廁所位置)*,,00:00-23:59,00:00-23:59 周六:00:00-23:59 周日:00:00-23:59 節假日:00:00-23:59,22.371331,114.141482,Kwai Tsing District,葵青區,Kwai Chung,葵涌,locker,"3,5,6,7",false
H852LA44P,"Car Park, G/F, iCity, Kwai Chung ",自助櫃 葵涌 iCity,"Car Park, G/F, iCity, Kwai Chung *",葵涌 iCity地下停車場*,,00:00-23:59,00:00-23:59 周六:00:00-23:59 周日:00:00-23:59 節假日:00:00-23:59,22.368049,114.139014,Kwai Tsing District,葵青區,Kwai Chung,葵涌,partner,"3,6,7",false
H852LA45P,"Shop 105, 1/F, Lei Muk Shue Shopping Centre, Kwai Chung ",自助櫃 葵涌梨木樹商場一樓(一號櫃),"Locker No.1, Shop 105, 1/F, Lei Muk Shue Shopping Centre, Kwai Chung *",葵涌梨木樹商場一樓105號鋪一號櫃(入門口最右列)*,,07:00-23:00,07:00-23:00 周六:07:00-23:00 周日:07:00-23:00 節假日:07:00-23:00,22.378231,114.136662,Kwai Tsing District,葵青區,Kwai Chung,葵涌,partner,"3,6,7",false
H852LA46P,"Locker No.2, Shop 105, 1/F, Lei Muk Shue Shopping Centre, Kwai Chung ",自助櫃 葵涌梨木樹商場一樓(二號櫃),"Locker No.2, Shop 105, 1/F, Lei Muk Shue Shopping Centre, Kwai Chung *",葵涌梨木樹商場一樓105號鋪二號櫃(入門口右邊第二列)*,,07:00-23:00,07:00-23:00 周六:07:00-23:00 周日:07:00-23:00 節假日:07:00-23:00,22.378195,114.136648,Kwai Tsing District,葵青區,Kwai Chung,葵涌,partner,"3,6,7",false
H852LA47P,"Locker No.3, Shop 105, 1/F, Lei Muk Shue Shopping Centre, Kwai Chung ",自助櫃 葵涌梨木樹商場一樓(三號櫃),"Locker No.3, Shop 105, 1/F, Lei Muk Shue Shopping Centre, Kwai Chung *",葵涌梨木樹商場一樓105號鋪三號櫃(入門口左邊第二列)*,,07:00-23:00,07:00-23:00 周六:07:00-23:00 周日:07:00-23:00 節假日:07:00-23:00,22.378262,114.136631,Kwai Tsing District,葵青區,Kwai Chung,葵涌,partner,"3,6,7",false
H852LA48P,"Locker No.4, Shop 105, 1/F, Lei Muk Shue Shopping Centre, Kwai Chung ",自助櫃 葵涌梨木樹商場一樓(四號櫃),"Locker No.4, Shop 105, 1/F, Lei Muk Shue Shopping Centre, Kwai Chung *",葵涌梨木樹商場一樓105號鋪四號櫃(入門口靠左通道)*,,07:00-23:00,07:00-23:00 周六:07:00-23:00 周日:07:00-23:00 節假日:07:00-23:00,22.378285,114.136726,Kwai Tsing District,葵青區,Kwai Chung,葵涌,partner,"3,6,7",false
H852LA49P,"Shop 105, 1/F, Lei Muk Shue Shopping Centre",自助櫃 葵涌梨木樹商場一樓105號鋪五號櫃,"Locker No.5, Shop 105, 1/F, Lei Muk Shue Shopping Centre, Kwai Chung*",葵涌梨木樹商場一樓105號鋪五號櫃(入門口靠左再向前行)*,,07:00-23:00,07:00-23:00 周六:07:00-23:00 周日:07:00-23:00 節假日:07:00-23:00,22.378373,114.136558,Kwai Tsing District,葵青區,Kwai Chung,葵涌,partner,"3,6,7",false
H852LA50P,"Shop B,Hoi Cheung Building, Kwai Chung",自助櫃 葵涌海昌大樓(洗衣寶洗衣店),"Shop B, G/F, Hoi Cheung Building, 222 Wo Yi Hop Road, Kwai Chung*",葵涌和宜合道海昌大樓地下B鋪(洗衣寶洗衣店)*,,00:00-23:59,00:00-23:59 周六:00:00-23:59 周日:00:00-23:59 節假日:00:00-23:59,22.370431,114.13797,Kwai Tsing District,葵青區,Kwai Chung,葵涌,station,"3,5,6,7",false
H852LA51P,"Shop 7, G/F, Kwai Do Building, Kwai Chung ",自助櫃 葵涌葵都大廈(順豐站),"Shop 7, G/F, Kwai Do Building, Kwai Chung *",葵涌大隴街葵都大廈地下7號鋪順豐站(二號櫃)*,,00:00-23:59,00:00-23:59 周六:00:00-23:59 周日:00:00-23:59 節假日:00:00-23:59,22.366243,114.138739,Kwai Tsing District,葵青區,Kwai Chung,葵涌,partner,"3,6,7",false
H852LB13P,"SF Locker Lwai Luen Estate, Kwai Chung",自助櫃 葵涌葵聯邨,"G/F, Lift Tower, Lwai Luen Estate, Kwai Chung*",葵涌葵聯邨升降機樓地下*,,00:00-23:59,00:00-23:59 周六:00:00-23:59 周日:00:00-23:59 節假日:00:00-23:59,22.362124,114.126157,Kwai Tsing District,葵青區,Kwai Chung,葵涌,locker,"3,6,7",false
H852LB16P,"SF Locker Cheong Wai Mansion, Kwong fai Circuit, Kwai Hing, Kwai Chung(LaundrYup)",自助櫃 葵涌葵興光輝圍(LaundrYup洗衣店),"Shop 30, G/F, Cheong Wai Mansion, 39A Kwong fai Circuit, Kwai Chung*",葵涌昌偉大廈地下30鋪洗衣店內*,,00:00-23:59,00:00-23:59 周六:00:00-23:59 周日:00:00-23:59 節假日:00:00-23:59,22.368726,114.13302,Kwai Tsing District,葵青區,Kwai Chung,葵涌,locker,"3,7,6,5",false
H852LB17P,"SF Locker Block 7, Kwai Shing Estate, Kwai Chung",自助櫃 葵涌葵盛西邨7座,"G/F, Block 7, Kwai Shing Estate, Kwai Chung*",葵涌葵盛西邨7座地下*,,00:00-23:59,00:00-23:59 周六:00:00-23:59 周日:00:00-23:59 節假日:00:00-23:59,22.36099,114.122982,Kwai Tsing District,葵青區,Kwai Chung,葵涌,locker,"3,7,6",false
H852LB18P,"SF Locker Locker No.1, Kwai Fong Plaza, Kwai Fong, Kwai Chung",自助櫃 葵涌葵芳葵芳廣場(一號櫃),"LK01, G/F, Kwai Fong Plaza, Kwai Fong *",香港葵青區葵芳葵芳廣場地下(近趣味批)*,,10:00-22:00,10:00-22:00 周六:10:00-22:00 周日:10:00-22:00 節假日:10:00-22:00,22.357926,114.12974,Kwai Tsing District,葵青區,Kwai Fong,葵芳,locker,"3,5,6,7",false
H852LB20P,"SF Locker Locker No. 2, Shop 113C, 1/F, Kwai Shing East Shopping Centre, Kwai Chung",自助櫃 葵涌葵盛東商場(二號櫃),"Locker No.2, Shop 113C, 1/F, Kwai Shing East Shopping Centre, Kwai Chung*",香港葵涌葵盛東商場1樓113C鋪二號櫃*,,06:00-23:00,06:00-23:00 周六:06:00-23:00 周日:06:00-23:00 節假日:06:00-23:00,22.364171,114.127128,Kwai Tsing District,葵青區,Kwai Chung,葵涌,locker,"5,3,6,7",false
H852LB24P,"SF Locker Locker No.1, Kwai Chung Shopping Centre, Kwai Chung Estate, Kwai Chung",自助櫃 葵涌葵涌邨葵涌商場2樓207A號鋪(一號櫃),"Locker No.1,Shop No.207A, Level 2, Kwai Chung Shopping Centre, Kwai Chung Estate, Kwai Chung*",葵涌邨葵涌商場2樓207A號鋪(一號櫃)*,,07:00-23:00,07:00-23:00 周六:07:00-23:00 周日:07:00-23:00 節假日:07:00-23:00,22.367978,114.128216,Kwai Tsing District,葵青區,Kwai Chung,葵涌,locker,"3,6,7",false
H852LB25P,"SF Locker Locker No.2, Kwai Chung Shopping Centre, Kwai Chung Estate, Kwai Chung",自助櫃 葵涌葵涌邨葵涌商場2樓207A號鋪(二號櫃),"Locker No.2, Shop No.207A,Level 2, Kwai Chung Shopping Centre, Kwai Chung Estate, Kwai Chung*",葵涌邨葵涌商場2樓207A號鋪二號櫃*,,07:00-23:00,07:00-23:00 周六:07:00-23:00 周日:07:00-23:00 節假日:07:00-23:00,22.367978,114.128216,Kwai Tsing District,葵青區,Kwai Chung,葵涌,locker,"3,6,7",false
H852LB26P,"SF Locker Locker No.3, Kwai Chung Shopping Centre, Kwai Chung Estate, Kwai Chung",自助櫃 葵涌葵涌邨葵涌商場2樓207A號鋪(三號櫃),"Locker No.3, Shop No.207A,Level 2, Kwai Chung Shopping Centre, Kwai Chung Estate, Kwai Chung*",葵涌邨葵涌商場2樓207A號鋪三號櫃*,,07:00-23:00,07:00-23:00 周六:07:00-23:00 周日:07:00-23:00 節假日:07:00-23:00,22.36798,114.128219,Kwai Tsing District,葵青區,Kwai Chung,葵涌,locker,"3,6,7",false
H852LB28P,"SF Locker Locker No.4, Kwai Chung Shopping Centre, Kwai Chung Estate, Kwai Chung",自助櫃 葵涌葵涌邨葵涌商場2樓207A號鋪(四號櫃),"Locker No.4, Shop No.207A,Level 2, Kwai Chung Shopping Centre, Kwai Chung Estate, Kwai Chung*",葵涌邨葵涌商場2樓207A號鋪四號櫃*,,07:00-23:00,07:00-23:00 周六:07:00-23:00 周日:07:00-23:00 節假日:07:00-23:00,22.36798,114.128219,Kwai Tsing District,葵青區,Kwai Chung,葵涌,locker,"3,6,7",false
H852LB29P,"SF Locker Locker No.5, Kwai Chung Shopping Centre, Kwai Chung Estate, Kwai Chung",自助櫃 葵涌葵涌邨葵涌商場2樓207A號鋪(五號櫃),"Locker No.5, Shop No.207A,Level 2, Kwai Chung Shopping Centre, Kwai Chung Estate, Kwai Chung*",葵涌邨葵涌商場2樓207A號鋪五號櫃*,,07:00-23:00,07:00-23:00 周六:07:00-23:00 周日:07:00-23:00 節假日:07:00-23:00,22.36798,114.128219,Kwai Tsing District,葵青區,Kwai Chung,葵涌,locker,"3,6,7",false
H852LB31P,"SF Locker Hibiscus Park, Kwai Fong, Kwai Chung",自助櫃 葵涌葵芳芊紅居,"Site at Entrance, Hibiscus Park, Kwai Fong(Residents only)*",香港葵青區葵芳芊紅居入口(只供住戶使用)*,,00:00-23:59,00:00-23:59 周六:00:00-23:59 周日:00:00-23:59 節假日:00:00-23:59,22.359456,114.124961,Kwai Tsing District,葵青區,Kwai Fong,葵芳,locker,"3,7,6,5",false
H852LB33P,"SF Locker Edition 178, Kwai Fong, Kwai Chung",自助櫃 葵涌葵芳豐寓,"Car Park, G/F, Edition 178, No.178  Hing Fong Road, Kwai Fong (Residents only)*",香港葵青區葵芳豐寓地下停車場只供住戶使用*,,00:00-23:59,00:00-23:59 周六:00:00-23:59 周日:00:00-23:59 節假日:00:00-23:59,22.359912,114.128244,Kwai Tsing District,葵青區,Kwai Chung,葵涌,locker,"3,7,6,5",false
H852LB34P,"SF Locker Bik Tsui House, Kwai Tsui Estate, Kwai Fong, Kwai Chung",自助櫃 葵涌葵芳葵翠邨碧翠樓,"G/F, Bik Tsui House, Kwai Tsui Estate, Kwai Fong*",香港葵青區葵芳葵翠邨碧翠樓地下*,,00:00-23:59,00:00-23:59 周六:00:00-23:59 周日:00:00-23:59 節假日:00:00-23:59,22.356326,114.129205,Kwai Tsing District,葵青區,Kwai Chung,葵涌,locker,"3,7,6",false
H852LB36P,"SF Locker Kwai Ming House, Kwai Hong Court, Kwai Chung",自助櫃 葵涌葵興葵康苑葵明閣,"G/F, Kwai Ming House, Kwai Hong Court, Kwai Chung*",葵興葵康苑葵明閣地下*,,00:00-23:59,00:00-23:59 周六:00:00-23:59 周日:00:00-23:59 節假日:00:00-23:59,22.362873,114.130216,Kwai Tsing District,葵青區,Kwai Chung,葵涌,locker,"3,5,6,7",false
H852M015P,"SF Locker CentrePoint, Sheung Wan",自助櫃 上環尚賢居,"1/F Platform, CentrePoint, Sheung Wan*",香港上環尚賢居1樓平台*,,07:00-23:00,07:00-23:00 周六:07:00-23:00 周日:07:00-23:00 節假日:07:00-23:00,22.28299,114.151475,Central and Western District,中西區,Sheung Wan,上環,locker,"3,5,6,7",false
H852M020P,"SF Locker 25 Tung Street, Sheung Wan(LaundrYup)",自助櫃 上環東街25號(LaundrYup洗衣店),"G/F, 25 Tung Street, Sheung Wan*",香港上環東街25號地下(洗衣店內)*,,00:00-23:59,00:00-23:59 周六:00:00-23:59 周日:00:00-23:59 節假日:00:00-23:59,22.285016,114.149134,Central and Western District,中西區,Sheung Wan,上環,locker,"3,5,6,7",false
H852M026P,"SF Locker Phase 1, Blessings Garden, Mid-Levels",自助櫃 半山區殷樺花園一期,"Lobby of Podium, Phase 1 of Blessings Garden, 95 Robinson Road, Mid-Levels(Residents only)*",香港半山區殷樺花園一期平台(只供住戶使用)*,,00:00-23:59,00:00-23:59 周六:00:00-23:59 周日:00:00-23:59 節假日:00:00-23:59,22.281545,114.148345,Central and Western District,中西區,Mid-levels,半山,locker,"3,7,6,5",false
H852M034P,"SF Locker No.39 San Hing Street, Cheung Chau(LaundrYup)",自助櫃 長洲新興街39號(LaundrYup洗衣店),"G/F, No.39 San Hing Street, Cheung Chau*",長洲新興街39號地下(洗衣店內)*,,00:00-23:59,00:00-23:59 周六:00:00-23:59 周日:00:00-23:59 節假日:00:00-23:59,22.210733,114.028565,Cheung Chau District,長洲區,Cheung Chau,長洲,locker,"3,5,6,7",false
H852M035P,"SF Locker Besides of Parking Space No. M2, Car Park, B1/F, Babington Hill, Mid-Levels",自助櫃 半山區巴丙頓山停車場 (M2 車位旁),"Car Park, B1/F, Babington Hill, Mid-Levels(Residents only)*",半山區巴丙頓山停車場 (M2 車位旁)(只供住戶使用)*,,07:00-23:00,07:00-23:00 周六:07:00-23:00 周日:07:00-23:00 節假日:07:00-23:00,22.282526,114.141545,Central and Western District,中西區,Mid-levels,半山,locker,"3,7,6,5",false
H852M038P,"SF Locker Central Pier 2, Central",自助櫃 中環二號碼頭,"G/F , Central Pier 2, Central*",中環二號碼頭地下*,,00:00-23:59,00:00-23:59 周六:00:00-23:59 周日:00:00-23:59 節假日:00:00-23:59,22.288169,114.156637,Central and Western District,中西區,Central,中環,locker,"3,5,6,7",false
H852M041P,"SF Locker Tregunter, Mid-Levels",自助櫃 半山區地利根德閣,"L1, Block 3, Tregunter, Mid-Levels(Residents only)*",半山區地利根德閣第三座L1層只供住戶使用*,,00:00-23:59,00:00-23:59 周六:00:00-23:59 周日:00:00-23:59 節假日:00:00-23:59,22.274515,114.152485,Central and Western District,中西區,Mid-levels,半山,locker,"3,7,6,5",false
H852M046P,"SF Locker Island Crest, Sai Ying Pun",自助櫃 西營盤縉城峰,"Shuttle Lift Lobby, B/F, Island Crest, Sai Ying Pun(Residents only)*",西營盤縉城峰地庫穿梭升降機大堂只供住戶使用*,,00:00-23:59,00:00-23:59 周六:00:00-23:59 周日:00:00-23:59 節假日:00:00-23:59,22.28663,114.143392,Central and Western District,中西區,Sai Ying Pun,西營盤,locker,"3,7,6",false
H852M052P,"SF Locker Kam Fung Building, Sheung Wan",自助櫃 上環金豐大廈,"Shop F2, G/F, Kam Fung Building, 8 Cleverly Street, Sheung Wan*",上環急庇利街8號金豐大廈地下F2鋪*,,00:00-23:59,00:00-23:59 周六:00:00-23:59 周日:00:00-23:59 節假日:00:00-23:59,22.285772,114.151105,Central and Western District,中西區,Sheung Wan,上環,locker,"3,6,7",false
H852MA12P,"SF Locker Locker No.1, Des Voeux Road West, Sai Ying Pun(LaundrYup)",自助櫃 西營盤均益大廈三期(LaundrYup洗衣店)(一號櫃),"Locker No.1, Shop 32A, G/F, Phase 3 Kwan Yick Building, Sai Ying Pun*",西營盤均益大廈三期地下32A鋪(洗衣店內)*,,00:00-23:59,00:00-23:59 周六:00:00-23:59 周日:00:00-23:59 節假日:00:00-23:59,22.2876429,114.135352,Central and Western District,中西區,Sai Ying Pun,西營盤,locker,"3,7,6,5",false
H852MA13P,SF Locker 124-134 Belcher's Street,自助櫃 卑路乍街124-134號,"G/F,124-134 Belcher Street, Kennedy Town, HK*",堅尼地城卑路乍街聯基新樓地下陽光洗衣店*,,00:00-23:59,00:00-23:59 周六:00:00-23:59 周日:00:00-23:59 節假日:00:00-23:59,22.28197,114.127,Central and Western District,中西區,Kennedy Town,堅尼地城,locker,"3,7,6,5",false
H852MA14P,"SF Locker 11 Eastern Street, Sai Ying Pun(Sunshine 24洗衣店)",自助櫃 西營盤東邊街(Sunshine 24洗衣店),"G/F, 11 Eastern Street, Sai Ying Pun*",香港西營盤東邊街11號地下(洗衣店內)*,,00:00-23:59,00:00-23:59 周六:00:00-23:59 周日:00:00-23:59 節假日:00:00-23:59,22.28739,114.143741,Central and Western District,中西區,Sheung Wan,上環,locker,"3,7,6,5",false
H852MA23P,"SF Locker 71-77 Smithfield, Kennedy Town(LaundrYup)",自助櫃 堅尼地城士美菲路71-77號,"Shop 2A, G/F, 71-77 Smithfield, Kennedy Town*",堅尼地城士美菲路71-77號2A鋪洗衣店*,,00:00-23:59,00:00-23:59 周六:00:00-23:59 周日:00:00-23:59 節假日:00:00-23:59,22.280737,114.128789,Central and Western District,中西區,Kennedy Town,堅尼地城,locker,"3,5,6,7",false
H852MA27P,"SF Locker  Cayman Rise, Kennedy Town",自助櫃 堅尼地城-加惠台,"Carpark, 5/F,  Cayman Rise, Kennedy Town(Residents only)*",堅尼地城加惠台5樓停車場-(只供住戶使用)*,,00:00-23:59,00:00-23:59 周六:00:00-23:59 周日:00:00-23:59 節假日:00:00-23:59,22.281823,114.12478,Central and Western District,中西區,Kennedy Town,堅尼地城,locker,"3,7,6,5",false
H852MA28P,"SF Locker Connaught Garden, Sai Ying Pun",自助櫃 西營盤高樂花園,"Podium, 4/F, Block 1, Connaught Garden, Sai Ying Pun(Residents only)*",香港西營盤高樂花園1座4樓平台只供住戶使用*,,00:00-23:59,00:00-23:59 周六:00:00-23:59 周日:00:00-23:59 節假日:00:00-23:59,22.288388,114.142029,Central and Western District,中西區,Sai Wan,西環,locker,"3,5,6,7",false
H852MA31P,"SF Locker Upton, Sai Ying Pun (Sunshine 24)",自助櫃 西營盤維港峰(Sunshine 24洗衣店),"Shop 3, G/F, Upton,Sai Ying Pun*",西營盤維港峰地下3號鋪(洗衣店內)*,,00:00-23:59,00:00-23:59 周六:00:00-23:59 周日:00:00-23:59 節假日:00:00-23:59,22.287571,114.137167,Central and Western District,中西區,Sai Ying Pun,西營盤,locker,"3,5,6,7",false
H852MA49P,"SF Store, Sunglow Building, Kennedy Town",自助櫃 堅尼地城曉暉大廈(順豐站),"Shop 1, G/F, Sunglow Building, Kennedy Town*",堅尼地城卑路乍街1L-1Q號曉暉大廈地下1號鋪(順豐站)*,,00:00-23:59,00:00-23:59 周六:00:00-23:59 周日:00:00-23:59 節假日:00:00-23:59,22.2861,114.1323,Central and Western District,中西區,Kennedy Town,堅尼地城,partner,"3,6,7",false
H852MA51P,"Locker No.2, Shop Nos 3 and 4, Han Yu Building, Sai Wan",自助櫃 西環恆裕大廈(順豐站)(二號櫃),"Locker No.2, Shop Nos 3 and 4, G/F, Han Yu Building, Sai Wan*",西環加多近街恆裕大廈地下3及4號鋪順豐站(二號櫃)*,,00:00-23:59,00:00-23:59,22.281796,114.126393,Central and Western District,中西區,Kennedy Town,堅尼地城,partner,"3,6,7",false
H852MC47P,"SF Locker Bella Vista, Mid-Levels",自助櫃 半山區蔚晴軒,"Clubhouse, 1/F, Bella Vista, No. 3 Ying Fai Terrace, Mid-Levels(Residents only)*",半山區蔚晴軒一樓會所(只供住戶使用)*,,00:00-23:59,00:00-23:59 周六:00:00-23:59 周日:00:00-23:59 節假日:00:00-23:59,22.28156,114.151135,Central and Western District,中西區,Mid-levels,半山,locker,"3,7,6,5",false
H852NC02P,"SF Locker Locker No.1, Nam Cheong Station",自助櫃 深水埗南昌站(順豐站)(一號櫃),"Locker No.1, Shop NAC 22-23, Nam Cheong Station, Sham Shui Po *",深水埗區深水埗南昌站23號鋪順豐站一號櫃*,,11:00-22:00,11:00-22:00 周六:12:00-20:00 周日:12:00-20:00 節假日:12:00-20:00,22.327629,114.152808,Sham Shui Po District,深水埗區,Nam Cheong,南昌,locker,"3,6,7",false
H852NC03P,"SF Locker Locker No.2, Nam Cheong Station",自助櫃 深水埗南昌站(順豐站)(二號櫃),"Locker No.2, Shop NAC 22-23, Nam Cheong Station, Sham Shui Po *",深水埗區深水埗南昌站23號鋪順豐站二號櫃*,,11:00-22:00,11:00-22:00 周六:12:00-20:00 周日:12:00-20:00 節假日:12:00-20:00,22.327619,114.152815,Sham Shui Po District,深水埗區,Nam Cheong,南昌,locker,"3,6,7",false
H852NC04P,"SF Locker Yee Mei House, Yee Kok Court, Sham Shui Po",自助櫃 深水埗怡閣苑怡美閣,"G/F, Yee Mei House, Yee Kok Court, Sham Shui Po *",深水埗怡閣苑怡美閣地下*,,00:00-23:59,00:00-23:59 周六:00:00-23:59 周日:00:00-23:59 節假日:00:00-23:59,22.333178,114.157751,Sham Shui Po District,深水埗區,Sham Shui Po,深水埗,locker,"3,5,6,7",false
H852NC06P,"SF Locker The Harmonie, Cheung Sha Wan",自助櫃 長沙灣映築,"Clubhouse, 3/F, The Harmonie, Cheung Sha Wan(Residents only)*",長沙灣映築三樓會所(只供住戶使用)*,,00:00-23:59,00:00-23:59 周六:00:00-23:59 周日:00:00-23:59 節假日:00:00-23:59,22.336675,114.1585,Sham Shui Po District,深水埗區,Cheung Sha Wan,長沙灣,locker,"3,5,6,7",false
H852NC07P,"Park Avenue, Tai Kok Tsui",自助櫃 大角咀柏景灣,"Bus Terminus (Staff Rest Room), Park Avenue, Tai Kok Tsui *",大角咀柏景灣巴士總站九巴員工休息室旁*,,00:00-23:59,00:00-23:59 周六:00:00-23:59 周日:00:00-23:59 節假日:00:00-23:59,22.316366,114.162441,Yau Tsim Mong District,油尖旺區,Tai Kok Tsui,大角咀,station,"3,5,6,7",false
H852NC08P,"Locker No.1, Shop 236, 2/F, Mei Foo Plaza",自助櫃 美孚美孚廣場2樓(一號櫃),"Locker No.1, Shop 236, 2/F, Mei Foo Plaza , 69-119 Broadway, Mei Foo, Kowloon *",美孚廣場2樓236號鋪一號櫃*,,10:00-22:00,10:00-22:00,22.33601,114.14141,Sham Shui Po District,深水埗區,Lai Chi Kok,美孚,partner,"3,7,6",false
H852NC09P,"Locker No.2, Shop 236, 2/F, Mei Foo Plaza",自助櫃 美孚美孚廣場2樓(二號櫃),"Locker No.2, Shop 236, 2/F, Mei Foo Plaza , 69-119 Broadway, Mei Foo, Kowloon *",美孚廣場2樓236號鋪二號櫃*,,10:00-22:00,10:00-22:00,22.33601,114.14141,Sham Shui Po District,深水埗區,Lai Chi Kok,美孚,partner,"3,7,6",false
H852NC11P,"KMB Customer Service Kiosk, Mei Foo Bus Terminus",自助櫃 美孚美孚巴士總站,"KMB Customer Service Kiosk, Mei Foo Bus Terminus, Mei Foo*",美孚美孚巴士總站九巴客務站內*,,00:00-23:59,00:00-23:59 周六:00:00-23:59 周日:00:00-23:59 節假日:00:00-23:59,22.337429,114.139934,Sham Shui Po District,深水埗區,Lai Chi Kok,美孚,station,"3,5,6,7",false
H852NC12P,"Locker No.2, KMB Customer Service Kiosk, Mei Foo Bus Terminus",自助櫃 美孚美孚巴士總站(二號櫃),"Locker No.2, KMB Customer Service Kiosk, Mei Foo Bus Terminus, Mei Foo*",美孚美孚巴士總站九巴客務站內(二號櫃)*,,00:00-23:59,00:00-23:59 周六:00:00-23:59 周日:00:00-23:59 節假日:00:00-23:59,22.337438,114.139883,Sham Shui Po District,深水埗區,Lai Chi Kok,美孚,station,"3,5,6,7",false
H852NC13P,"Heya Crystal, Cheung Sha Wan",自助櫃 長沙灣喜薈,"Near Lift Lobby of Tower 2, 5/F, Heya Crystal, Cheung Sha Wan(Residents only)*",長沙灣喜薈五樓平台花園2座升降機大堂外(只供住戶使用)*,,00:00-23:59,00:00-23:59 周六:00:59-23:59 周日:00:00-23:59 節假日:00:00-23:59,22.33922,114.15463,Sham Shui Po District,深水埗區,Cheung Sha Wan,長沙灣,station,"3,5,6,7",false
H852NC14P,"Locker No.1, Lai Tsui Shopping Centre, Sham Shui Po",自助櫃 深水埗麗翠商場(一號櫃),"Locker No.1, Shop No.112, 1/F, Lai Tsui Shopping Centre, Sham Shui Po*",深水埗麗翠商場一樓112號鋪一號櫃(入門口靠右行)*,,00:00-23:59,00:00-23:59,22.333218,114.155482,Sham Shui Po District,深水埗區,Sham Shui Po,深水埗,partner,"3,6,7",false
H852NC15P,"Locker No.2, Lai Tsui Shopping Centre, Sham Shui Po",自助櫃 深水埗麗翠商場(二號櫃),"Locker No.2, Shop No.112, 1/F, Lai Tsui Shopping Centre, Sham Shui Po, Kowloon*",深水埗麗翠商場一樓112號鋪二號櫃(入門口靠右行)*,,00:00-23:59,00:00-23:59,22.333225,114.155346,Sham Shui Po District,深水埗區,Sham Shui Po,深水埗,partner,"3,6,7",false
H852NC16P,"Locker No.3, Lai Tsui Shopping Centre, Sham Shui Po",自助櫃 深水埗麗翠商場(三號櫃),"Locker No.3, Shop No.112, 1/F, Lai Tsui Shopping Centre, Sham Shui Po*",深水埗麗翠商場一樓112號鋪三號櫃(靠近門口)*,,00:00-23:59,00:00-23:59,22.333207,114.155372,Sham Shui Po District,深水埗區,Sham Shui Po,深水埗,partner,"3,6,7",false
H852NC17P,"Locker No.4, Shop No.112, 1/F, Lai Tsui Shopping Centre",自助櫃 深水埗麗翠商場一樓(四號櫃),"Locker No.4, Shop No.112, 1/F, Lai Tsui Shopping Centre, Sham Shui Po*",金麗翠商場一樓112號鋪四號櫃(入門口靠左行)*,,00:00-23:59,00:00-23:59,22.333204,114.155401,Sham Shui Po District,深水埗區,Sham Shui Po,深水埗,partner,"3,6,7",false
H852NC18P,"Locker No.5, Shop No.112, 1/F, Lai Tsui Shopping Centre",自助櫃 深水埗麗翠商場(五號櫃),"Locker No.5, Shop No.112, 1/F, Lai Tsui Shopping Centre, Sham Shui Po*",深水埗麗翠商場一樓112號鋪五號櫃(入門口靠左行)*,,00:00-23:59,00:00-23:59 周六:00:00-23:59 周日:00:00-23:59 節假日:00:00-23:59,22.33323,114.155447,Sham Shui Po District,深水埗區,Sham Shui Po,深水埗,partner,"3,6,7",false
H852NC19P,"Site 2 Charming Garden, Mong Kok",自助櫃 旺角富榮花園2期(順豐站),"Shop No. 38, G/F , Site 2 Charming Garden, Mong Kok*",旺角富榮花園2期地下38鋪(順豐站)*,,12:00-21:00,12:00-21:00 周六:12:00-20:00 周日:12:00-20:00 節假日:12:00-20:00,22.314002,114.164503,Yau Tsim Mong District,油尖旺區,Mong Kok,旺角,partner,"3,6,7",false
H852NC20P,"Locker No.1, No. 171 Fuk Wing Street, Sham Shui Po",自助櫃 深水埗福榮街171號(一號櫃),"Locker No.1, Shop B, G/F, Wing Wah Mansion, No. 171 Fuk Wing Street, Sham Shui Po*",深水埗福榮街171號地下B鋪一號櫃*,,00:00-23:59,00:00-23:59 周六:00:00-23:59 周日:00:00-23:59 節假日:00:00-23:59,22.333033,114.161283,Sham Shui Po District,深水埗區,Sham Shui Po,深水埗,station,"3,5,6,7",false
H852NC21P,"Locker No.2, No. 171 Fuk Wing Street, Sham Shui Po",自助櫃 深水埗福榮街171號(二號櫃),"Locker No.2, Shop B, G/F, Wing Wah Mansion, No. 171 Fuk Wing Street, Sham Shui Po*",深水埗福榮街171號地下B鋪二號櫃*,,00:00-23:59,00:00-23:59 周六:00:00-23:59 周日:00:00-23:59 節假日:00:00-23:59,22.333033,114.161283,Sham Shui Po District,深水埗區,Sham Shui Po,深水埗,station,"3,5,6,7",false
H852P004P,"SF Locker Tung Fat Building, North Point(LaundrYup)",自助櫃 北角東發大廈(LaundrYup洗衣店),"Shop 31, G/F, Tung Fat Building, North Point*",香港北角東發大廈A座地下31號鋪洗衣店內*,,00:00-23:59,00:00-23:59 周六:00:00-23:59 周日:00:00-23:59 節假日:00:00-23:59,22.290193,114.200166,Eastern District,東區,North Point,北角,locker,"3,5,6,7",false
H852P022P,"SF Locker 1 Jupiter Street, Tin Hau(LaundrYup)",自助櫃 天後木星街1號(LaundrYup洗衣店),"Shop 1A, 1 Jupiter Street, Tin Hau*",天後木星街1號地下1A號鋪(洗衣店內)*,,00:00-23:59,00:00-23:59 周六:00:00-23:59 周日:00:00-23:59 節假日:00:00-23:59,22.28637,114.192687,Eastern District,東區,Tin Hau,天後,locker,"3,5,6,7",false
H852P037P,"SF Locker Tanner Garden, North Point",自助櫃 北角丹拿花園,"Carpark, Tanner Garden, North Point*",北角丹拿花園地下停車場*,,00:00-23:59,00:00-23:59 周六:00:00-23:59 周日:00:00-23:59 節假日:00:00-23:59,22.290297,114.202415,Eastern District,東區,North Point,北角,locker,"3,7,6,5",false
H852P049P,"SF Locker City Garden Shopping Center, North Point",自助櫃 北角城市花園商場,"G/F, Block 10, City Garden Shopping Center, North Point*",北角城市花園商場第10座地下*,,08:30-22:30,08:30-22:30 周六:08:30-22:30 周日:08:30-22:30 節假日:08:30-22:30,22.291102,114.193459,Eastern District,東區,North Point,北角,locker,"3,5,6,7",false
H852P059P,"SF Locker Pacific Palisades, North Point",自助櫃 北角寶馬山花園,"Car Watting Room, Pacific Palisades, North Point (Residents only)*",北角寶馬山花園侯車室(只供住戶使用)*,,10:00-18:00,10:00-18:00 周六:12:00-18:00 周日:12:00-18:00 節假日:12:00-18:00,22.28779,114.203462,Eastern District,東區,North Point,北角,locker,"3,7,6,5",false
H852P062P,"SF Locker Full Wealth Garden, North Point",自助櫃 北角富雅花園,"G/F, Full Wealth Garden, North Point (Residents Only)*",北角富雅花園地下業主立案法團會議室旁*,,00:00-23:59,00:00-23:59 周六:00:00-23:59 周日:00:00-23:59 節假日:00:00-23:59,22.290655,114.203632,Eastern District,東區,North Point,北角,locker,"3,5,6,7",false
H852P063P,"SF Locker Fleur Pavilia, North Point",自助櫃 北角柏蔚山,"Carpark lobby, 2/F , Fleur Pavilia, North Point (Residents Only)*",北角柏蔚山二樓停車場電梯大堂只供住戶使用*,,00:00-23:59,00:00-23:59 周六:00:00-23:59 周日:00:00-23:59 節假日:00:00-23:59,22.290038,114.203686,Eastern District,東區,North Point,北角,locker,"3,7,6,5",false
H852P073P,"SF Locker Fung Full Plaza, North Point",自助櫃 北角豐富商場(順豐站),"Shop B, 8-9, G/F, Fung Full Plaza, 480 Kings Road, 15-23A Tsat Tsz Mui Road, North Point*",北角豐富商場地下8-9號鋪B鋪順豐站*,,00:00-23:59,00:00-23:59 周六:00:00-23:59 周日:00:00-23:59 節假日:00:00-23:59,22.290869,114.201252,Eastern District,東區,North Point,北角,locker,"3,7,6",false
H852P083P,"SF Locker Viking Villas, North Point",自助櫃 北角威景台,"Car Park, 6/F, Viking Villas, North Point (Residents only)*",北角威景台6樓停車場(只供住戶使用)*,,00:00-23:59,00:00-23:59 周六:00:00-23:59 周日:00:00-23:59 節假日:00:00-23:59,22.286058,114.19374,Eastern District,東區,North Point,北角,locker,"5,3,7,6",false
H852P086P,"SF Locker Shue Yan University Research Complex, North Point",自助櫃 北角樹仁大學,"LG1/F Staircase, Shue Yan University Research Complex, North Point (Students and Staff only)*",香港炮台山樹仁大學研究院樓LG1一號會議室*,,09:00-18:00,09:00-18:00 周六:09:00-18:00,22.285968,114.199049,Eastern District,東區,North Point,北角,locker,"3,7,6,5",false
H852P090P,"SF Locker Kuisum Court, Tin Hau",自助櫃 天後金山閣(自洗王國),"Shop 2, G/F, Kuisum Court, 37 Kings Road, Tin Hau*",香港天後英皇道37號金山閣地下2鋪自洗王國*,,00:00-23:59,00:00-23:59 周六:00:00-23:59 周日:00:00-23:59 節假日:00:00-23:59,22.284485,114.192605,Eastern District,東區,Tin Hau,天後,locker,"3,5,6,7",false
H852P091P,"SF Locker G/F, Wing Po Mansion, 33 Fort Street",自助櫃 北角堡壘街33號(洗衣館),"Shop 8, G/F, Wing Po Mansion, 33 Fort Street, North Point*",北角堡壘街33號地下8鋪(洗衣館)*,,00:00-23:59,00:00-23:59 周六:00:00-23:59 周日:00:00-23:59 節假日:00:00-23:59,22.290019,114.197511,Eastern District,東區,North Point,北角,locker,"3,5,6,7",false
H852P095P,"SF Locker The Pavilia Hill, Tin Hau",自助櫃 天後柏傲山,"2/F, Club House, The Pavilia Hill, Tin Hau(Residents only)*",天後柏傲山2樓會所(只供住戶使用)*,,08:00-22:30,08:00-22:30 周六:08:00-22:30 周日:08:00-22:30 節假日:08:00-22:30,22.282263,114.193282,Eastern District,東區,Tin Hau,天後,locker,"3,7,6,5",false
H852P097P,"SF Locker WORFU, North Point",自助櫃 北角WORFU,"Shop BK04, B/F, WORFU, North Point*",北角WORFU地庫BK04鋪*,,07:30-22:30,07:30-22:30 周六:07:30-22:30 周日:07:30-22:30 節假日:07:30-22:30,22.292055,114.19618,Eastern District,東區,North Point,北角,locker,"3,5,6,7",false
H852PA01P,"SF Locker Lei King Wan, Sai Wan Ho(Sunshine Laundry)",自助櫃 西灣河鯉景灣(陽光洗衣店),"Shop GD07, G/F, Site D, Lei King Wan, Sai Wan Ho*",西灣河鯉景灣D段地下G07號鋪陽光洗衣店*,,08:00-21:00,08:00-21:00 周六:08:00-21:00 周日:08:00-21:00 節假日:08:00-21:00,22.283403,114.223381,Eastern District,東區,Sai Wan Ho,西灣河,locker,"3,5,6,7",false
H852PA01S,"18 Hong On Street, Kornhill, Quarry Bay",冷凍櫃 鰂魚涌康安街18號(近康怡花園地下入口),"Shop A17, Ground Floor, 18 Hong On Street, Kornhill, Quarry Bay",鰂魚涌康安街18號地下A17鋪順豐冷凍櫃,,00:00-23:59,00:00-23:59 周六:00:00-23:59 周日:00:00-23:59 節假日:00:00-23:59,22.283998,114.217001,Eastern District,東區,Quarry Bay,鰂魚涌,station,"1,6,7",true
H852PA02P,"SF Locker  Kornhill Plaza, Quarry Bay",自助櫃 鰂魚涌康怡廣場,"1/F, Kornhill Plaza, Quarry Bay*",鰂魚涌康怡廣場1樓(AEON入口旁)*,,07:00-22:00,07:00-22:00 周六:07:00-22:00 周日:07:00-22:00 節假日:07:00-22:00,22.283962,114.216122,Eastern District,東區,Quarry Bay,鰂魚涌,locker,"3,5,6,7",false
H852PA05P,"SF Locker Healthy Village Phase II, North Point",自助櫃 北角健康村二期,"LG/F, Healthy Village Phase II, North Point*",北角健康村二期下層地下電梯大堂酒樓對面*,,00:00-23:59,00:00-23:59 周六:00:00-23:59 周日:00:00-23:59 節假日:00:00-23:59,22.291624,114.206405,Eastern District,東區,North Point,北角,locker,"3,7,6",false
H852PA07P,"Kornhill Plaza North, Quarry Bay",自助櫃 鰂魚涌康怡廣場北座,"3/F, Kornhill Plaza North, Quarry Bay*",鰂魚涌康怡廣場北座三樓*,,10:00-22:00,10:00-22:00 周六:10:00-22:00 周日:10:00-22:00 節假日:10:00-22:00,22.284968,114.216148,Eastern District,東區,Quarry Bay,鰂魚涌,partner,"3,6,7",false
H852PA08P,"18 Hong On Street, Kornhill, Quarry Bay",自助櫃 鰂魚涌康安街18號(一號櫃),"Locker No1, Shop A17, Ground Floor, 18 Hong On Street, Kornhill, Quarry Bay*",鰂魚涌康安街18號地下A17鋪一號櫃(入門口靠左)*,,00:00-23:59,00:00-23:59 周六:00:00-23:59 周日:00:00-23:59 節假日:00:00-23:59,22.283988,114.217001,Eastern District,東區,Quarry Bay,鰂魚涌,station,"3,5,6,7",false
H852PA09P,"SF Locker Tung Tao Court, Shau Kei Wan",自助櫃 筲箕灣東濤苑,"G/F, Hiu Tao House, Tung Tao Court, Shau Kei Wan*",香港筲箕灣東濤苑曉濤閣地下*,,00:00-23:59,00:00-23:59 周六:00:00-23:59 周日:00:00-23:59 節假日:00:00-23:59,22.282666,114.225938,Eastern District,東區,Shau Kei Wan,筲箕灣,locker,"3,5,6,7",false
H852PA10P,"Ground Floor, 18 Hong On Street, Kornhill, Quarry Bay",自助櫃 鰂魚涌康安街18號(二號櫃),"Locker No.2, Shop A17, Ground Floor, 18 Hong On Street, Kornhill, Quarry Bay *",鰂魚涌康安街18號地下A17鋪二號櫃(入門口靠左向前行)*,,00:00-23:59,00:00-23:59 周六:00:00-23:59 周日:00:00-23:59 節假日:00:00-23:59,22.283981,114.216992,Eastern District,東區,Quarry Bay,鰂魚涌,station,"3,5,6,7",false
H852PA11P,"Ground Floor, 18 Hong On Street, Kornhill, Quarry Bay",自助櫃 鰂魚涌康安街18號(三號櫃),"Locker No.3, Shop A17, Ground Floor, 18 Hong On Street, Kornhill, Quarry Bay*",鰂魚涌康安街18號地下A17鋪三號櫃(入門口直行)*,,00:00-23:59,00:00-23:59 周六:00:00-23:59 周日:00:00-23:59 節假日:00:00-23:59,22.283983,114.216984,Eastern District,東區,Quarry Bay,鰂魚涌,station,"3,5,6,7",false
H852PA12P,"SF Locker Lei King Wan, Sai Wan Ho",自助櫃 西灣河鯉景灣,"Shop 18B, 55 Tai Hong Street, Lei King Wan,Sai Wan Ho*",西灣河太康街55號鯉景灣18B鋪*,,00:00-23:59,00:00-23:59 周六:00:00-23:59 周日:00:00-23:59 節假日:00:00-23:59,22.286767,114.223301,Eastern District,東區,Sai Wan Ho,西灣河,locker,"3,5,6,7",false
H852PA13P,"SF Locker Lai King Building, Quarry Bay",自助櫃 鰂魚涌麗景大廈,"Shop 1B, G/F, Lai King Building, 883 King's Road, Quarry Bay*",鰂魚涌英皇道883號麗景大廈地下1B鋪(883洗衣店)*,,00:00-23:59,00:00-23:59 周六:00:00-23:59 周日:00:00-23:59 節假日:00:00-23:59,22.290252,114.209876,Eastern District,東區,Quarry Bay,鰂魚涌,locker,"3,5,6,7",false
H852PA16P,"SF Locker Wah Sing Building, Lei King Wan(WASHours)",自助櫃 西灣河華升大廈(自洗王國洗衣店),"Shop C2, G/F, Wah Sing Building, Sai Wan Ho*",西灣河華升大廈地下C2鋪(自洗王國)*,,00:00-23:59,00:00-23:59 周六:00:00-23:59 周日:00:00-23:59 節假日:00:00-23:59,22.280176,114.223976,Eastern District,東區,Sai Wan Ho,西灣河,locker,"3,5,6,7",false
H852PA20P,"SF Locker Mount Parker Lodge, Quarry Bay",自助櫃 鰂魚涌康景花園,"G/F, Block B, Mount Parker Lodge, Quarry Bay, HK(Residents only)*",鰂魚涌康景花園B座地下(只供住戶使用)*,,06:00-23:59,06:00-23:59 周六:06:00-23:59 周日:06:00-23:59 節假日:06:00-23:59,22.281409,114.213096,Eastern District,東區,Quarry Bay,鰂魚涌,locker,"5,3,7,6",false
H852PA39P,"SF Locker Grand Promenade, Sai Wan Ho",自助櫃 西灣河嘉亨灣,"Poduum, 6/F, Grand Promenade, Sai Wan Ho(Residents only)*",香港西灣河嘉亨灣六樓平台(只供住戶使用)*,,00:00-23:59,00:00-23:59 周六:00:00-23:59 周日:00:00-23:59 節假日:00:00-23:59,22.285071,114.224532,Eastern District,東區,Sai Wan Ho,西灣河,locker,"3,5,6,7",false
H852PA48P,"SF Locker  The Orchards, Quarry Bay",自助櫃 鰂魚涌逸樺園,"2/F, The Orchards, Quarry Bay(Residents only)*",鰂魚涌逸樺園2樓(只供住戶使用)*,,00:00-23:59,00:00-23:59 周六:00:00-23:59 周日:00:00-23:59 節假日:00:00-23:59,22.283405,114.214054,Eastern District,東區,Quarry Bay,鰂魚涌,locker,"3,7,6,5",false
H852PA52P,"SF Locker Oi Tung Shopping Centre, Shau Kei Wan",自助櫃 筲箕灣愛東商場1樓,"1/F, Oi Tung Shopping Centre, Shau Kei Wan*",香港筲箕灣愛東商場1樓(百佳超市正門對面)*,,07:00-23:00,07:00-23:00 周六:07:00-23:00 周日:07:00-23:00 節假日:07:00-23:00,22.280506,114.22794,Eastern District,東區,Shau Kei Wan,筲箕灣,locker,"3,5,6,7",false
H852PA65P,"SF Locker Yick Cheong Builsing, Quarry Bay(WAHSINGBO)",自助櫃 鰂魚涌益昌大廈(洗衣寶洗衣店),"Shop A13, G/F, Yick Cheong Builsing, Quarry Bay*",鰂魚涌益昌大廈地下A13號鋪(洗衣寶)*,,00:00-23:59,00:00-23:59 周六:00:00-23:59 周日:00:00-23:59 節假日:00:00-23:59,22.284233,114.212317,Eastern District,東區,Quarry Bay,鰂魚涌,locker,"3,7,6,5",false
H852PA68P,"SF Locker  Yiu Tung Shopping Centre, Shau Kei Wan",自助櫃 筲箕灣耀東商場1樓,"1/F, Yiu Tung Shopping Centre, Shau Kei Wan*",香港筲箕灣耀東商場1樓一號櫃(大家樂旁)*,,00:00-23:59,00:00-23:59 周六:00:00-23:59 周日:00:00-23:59 節假日:00:00-23:59,22.277313,114.224247,Eastern District,東區,Shau Kei Wan,筲箕灣,locker,"3,5,6,7",false
H852PA69P,"SF Locker Locker No.2, Yiu Tung Shopping Centre, Shau Kei Wan",自助櫃 筲箕灣耀東商場1樓(二號櫃),"Locker No.2, 1/F, Yiu Tung Shopping Centre, Shau Kei Wan*",香港筲箕灣耀東商場1樓二號櫃(大家樂旁)*,,00:00-23:59,00:00-23:59 周六:00:00-23:59 周日:00:00-23:59 節假日:00:00-23:59,22.277352,114.22419,Eastern District,東區,Shau Kei Wan,筲箕灣,locker,"3,5,6,7",false
H852PA75P,"SF Locker 193 Tsat Tsz Mui Road, North Point(WaterLaundry)",自助櫃 北角七姊妹道193號(水漾衣坊洗衣店),"Shop B, G/F, 193 Tsat Tsz Mui Road, North Point*",北角七姊妹道193號地下B鋪(水漾衣坊)*,,00:00-23:59,00:00-23:59 周六:00:00-23:59 周日:00:00-23:59 節假日:00:00-23:59,22.291473,114.206654,Eastern District,東區,North Point,北角,locker,"3,5,6,7",false
H852PA76P,"SF Locker 2/F, Hing Tung Shopping Centre, Shau Kei Wan",自助櫃 筲箕灣興東商場,"2/F, Hing Tung Shopping Centre, Shau Kei Wan*",香港筲箕灣興東商場2樓近樹人教育、樓梯旁邊*,,00:00-23:59,00:00-23:59 周六:00:00-23:59 周日:00:00-23:59 節假日:00:00-23:59,22.28062,114.220099,Eastern District,東區,Shau Kei Wan,筲箕灣,locker,"3,7,6,5",false
H852PA77P,"SF Locker Locker No.2, 2/F, Hing Tung Shopping Centre, Shau Kei Wan",自助櫃 筲箕灣興東商場(二號櫃),"Locker No.2, 2/F, Hing Tung Shopping Centre, Shau Kei Wan*",香港筲箕灣興東商場2樓二號櫃愛主堂旁邊*,,00:00-23:59,00:00-23:59 周六:00:00-23:59 周日:00:00-23:59 節假日:00:00-23:59,22.280602,114.220076,Eastern District,東區,Shau Kei Wan,筲箕灣,locker,"3,5,6,7",false
H852PA84P,"SF Locker 2/F,Oi Tung Shopping Centre, Shau Kei Wan",自助櫃 筲箕灣愛東商場2樓,"2/F, Oi Tung Shopping Centre, Shau Kei Wan *",香港筲箕灣愛東商場2樓*,,07:00-23:00,07:00-23:00 周六:07:00-23:00 周日:07:00-23:00 節假日:07:00-23:00,22.281094,114.227768,Eastern District,東區,Shau Kei Wan,筲箕灣,locker,"3,5,6,7",false
H852PA87P,"SF Locker Nan Fun Sun Chuen, Quarry Bay",自助櫃 鰂魚涌南豐新邨,"P/F, Tower 7, Nan Fun Sun Chuen, Quarry Bay*",香港鰂魚涌南豐新邨第七座平台*,,00:00-23:59,00:00-23:59 周六:00:00-23:59 周日:00:00-23:59 節假日:00:00-23:59,22.281644,114.214373,Eastern District,東區,Quarry Bay,鰂魚涌,locker,"3,5,6,7",false
H852PA93P,"SF Locker East Pavilion, Quarry Bay",自助櫃 鰂魚涌東匯坊,"Opposite to Shop LG100, LG/F, East Pavilion, Quarry Bay *",香港鰂魚涌東匯坊LG層(嘉麗附近行人通道)*,,08:00-22:00,08:00-22:00 周六:08:00-22:00 周日:08:00-22:00 節假日:08:00-22:00,22.284465,114.212692,Eastern District,東區,Quarry Bay,鰂魚涌,locker,"3,5,6,7",false
H852PB01P,"SF Locker 1/F, Hing Wah Plaza, Chai Wan",自助櫃 柴灣興華廣場1樓,"1/F, Hing Wah Plaza, Chai Wan*",柴灣興華廣場1樓(通往環翠邨天橋旁)*,,07:00-23:00,07:00-23:00 周六:07:00-23:00 周日:07:00-23:00 節假日:07:00-23:00,22.262357,114.235661,Eastern District,東區,Chai Wan,柴灣,locker,"3,5,6,7",false
H852PB03P,"1/F, Siu Sai Wan Plaza",自助櫃 小西灣小西灣廣場一樓(三號櫃),"Locker No.3, 1/F, Siu Sai Wan Plaza, Siu Sai Wan*",小西灣廣場一樓三號櫃(大家樂旁)*,,00:00-23:59,00:00-23:59 周六:00:00-23:59 周日:00:00-23:59 節假日:00:00-23:59,22.262494,114.248825,Eastern District,東區,Siu Sai Wan,小西灣,station,"3,5,6,7",false
H852PB04P,"G/F, Chai Wan Police Married Quarters",自助櫃 柴灣柴灣已婚警察宿舍,"G/F, Chai Wan Police Married Quarters, Chai Wan (Residents only)*",柴灣柴灣已婚警察宿舍地下(只供住戶使用)*,,00:00-23:59,00:00-23:59 周六:00:00-23:59 周日:00:00-23:59 節假日:00:00-23:59,22.266432,114.239462,Eastern District,東區,Chai Wan,柴灣,partner,"3,6,7",false
H852PB05P,SF Locker Stanley Plaza,自助櫃 赤柱赤柱廣場,"The corridor beside Shop 1091/F, Stanley Plaza, Stanley *",赤柱赤柱廣場一樓(近109鋪走廊)*,,00:00-23:59,00:00-23:59 周六:00:00-23:59 周日:00:00-23:59 節假日:00:00-23:59,22.219122,114.210328,Southern District,南區,Stanley,赤柱,locker,"3,5,6,7",false
H852PB06P,"SF Locker The Lily by Nina Hospitality, Repulse Bay",自助櫃 淺水灣The Lily ,"P2 Car Park, The Lily by Nina Hospitality, Repulse Bay(Residents only)*",淺水灣The Lily by Nina Hospitality P2停車場(只供住戶使用)*,,00:00-23:59,00:00-23:59 周六:00:00-23:59 周日:00:00-23:59 節假日:00:00-23:59,22.235461,114.200232,Southern District,南區,Repulse Bay,淺水灣,locker,"3,5,6,7",false
H852PB07P,"SF Locker 4/F,New Jade Shopping Arcadec, Chai Wan",自助櫃 柴灣新翠商場,"4/F, New Jade Shopping Arcade, Chai Wan*",柴灣新翠商場四樓(小學士補習社旁)*,,08:00-22:00,08:00-22:00 周六:08:00-22:00 周日:08:00-22:00 節假日:08:00-22:00,22.263989,114.237071,Eastern District,東區,Chai Wan,柴灣,locker,"3,5,6,7",false
H852PB27P,"SF Locker Hing Wah (II) Estate, Chai Wan",自助櫃 柴灣興華(二)邨,"Near Shop No. 719, On Hing House, Hing Wah (II) Estate, Chai Wan*",香港柴灣興華II邨安興樓平台719號鋪對出*,,00:00-23:59,00:00-23:59 周六:00:00-23:59 周日:00:00-23:59 節假日:00:00-23:59,22.263074,114.233875,Eastern District,東區,Chai Wan,柴灣,locker,"3,6,7",false
H852PB29P,"SF Locker Ma Hang Estate, Stanley",自助櫃 赤柱馬坑邨,"G/F, Leung Ma House, Ma Hang Estate, Stanley, HK*",赤柱馬坑邨良馬樓地下*,,00:00-23:59,00:00-23:59 周六:00:00-23:59 周日:00:00-23:59 節假日:00:00-23:59,22.221238,114.206075,Southern District,南區,Stanley,赤柱,locker,"3,5,6,7",false
H852PB31P,"SF Locker 1/F, New Jade Shopping Arcade, Chai Wan",自助櫃 柴灣新翠商場1樓,"Lift Lobby, L1/F, New Jade Shopping Arcade, Chai Wan*",柴灣新翠商場L1升降機大堂*,,08:00-22:00,08:00-22:00 周六:08:00-22:00 周日:08:00-22:00 節假日:08:00-22:00,22.26388,114.237283,Eastern District,東區,Chai Wan,柴灣,locker,"5,3,7,6",false
H852PB33P,"SF Locker Redhill Peninsula, Tai Tam",自助櫃 大潭紅山半島,"Podium, Block 4, Redhill Peninsula, Tai Tam(Residents only)*",香港大潭紅山半島4座平台近汽水機住戶使用*,,00:00-23:59,00:00-23:59,22.23683,114.227628,Southern District,南區,Tai Tam,大潭,locker,"3,5,6,7",false
H852PB41P,"SF Locker Locker No.1, Paradise Mall, Chai Wan",自助櫃 柴灣杏花新城(一號櫃),"Locker No.1, Shop 212, 2/F, Paradise Mall, Heng Fa Chuen, Chai Wan,HK*",柴灣杏花邨杏花新城212號鋪一號櫃(入門口靠左)*,,10:00-22:00,10:00-22:00 周六:10:00-22:00 周日:10:00-22:00 節假日:10:00-22:00,22.277425,114.240313,Eastern District,東區,Heng Fa Chuen,杏花邨,locker,"3,5,6,7",false
H852PB43P,"SF Locker Shan Tsui Court, Chai Wan",自助櫃 柴灣山翠苑,"Pubilc Space, G/F, Tsui Yue House, Shan Tsui Court, Chai Wan(Residents only)*",柴灣山翠苑翠瑜閣地下地下有蓋休憩空地*,,00:00-23:59,00:00-23:59 周六:00:00-23:59 周日:00:00-23:59 節假日:00:00-23:59,22.269505,114.233448,Eastern District,東區,Chai Wan,柴灣,locker,"3,7,6",false
H852PB53P,"SF Locker Locker No.2, Paradise Mall, Chai Wan",自助櫃 柴灣杏花新城(二號櫃),"Locker No.2, Shop 212, 2/F, Paradise Mall, Heng Fa Chuen, Chai Wan*",柴灣杏花邨杏花新城212號鋪二號櫃(入門口靠右)*,,10:00-22:00,10:00-22:00 周六:10:00-22:00 周日:10:00-22:00 節假日:10:00-22:00,22.277425,114.240314,Eastern District,東區,Heng Fa Chuen,杏花邨,locker,"3,5,6,7",false
H852PB56P,"SF Locker Wan Tsui Shopping Centre, Chai Wan",自助櫃 柴灣環翠商場2樓,"2/F, Wan Tsui Shopping Centre, Chai Wan*",柴灣環翠商場2樓(往環翠邨天橋商場門口)*,,00:00-23:59,00:00-23:59 周六:00:00-23:59 周日:00:00-23:59 節假日:00:00-23:59,22.262796,114.237604,Eastern District,東區,Chai Wan,柴灣,locker,"3,7,6,5",false
H852PB58P,"SF Locker Island Garden, Shau Kei Wan",自助櫃 筲箕灣香島,"Club House, Island Garden, Shau Kei Wan (Residents only)*",筲箕灣香島會所(只供住戶使用)*,,07:30-22:30,07:30-22:30 周六:07:30-22:30 周日:07:30-22:30 節假日:07:30-22:30,22.274463,114.231484,Eastern District,東區,Chai Wan,柴灣,locker,"3,7,6,5",false
H852PB70P,"SF Locker 2/F, Hing Wah Plaza, Repulse Bay, Chai Wan",自助櫃 柴灣興華廣場2樓,"2/F, Hing Wah Plaza, Chai Wan*",柴灣興華廣場2樓*,,07:00-23:00,07:00-23:00 周六:07:00-23:00 周日:07:00-23:00 節假日:07:00-23:00,22.262862,114.23531,Eastern District,東區,Chai Wan,柴灣,locker,"3,7,6,5",false
H852PB71P,"SF Locker Fullview Garden Commercial Centre,  Siu Sai Wan",自助櫃 小西灣富景花園商場,"G/F, Fullview Garden Commercial Centre, Siu Sai Wan*",小西灣富景花園商場地下*,,00:00-23:59,00:00-23:59 周六:00:00-23:59 周日:00:00-23:59 節假日:00:00-23:59,22.262551,114.251304,Eastern District,東區,Siu Sai Wan,小西灣,locker,"5,3,7,6",false
H852PB72P,"SF Locker Block 9, Fullview Garden, Siu Sai Wan",自助櫃 小西灣富景花園9座,"G/F, Block 9, Fullview Garden, Siu Sai Wan (Residents only)*",小西灣富景花園9座地下(只供住戶使用)*,,00:00-23:59,00:00-23:59 周六:00:00-23:59 周日:00:00-23:59 節假日:00:00-23:59,22.262266,114.251478,Eastern District,東區,Siu Sai Wan,小西灣,locker,"5,3,7,6",false
H852PB78P,"SF Locker Siu Sai Wan Plaza, Siu Sai Wan",自助櫃 小西灣廣場,"1/F, Siu Sai Wan Plaza, Siu Sai Wan*",小西灣小西灣廣場1樓*,,00:00-23:59,00:00-23:59 周六:00:00-23:59 周日:00:00-23:59 節假日:00:00-23:59,22.263048,114.249274,Eastern District,東區,Siu Sai Wan,小西灣,locker,"3,7,6,5",false
H852PB79P,"SF Locker Fung Wah Estate, Chai Wan",自助櫃 柴灣峰華邨,"G/F ,Sau Fung House,Fung Wah Estate, Chai Wan *",柴灣峰華邨秀峰樓地下長走廊*,,00:00-23:59,00:00-23:59 周六:00:00-23:59 周日:00:00-23:59 節假日:00:00-23:59,22.265889,114.231375,Eastern District,東區,Chai Wan,柴灣,locker,"3,5,6,7",false
H852PB81P,"SF Locker Tsui Fuk House, Tsui Wan Estate",自助櫃 翠灣邨翠福樓,"G/F, Tsui Fuk House, Tsui Wan Estate, Chai Wan*",柴灣翠灣邨翠福樓地下*,,00:00-23:59,00:00-23:59 周六:00:00-23:59 周日:00:00-23:59 節假日:00:00-23:59,22.26775,114.241255,Eastern District,東區,Chai Wan,柴灣,locker,"3,5,6,7",false
H852PB82P,"SF Locker 1/F, Wan Tsui Shopping Centre, Chai Wan",自助櫃 柴灣環翠商場1樓,"1/F, Wan Tsui Shopping Centre, Chai Wan *",柴灣環翠商場1樓*,,07:00-23:00,07:00-23:00 周六:07:00-23:00 周日:07:00-23:00 節假日:07:00-23:00,22.262725,114.237728,Eastern District,東區,Chai Wan,柴灣,locker,"3,5,6,7",false
H852PB96P,"SF Locker Neptune Terrace, Chai Wan",自助櫃 柴灣樂翠台,"Podium, Neptune Terrace, Chai Wan(Residents only)*",香港柴灣樂翠台商場平台(只供住戶使用)*,,00:00-23:59,00:00-23:59 周六:00:00-23:59 周日:00:00-23:59 節假日:00:00-23:59,22.2684,114.234184,Eastern District,東區,Chai Wan,柴灣,locker,"3,7,6,5",false
H852PB99P,"Locker No.2, 1/F, Siu Sai Wan Plaza",自助櫃 小西灣小西灣廣場一樓(二號櫃),"Locker No.2, 1/F, Siu Sai Wan Plaza*",小西灣廣場一樓(二號櫃)*,,00:00-23:59,00:00-23:59 周六:00:00-23:59 周日:00:00-23:59 節假日:00:00-23:59,22.26319,114.24932,Eastern District,東區,Siu Sai Wan,小西灣,partner,"3,7,6",false
H852PC01P,"Aldrich Garden Shopping Centre, Shau Kei Wan",自助櫃 筲箕灣愛蝶灣商場,"G/F, Aldrich Garden Shopping Centre, Shau Kei Wan*",筲箕灣愛蝶灣商場地下(優越醫療中心旁)*,,00:00-23:59,00:00-23:59 周六:00:00-23:59 周日:00:00-23:59 節假日:00:00-23:59,22.279977,114.22844,Eastern District,東區,Shau Kei Wan,筲箕灣,station,"3,5,6,7",false
H852PC02P,"Shop No.1143A, Smiling Shau Kei Wan Plaza",自助櫃 筲箕灣天悅筲箕灣廣場一樓,"Shop No.1143A, 1/F, Smiling Shau Kei Wan Plaza, Shau Kei Wan*",筲箕灣天悅筲箕灣廣場一樓1143A號鋪*,,10:00-22:00,10:00-22:00 周六:10:00-22:00 周日:10:00-22:00 節假日:10:00-22:00,22.277862,114.22612,Eastern District,東區,Shau Kei Wan,筲箕灣,station,"3,5,6,7",false
H852PC02S,"Paradise Mall, Heng Fa Chuen",冷凍櫃 杏花邨杏花新城,"Shop 212, 2/F, Paradise Mall, Heng Fa Chuen",杏花邨杏花新城212號鋪,,10:00-22:00,10:00-22:00 周六:10:00-22:00 周日:10:00-22:00 節假日:10:00-22:00,22.277,114.23983,Eastern District,東區,Heng Fa Chuen,杏花邨,station,"1,6,7",true
H852Q002P,"SF Locker DD316, South Lantau Road , Pui O, Lantau Island",自助櫃 大嶼山貝澳嶼南道DD316號,"Lot 1303, DD316 South Lantau Road, Pui O,Lantau Island *",大嶼山貝澳嶼南道大嶼山國際學校高小部對面*,,00:00-23:59,00:00-23:59 周六:00:00-23:59 周日:00:00-23:59 節假日:00:00-23:59,22.243848,113.978669,Lantau District,大嶼山區,Lantau Island,大嶼山,locker,"3,5,6,7",false
H852Q005P,"Workers Lobby, G/F, Tradeport Logistics Centre",自助櫃 大嶼山商貿港物流中心,"Workers Lobby, G/F, Tradeport Logistics Centre, Lantau Island(Staff only)*",大嶼山商貿港物流中心地下員工休息室(只供大廈內部員工使用)*,,09:00-18:00,09:00-18:00 周六:09:00-18:00 周日:09:00-18:00 節假日:09:00-18:00,22.29653,113.93253,Lantau District,大嶼山區,HK Int'l Airport,香港國際機場,station,"3,5,6,7",false
H852Q006P,"SF Locker L11, Airport Community Building, Hong Kong International Airport (HKIA staff only)",自助櫃 香港國際機場員工綜合大樓11樓(只供機場員工使用),"L11, Airport Community Building, Hong Kong International Airport (HKIA staff only)*",香港國際機場員工綜合大樓11樓(只供機場員工使用) *,,00:00-23:59,00:00-23:59 周六:00:00-23:59 周日:00:00-23:59 節假日:00:00-23:59,22.317356,113.934357,Lantau District,大嶼山區,HK Int'l Airport,香港國際機場,locker,"3,6,7",false
H852Q007P,SF Locker 18B Yung Shue Wan Main Street,自助櫃 南丫島榕樹灣大街18B號,"G/F, 18B Yung Shue Wan Main Street, Lamma Island*",南丫島榕樹灣大街18B號地下*,,00:00-23:59,00:00-23:59 周六:00:00-23:59 周日:00:00-23:59 節假日:00:00-23:59,22.226927,114.111588,Lamma Island District,南丫島區,Lamma Island,南丫島,locker,"3,6,7",false
H852Q008P,SF Locker Locker No.1 19A-19B Yung Shue Wan Main Street,自助櫃 南丫島榕樹灣大街19A-19B號(一號櫃),"Locker No.1, G/F, 19A-19B Yung Shue Wan Main Street, Lamma Island*",南丫島榕樹灣大街19A-19B號地下(一號櫃)*,,00:00-23:59,00:00-23:59 周六:00:00-23:59 周日:00:00-23:59 節假日:00:00-23:59,22.226803,114.111715,Lamma Island District,南丫島區,Lamma Island,南丫島,locker,"3,6,7",false
H852Q009P,SF Locker Locker No.2 19A-19B Yung Shue Wan Main Street,自助櫃 南丫島榕樹灣大街19A-19B號(二號櫃),"Locker No.2, G/F, 19A-19B Yung Shue Wan Main Street, Lamma Island*",南丫島榕樹灣大街19A-19B號地下(二號櫃)*,,00:00-23:59,00:00-23:59 周六:00:00-23:59 周日:00:00-23:59 節假日:00:00-23:59,22.226811,114.111709,Lamma Island District,南丫島區,Lamma Island,南丫島,locker,"3,6,7",false
H852Q010P,SF Locker Locker No.3 19A-19B Yung Shue Wan Main Street,自助櫃 南丫島榕樹灣大街19A-19B號(三號櫃),"Locker No.3, G/F, 19A-19B Yung Shue Wan Main Street, Lamma Island*",南丫島榕樹灣大街19A-19B號地下(三號櫃)*,,00:00-23:59,00:00-23:59 周六:00:00-23:59 周日:00:00-23:59 節假日:00:00-23:59,22.226773,114.111696,Lamma Island District,南丫島區,Lamma Island,南丫島,locker,"3,6,7",false
H852T048P,"SF Locker Silverstone Mansion, Happy Valley",自助櫃 跑馬地晉寶大廈(LaundryUp洗衣店),"Shop B, G/F, Silverstone Mansion, Happy Valley*",跑馬地晉寶大廈地下B鋪(洗衣店內)*,,00:00-23:59,00:00-23:59 周六:00:00-23:59 周日:00:00-23:59 節假日:00:00-23:59,22.267539,114.187303,Wan Chai District,灣仔區,Happy Valley,跑馬地,locker,"3,5,6,7",false
H852TA56P,"The Avenue, Wan Chai",自助櫃 灣仔囍匯,"Lift Lobby, B3/F, The Avenue, Wan Chai(Residents only)*",灣仔囍匯地庫3樓電梯大堂(只供住戶使用)*,,00:00-23:59,00:00-23:59 周六:00:00-23:59 周日:00:00-23:59 節假日:00:00-23:59,22.27612,114.172555,Wan Chai District,灣仔區,Wan Chai,灣仔,station,"3,5,6,7",false
H852TB11P,"SF Locker Shek Pai Wan Shopping Centre, Aberdeen",自助櫃 香港仔石排灣商場,"LG1/F, Shek Pai Wan Shopping Centre, Aberdeen*",香港仔石排灣商場LG1樓(中銀櫃員機旁)*,,00:00-23:59,00:00-23:59 周六:00:00-23:59 周日:00:00-23:59 節假日:00:00-23:59,22.249461,114.15706,Southern District,南區,Aberdeen,香港仔,locker,"3,7,6",false
H852TB16P,"SF Locker Locker No 1, Chi Fu Landmark",自助櫃 薄扶林置富南區廣場(一號櫃),"Locker No.1, Area near Shop 103, L1 Chi Fu Landmark, Pok Fu Lam*",薄扶林置富南區廣場一樓(近103鋪)一號櫃*,,07:00-23:00,07:00-23:00,22.258013,114.139135,Southern District,南區,Pok Fu Lam,薄扶林,locker,"3,5,6,7",false
H852TB21P,"SF Locker Noble Square, Aberdeen",自助櫃 香港仔華貴坊,"G/F, Noble Square, 3 Wah Kwai Road, Aberdeen*",香港仔華貴坊地下(近顧客服務台)*,,07:00-23:00,07:00-23:00 周六:07:00-23:00 周日:07:00-23:00 節假日:07:00-23:00,22.249951,114.139221,Southern District,南區,Aberdeen,香港仔,locker,"3,5,6,7",false
H852TB32P,"SF Locker Tin Wan Shopping Centre, Aberdeen",自助櫃 香港仔田灣商場,"Carpark, G/F, Tin Wan Shopping Centre, Aberdeen*",香港仔田灣商場地下停車場大堂*,,00:00-23:59,00:00-23:59 周六:00:00-23:59 周日:00:00-23:59 節假日:00:00-23:59,22.251029,114.149684,Southern District,南區,Aberdeen,香港仔,locker,"3,5,6,7",false
H852TB33P,"SF Locker Locker No.2, Tin Wan Shopping Centre, Aberdeen",自助櫃 香港仔田灣商場(二號櫃),"Locker No.2, Carpark, G/F, Tin Wan Shopping Centre, Aberdeen*",香港仔田灣商場地下停車場二號櫃*,,00:00-23:59,00:00-23:59 周六:00:00-23:59 周日:00:00-23:59 節假日:00:00-23:59,22.251029,114.149684,Southern District,南區,Aberdeen,香港仔,locker,"3,5,6,7",false
H852TB37P,SF Locker Fortune Mansion,自助櫃 鴨脷洲利是大廈地下A鋪(順豐站旁),"Shop A, G/F, Fortune Mansion, 63 Ap Lei Chau Main Street, Ap Lei Chau*",鴨脷洲利是大廈地下A鋪(順豐站旁)*,,00:00-23:59,00:00-23:59 周六:00:00-23:59 周日:00:00-23:59 節假日:00:00-23:59,22.243992,114.15606,Southern District,南區,Ap Lei Chau,鴨脷洲,locker,"3,6,7",false
H852TB38P,"SF Locker Locker No.2, Mei Fai Court, Aberdeen",自助櫃 香港仔美輝閣(大堂對出行人通道)(二號),"Locker No.2, G/F, Mei Fai Court, Aberdeen Centre Phase 2, Aberdeen*",香港仔中心二期美輝閣地下二號櫃*,,00:00-23:59,00:00-23:59 周六:00:00-23:59 周日:00:00-23:59 節假日:00:00-23:59,22.248313,114.153175,Southern District,南區,Aberdeen,香港仔,locker,"3,7,6,5",false
H852TB39P,"SF Locker Locker No.3, Mei Fai Court, Aberdeen",自助櫃 香港仔美輝閣(三號櫃)(陽光洗衣鋪對出),"Locker No 3, G/F, Mei Fai Court, Aberdeen Centre Phase 2, Aberdeen*",香港仔中心二期美輝閣地下三號櫃洗衣店對出*,,00:00-23:59,00:00-23:59 周六:00:00-23:59 周日:00:00-23:59 節假日:00:00-23:59,22.248313,114.153175,Southern District,南區,Aberdeen,香港仔,locker,"3,5,6,7",false
H852TB44P,"SF Locker Locker No.1, Shop No. 316, 3/F, East Commercial Block of South Horizons, Ap Lei Chau",自助櫃 鴨脷洲海怡東商場3樓316號鋪(一號櫃),"Locker No.1, Shop No. 316, 3/F, East Commercial Block Of South Horizons, Ap Lei Chau*",香港鴨脷洲海怡東商場3樓316號鋪一號櫃*,,07:00-22:00,07:00-22:00 周六:07:00-22:00 周日:07:00-22:00 節假日:07:00-22:00,22.243507,114.148531,Southern District,南區,Ap Lei Chau,鴨脷洲,locker,"3,7,6,5",false
H852TB45P,"SF Locker Locker No.2, Shop No. 316, 3/F, East Commercial Block of South Horizons, Ap Lei Chau",自助櫃 鴨脷洲海怡東商場3樓316號鋪(二號櫃),"Locker No.2, Shop No. 316, 3/F, East Commercial Block Of South Horizons, 18A South Horizon Drive, Ap Lei Chau*",香港鴨脷洲海怡東商場3樓316號鋪二號櫃*,,07:00-22:00,07:00-22:00 周六:07:00-22:00 周日:07:00-22:00 節假日:07:00-22:00,22.243507,114.148531,Southern District,南區,Ap Lei Chau,鴨脷洲,locker,"3,7,6,5",false
H852TB50P,"SF Locker Broadview Court, Wong Chuk Hang",自助櫃 黃竹坑雅濤閣,"Near Block 4 Exit, Broadview Court, Wong Chuk Hang*",黃竹坑雅濤閣(四座入口旁)*,,00:00-23:59,00:00-23:59 周六:00:00-23:59 周日:00:00-23:59 節假日:00:00-23:59,22.24306,114.165456,Southern District,南區,Wong Chuk Hang,黃竹坑,locker,"3,5,6,7",false
H852TB51P,"SF Locker Shop 15A,G/F,Lei Chak House, Ap Lei Chau Estate, Ap Lei Cha",自助櫃 鴨脷洲鴨脷洲邨利澤樓地下15A鋪(Sunshine24),"Shop 15A, G/F, Lei Chak House, Ap Lei Chau Estate, Ap Lei Chau *",鴨脷洲邨利澤樓地下15A鋪(洗衣店內)*,,00:00-23:59,00:00-23:59 周六:00:00-23:59 周日:00:00-23:59 節假日:00:00-23:59,22.24474,114.15014,Southern District,南區,Ap Lei Chau,鴨脷洲,locker,"3,7,6,5",false
H852TB54P,"SF Locker 2/F, Lei Tung Commercial Centre (Phase 2), Ap Lei Chau",自助櫃 鴨脷洲利東商場二期三樓(一號櫃),"Locker No.1, Site No. LK02, 2/F, Lei Tung Commercial Centre (Phase 2), Ap Lei Chau *",鴨脷洲利東商場二期三樓LK02(一號櫃)*,,00:00-23:59,00:00-23:59 周六:00:00-23:59 周日:00:00-23:59 節假日:00:00-23:59,22.240787,114.156663,Southern District,南區,Ap Lei Chau,鴨脷洲,locker,"5,3,7,6",false
H852TB55P,"SF Locker Site No. LK03, 2/F, Lei Tung Commercial Centre (Phase 2)",自助櫃 鴨脷洲利東商場二期三樓(二號櫃),"Locker No.2, Site No. LK03, 2/F, Lei Tung Commercial Centre (Phase 2), Ap Lei Chau *",鴨脷洲利東商場二期三樓LK03(二號櫃)*,,00:00-23:59,00:00-23:59 周六:00:00-23:59 周日:00:00-23:59 節假日:00:00-23:59,22.240774,114.156565,Southern District,南區,Ap Lei Chau,鴨脷洲,locker,"5,3,7,6",false
H852TB56P,"Locker No1, Shop 5C, 3/F, Lei Tung Commercial Centre (Phase 3)",自助櫃 鴨脷洲利東商場三期三樓5C鋪(一號櫃),"Locker No1, Shop 5C, 3/F, Lei Tung Commercial Centre (Phase 3), Ap Lei Chau *",鴨脷洲利東商場三期三樓5C號鋪一號櫃(入門口靠左)*,,00:00-23:59,00:00-23:59 周六:00:00-23:59 周日:00:00-23:59 節假日:00:00-23:59,22.24152,114.155131,Southern District,南區,Ap Lei Chau,鴨脷洲,station,"3,5,6,7",false
H852TB57P,"Shop 5C, 3/F, Lei Tung Commercial Centre ",自助櫃 鴨脷洲利東商場三期三樓5C鋪(二號櫃),"Locker No.2, Shop 5C, 3/F, Lei Tung Commercial Centre (Phase 3), Ap Lei Chau*",鴨脷洲利東商場三期三樓5C鋪二號櫃(入門口靠右)*,,00:00-23:59,00:00-23:59 周六:00:00-23:59 周日:00:00-23:59 節假日:00:00-23:59,22.241549,114.15509,Southern District,南區,Ap Lei Chau,鴨脷洲,station,"3,5,6,7",false
H852TB58P,"Block 2, Broadview Court",自助櫃 黃竹坑雅濤閣平台第二座,"Block 2, Broadview Court, Wong Chuk Hang(Residents only)*",黃竹坑雅濤閣平台第二座(只供住戶使用)*,,00:00-23:59,00:00-23:59 周六:00:00-23:59 周日:00:00-23:59 節假日:00:00-23:59,22.242969,114.165119,Southern District,南區,Wong Chuk Hang,黃竹坑,station,"3,5,6,7",false
H852TC02P,"SF Locker Cathay 88, Wan Chai",自助櫃 灣仔國泰88,"Shop F18, 1/F, Cathay 88, Wan Chai*",灣仔國泰88一樓F18號鋪*,,10:00-22:00,10:00-22:00 周六:10:00-22:00 周日:10:00-22:00 節假日:10:00-22:00,22.276678,114.175946,Wan Chai District,灣仔區,Wan Chai,灣仔,locker,"5,3,6,7",false
H852TD08P,"SF Locker Ronsdale Garden, Tai Hang",自助櫃 大坑龍華花園,"P/F, Block 2, Ronsdale Garden, Tai Hang(Residents only)*",香港大坑龍華花園二座平台升降機大堂旁*,,00:00-23:59,00:00-23:59 周六:00:00-23:59 周日:00:00-23:59 節假日:00:00-23:59,22.274759,114.195886,Wan Chai District,灣仔區,Tai Hang,大坑,locker,"3,7,6,5",false
H852TD12P,"SF Locker Hang Lung Centre, Causeway Bay",自助櫃 銅鑼灣恆隆中心,"B1/F, Hang Lung Centre, Causeway Bay*",銅鑼灣恆隆中心地庫停車場出入口*,,00:00-23:59,00:00-23:59 周六:00:00-23:59 周日:00:00-23:59 節假日:00:00-23:59,22.280207,114.185978,Wan Chai District,灣仔區,Causeway Bay,銅鑼灣,locker,"3,5,6,7",false
H852TD13P,"SF Locker Lai Tak Tsuen, Tai Hang",自助櫃 大坑勵德邨,"Carpark, Tsuen Wing Kau, Lai Tak Tsuen, Tai Hang*",大坑勵德邨邨榮樓停車場(L層電梯口)*,,00:00-23:59,00:00-23:59 周六:00:00-23:59 周日:00:00-23:59 節假日:00:00-23:59,22.278417,114.194331,Wan Chai District,灣仔區,Tai Hang,大坑,locker,"3,6,7",false
H852TD14P,"SF Locker Paliburg Plaza, Causeway Bay",自助櫃 銅鑼灣百利保廣場,"1/F, Paliburg Plaza, Causeway Bay*",銅鑼灣百利保廣場1樓(近天橋出入口)*,,00:00-23:59,00:00-23:59 周六:00:00-23:59 周日:00:00-23:59 節假日:00:00-23:59,22.279148,114.186474,Wan Chai District,灣仔區,Causeway Bay,銅鑼灣,locker,"3,5,6,7",false
H852TD34P,"SF Locker Lee Theeatr, Causeway Bay",自助櫃 銅鑼灣利舞台,"10/F, Lee Theeatre, Causeway Bay*",銅鑼灣利舞台10樓*,,11:00-22:00,11:00-22:00 周六:11:00-22:00 周日:11:00-22:00 節假日:11:00-22:00,22.278478,114.183594,Wan Chai District,灣仔區,Causeway Bay,銅鑼灣,locker,"5,3,7,6",false
H852TD47P,"SF Locker Flora Garden, Tai Hang",自助櫃 大坑慧景園,"P/F, Block 1, Flora Garden, Tai Hang (Residents only)*",香港大坑慧景園1座平台(只供住戶使用)*,,00:00-23:59,00:00-23:59 周六:00:00-23:59 周日:00:00-23:59 節假日:00:00-23:59,22.27354,114.194387,Wan Chai District,灣仔區,Tai Hang,大坑,locker,"5,3,7,6",false
H852TE01P,"SF Locker 100 Cyberport Road, Pok Fu Lam",自助櫃 薄扶林數碼港道100號,"Lobby L1, G/F, Core A Cyberport 3, 100 Cyberport Road, Pok Fu Lam *",薄扶林數碼港道100號第3座A區地下大堂*,,00:00-23:59,00:00-23:59 周六:00:00-23:59 周日:00:00-23:59 節假日:00:00-23:59,22.261602,114.130901,Southern District,南區,Pok Fu Lam,薄扶林,locker,"3,5,6,7",false
H852TE02P,"Aberdeen Market,Aberdeen",自助櫃 香港仔香港仔市政大廈,"Beside Toilet, 2/F, Aberdeen Market, Aberdeen Municipal Service Building, Aberdeen *",香港仔市政大廈2樓洗手間外*,,08:00-02:00,08:00-02:00 周六:08:00-02:00 周日:08:00-02:00 節假日:08:00-02:00,22.2491675,114.154449,Southern District,南區,Aberdeen,香港仔,station,"5,3,6,7",false
H852TE03P,"Shop No. 119, G/F, Wah On House, Wah Fu (I) Estate, Pok Fu Lam ",自助櫃 薄扶林華富（一）邨華安樓(順豐站),"Shop No. 119, G/F, Wah On House, Wah Fu (I) Estate, Pok Fu Lam *",薄扶林華富（一）邨華安樓119號鋪順豐站*,,11:00-20:30,11:00-20:30 周六:12:00-20:00 周日:12:00-20:00 節假日:12:00-20:00,22.25189,114.138139,Southern District,南區,Pok Fu Lam,薄扶林,partner,"3,6,7",false
H852TE04P,"Beside Stall M14, 1/F, Aberdeen Market,, Aberdeen",自助櫃 香港仔香港仔市政大廈1樓,"Beside Stall M14, 1/F, Aberdeen Market, Aberdeen Municipal Service Building, Aberdeen*",香港仔市政大廈1樓114號檔旁*,,06:00-20:00,06:00-20:00 周六:06:00-20:00 周日:06:00-20:00 節假日:06:00-20:00,22.2493145,114.154473,Southern District,南區,Aberdeen,香港仔,station,"3,5,6,7",false
H852TE05P,SF Locker Residence Bel-Air Phase 4 Bel-Air on the Peak,自助櫃 薄扶林貝沙灣4期-南灣,"Podium Level Carpark, Residence Bel-Air Phase 4 Bel-Air on the Peak, No. 68 Bel-Air Peak Avenue, Pok Fu Lam(Residents only)*",薄扶林貝沙灣4期-南灣平台停車場(只供住戶使用)*,,00:00-23:59,00:00-23:59 周六:00:00-23:59 周日:00:00-23:59 節假日:00:00-23:59,22.25411,114.132997,Southern District,南區,Pok Fu Lam,薄扶林,locker,"3,5,6,7",false
H852TE06P,"SF Locker Locker No 2, Chi Fu Landmark",自助櫃 薄扶林置富南區廣場(二號櫃),"Locker No.2, Area near Shop 103, L1, Chi Fu Landmark, Pok Fu Lam*",薄扶林置富南區廣場一樓(近103鋪)二號櫃*,,07:00-23:00,07:00-23:00,22.257748,114.13889,Southern District,南區,Pok Fu Lam,薄扶林,locker,"3,5,6,7",false
H852TK03P,"SF Locker Locker No.1, SF Store, 1/F, Nan Fung Plaza, Tseung Kwan O",自助櫃 將軍澳坑口南豐廣場1樓(順豐站)(一號櫃),"Locker No.1, Shop B28-B31, 1/F, Nan Fung Plaza, Hang Hau, Tseung Kwan O*",坑口南豐廣場1樓B28-B31鋪順豐站一號櫃*,,07:00-23:59,07:00-23:59 周六:07:00-23:59 周日:07:00-23:59 節假日:07:00-23:59,22.314736,114.263893,Sai Kung District,西貢區,Hang Hau,坑口,locker,"3,6,7",false
H852TK04P,"SF Locker Locker No.2, SF Store, 1/F, Nan Fung Plaza, Tseung Kwan O",自助櫃 將軍澳坑口南豐廣場1樓(順豐站)(二號櫃),"Locker No.2, Shop B28-B31, 1/F, Nan Fung Plaza, Hang Hau, Tseung Kwan O*",坑口南豐廣場一樓B31鋪順豐站二號櫃*,,07:00-23:59,07:00-23:59 周六:07:00-23:59 周日:07:00-23:59 節假日:07:00-23:59,22.314736,114.263893,Sai Kung District,西貢區,Hang Hau,坑口,locker,"3,6,7",false
H852TK05P,"SF Locker Yau Yue Wan Village, Tseung Kwan O",自助櫃 將軍澳魷魚灣村,"Villege Office, Yau Yue Wan Village, TKO*",將軍澳魷魚灣村(正門旁村公所)*,,00:00-23:59,00:00-23:59 周六:00:00-23:59 周日:00:00-23:59 節假日:00:00-23:59,22.327255,114.260368,Sai Kung District,西貢區,Po Lam,寶琳,locker,"3,5,6,7",false
H852TK06P,"SF Locker Alto Residences, Tseung Kwan O",自助櫃 將軍澳藍塘傲,"Next to Block 8, Basement 2, R3 Lift Lobby, Alto Residences, TKO (Residents only)*",將軍澳藍塘傲R3升降機B2大堂8座側*,,00:00-23:59,00:00-23:59 周六:00:00-23:59 周日:00:00-23:59 節假日:00:00-23:59,22.303343,114.258227,Sai Kung District,西貢區,Tseung Kwan O,將軍澳,locker,"3,7,6,5",false
H852TK07P,"SF Locker Monterey Place, Tseung Kwun O",自助櫃 將軍澳Monterery Place陽光洗衣便利店,"Shop G18B, G/F, Monerey Place, TKO *",將軍澳MontereryPlaceG18B陽光洗衣*,,00:00-23:59,00:00-23:59 周六:00:00-23:59 周日:00:00-23:59 節假日:00:00-23:59,22.302354,114.262149,Sai Kung District,西貢區,Tseung Kwan O,將軍澳,locker,"3,5,6,7",false
H852U004P,SF Locker Shan King Shopping Mall,自助櫃 屯門山景商場G層(一號櫃),"Locker No.1, G/F, Shan King Shopping Mall, Tuen Mun*",屯門山景商場G層一號櫃(優品360對面)*,,00:00-23:59,00:00-23:59 周六:00:00-23:59 周日:00:00-23:59 節假日:00:00-23:59,22.396638,113.966238,Tuen Mun District,屯門區,Tuen Mun,屯門,locker,"5,3,7,6",false
H852U007P,"SF Locker Kingston Terrace, Tuen Mun",自助櫃 屯門景新台,"G/F, Kingston Terrace, Tuen Mun*",屯門景新台地下(大閘迴旋處旁)*,,00:00-23:59,00:00-23:59 周六:00:00-23:59 周日:00:00-23:59 節假日:00:00-23:59,22.402352,113.9806,Tuen Mun District,屯門區,San Hui,新墟,locker,"3,6,7",false
H852U011P,"SF Locker Uptown, Hung Shui Kiu",自助櫃 洪水橋尚城,"Uptown, Hung Shui Kiu, Yuen Long(Residents only)*",洪水橋尚城地下3號會所門口(只供住戶使用)*,,00:00-23:59,00:00-23:59 周六:00:00-23:59 周日:00:00-23:59 節假日:00:00-23:59,22.434015,114.001069,Yuen Long District,元朗區,Hung Shui Kiu,洪水橋,locker,"3,5,6,7",false
H852U016P,"SF Locker The Aegean, Tuen Mun",自助櫃 屯門愛琴灣,"Back door of Lobby, G/F, The Aegean, Tuen Mun(Residents only)*",屯門愛琴灣地下(大堂後門)(只供住戶使用)*,,00:00-23:59,00:00-23:59 周六:00:00-23:59 周日:00:00-23:59 節假日:00:00-23:59,22.366137,114.001945,Tuen Mun District,屯門區,Siu Lam,小欖,locker,"3,5,6,7",false
H852U022P,"SF Locker Peridot Court, Tuen Mun",自助櫃 屯門瑜翠園,"P/F, Block 2, Peridot Court, Tuen Mun(Residents only)*",香港屯門瑜翠園二座平台(只供住戶使用)*,,00:00-23:59,00:00-23:59 周六:00:00-23:59 周日:00:00-23:59 節假日:00:00-23:59,22.366617,113.99794,Tuen Mun District,屯門區,Tuen Mun,屯門,locker,"3,5,6,7",false
H852U023P,"SF Locker Lung Mun Oasis, Tuen Mun",自助櫃 屯門龍門居,"G/F, Block 16 , Lung Mun Oasisphase 2, Tuen Mun(Residents only)*",屯門龍門居16座地下(只供住戶使用)*,,00:00-23:59,00:00-23:59 周六:00:00-23:59 周日:00:00-23:59 節假日:00:00-23:59,22.384136,113.967053,Tuen Mun District,屯門區,Tuen Mun,屯門,locker,"3,5,6,7",false
H852U026P,"SF Locker The Bloomsway, Tuen Mun",自助櫃 屯門滿名山,"ClubHouse, Basement, The Laguna, The Bloomsway, Tuen Mun(Residents only)*",屯門滿名山滿庭地庫會所(只供住戶使用)*,,08:00-23:00,08:00-23:00 周六:08:00-23:00 周日:08:00-23:00 節假日:08:00-23:00,22.377455,113.988857,Tuen Mun District,屯門區,Tuen Mun,屯門,locker,"3,7,6,5",false
H852U027P,"SF Locker Seaview Garden, Tuen Mun",自助櫃 屯門海景花園,"G/F, Block 8, Seaview Garden, Tuen Mun (Residents only)*",屯門海景花園8座地下(只供住戶使用)*,,00:00-23:59,00:00-23:59 周六:00:00-23:59 周日:00:00-23:59 節假日:00:00-23:59,22.37788,113.9843,Tuen Mun District,屯門區,Tuen Mun,屯門,locker,"5,3,7,6",false
H852U028P,"SF Locker Richland Garden, Tuen Mun",自助櫃 屯門啟豐園,"G/F, Block 2, Richland Garden, Tuen Mun(Residents only)*",屯門啟豐園二座地下近商場入口只供住戶使用*,,00:00-23:59,00:00-23:59 周六:00:00-23:59 周日:00:00-23:59 節假日:00:00-23:59,22.373057,113.964337,Tuen Mun District,屯門區,Tuen Mun,屯門,locker,"3,5,6,7",false
H852U029P,"SF Locker Leung King Plaza, Tuen Mun",自助櫃 屯門良景廣場,"L2, Leung King Plaza,Tuen Mun*",屯門良景廣場二樓(麥當勞對面)*,,00:00-23:59,00:00-23:59 周六:00:00-23:59 周日:00:00-23:59 節假日:00:00-23:59,22.406303,113.963136,Tuen Mun District,屯門區,Tuen Mun,屯門,locker,"3,5,6,7",false
H852U033P,"SF Locker Glorious Garden, Tuen Mun",自助櫃 屯門富健花園,"G/F Carpark, Glorious Garden, Tuen Mun *",屯門富健花園(停車場落貨區)*,,00:00-23:59,00:00-23:59 周六:00:00-23:59 周日:00:00-23:59 節假日:00:00-23:59,22.383139,113.96467,Tuen Mun District,屯門區,Tuen Mun,屯門,locker,"3,5,6,7",false
H852U037P,"SF Locker Block 9, Yuet Wu Villa,Tuen Mun",自助櫃 屯門悅湖山莊9座,"G/F, Block 9, Yuet Wu Villa, Tuen Mun *",屯門悅湖山莊九座地下(大堂入口邊)*,,00:00-23:59,00:00-23:59 周六:00:00-23:59 周日:00:00-23:59 節假日:00:00-23:59,22.374219,113.968364,Tuen Mun District,屯門區,Tuen Mun,屯門,locker,"5,3,7,6",false
H852U038P,"SF Locker Block 12, Yuet Wu Villa, Tuen Mun",自助櫃 屯門悅湖山莊12座,"G/F, Block 12, Yuet Wu Villa, Tuen Mun *",屯門悅湖山莊12座地下(大堂入口邊)*,,00:00-23:59,00:00-23:59 周六:00:00-23:59 周日:00:00-23:59 節假日:00:00-23:59,22.375082,113.967526,Tuen Mun District,屯門區,Tuen Mun,屯門,locker,"5,3,7,6",false
H852U039P,"SF Locker Nerine Cove, Tuen Mun",自助櫃 屯門南浪海灣,"G/F, Block 5, Nerine Cove, Tuen Mun(Residents only)*",屯門南浪海灣第五座地下(只供住戶使用)*,,00:00-23:59,00:00-23:59 周六:00:00-23:59 周日:00:00-23:59 節假日:00:00-23:59,22.38287,113.97198,Tuen Mun District,屯門區,Tuen Mun,屯門,locker,"3,7,6,5",false
H852U040P,"SF Locker Elegance Gardens, Tuen Mun",自助櫃 屯門怡樂花園,"2/F Car Park Lobby, Block 2, Elegance Gardens, Tuen Mun(Residents only)*",屯門怡樂花園第二座二樓停車場大堂住戶使用*,,00:00-23:59,00:00-23:59 周六:00:00-23:59 周日:00:00-23:59 節假日:00:00-23:59,22.404498,113.98167,Tuen Mun District,屯門區,Tuen Mun,屯門,locker,"3,7,6,5",false
H852U048P,"SF Locker Locker No.1, Eldo Court Shopping Center,Tuen Mun",自助櫃 屯門雅都花園商場(一號櫃),"Locker No.1, 1/F, Eldo Court Shopping Center, Tuen Mun *",屯門雅都花園商場1樓一號櫃(近夢幻樂園)*,,07:30-21:30,07:30-21:30 周六:07:30-21:30 周日:07:30-21:30 節假日:07:30-21:30,22.399,113.9757,Tuen Mun District,屯門區,Tuen Mun,屯門,locker,"3,5,6,7",false
H852U050P,"SF Locker West Lobby, G/F, Ocean Walk, Tuen Mun",自助櫃 屯門海翠花園西大堂,"West Lobby, G/F, Ocean Walk, Tuen Mun*",屯門海翠花園地下西大堂(近輕鐵客服中心)*,,07:30-23:59,07:30-23:59 周六:07:30-23:59 周日:07:30-23:59 節假日:07:30-23:59,22.3725325,113.966235,Tuen Mun District,屯門區,Tuen Mun,屯門,locker,"5,3,7,6",false
H852U051P,"SF Locker V city, Tuen Mun",自助櫃 屯門V City商場,"MTR Level, V city, Tuen Mun *",屯門站E出口往V city第一個路口轉右商場儲物櫃旁*,,10:00-22:00,10:00-22:00 周六:10:00-22:00 周日:10:00-22:00 節假日:10:00-22:00,22.3964032,113.974166,Tuen Mun District,屯門區,Tuen Mun,屯門,locker,"3,5,6,7",false
H852U054P,"SF Locker Tuen Mun Central Square, Tuen Mun",自助櫃 屯門中央廣場商場(地下通道),"G/F, Tuen Mun Central Square, Tuen Mun(Hang Kwai St side) *",屯門中央廣場商場地下二號櫃車場升降機大堂*,,06:30-23:59,06:30-23:59 周六:06:30-23:59 周日:06:30-23:59 節假日:06:30-23:59,22.381275,113.971514,Tuen Mun District,屯門區,Tuen Mun,屯門,locker,"3,7,6,5",false
H852U057P,"SF Locker The Woodside, Yuen Long",自助櫃 元朗洪水橋蔚林,"Area A Club House, The Woodside, Yuen Long (Residents only)*",香港元朗區洪水橋蔚林A區會所只供住戶使用*,,00:00-23:59,00:00-23:59 周六:00:00-23:59 周日:00:00-23:59 節假日:00:00-23:59,22.43468,114.0001,Yuen Long District,元朗區,Hung Shui Kiu,洪水橋,locker,"3,7,6,5",false
H852U058P,"SF Locker Car Park, Lung Mun Oasis, Tuen Mun",自助櫃 屯門龍門居停車場大樓,"Near 1st lift, G/F, Car Park, Lung Mun Oasis, Tuen Mun *",屯門龍門居停車場大樓1號升降機地下*,,00:00-23:59,00:00-23:59 周六:00:00-23:59 周日:00:00-23:59 節假日:00:00-23:59,22.38464,113.9658,Tuen Mun District,屯門區,Tuen Mun,屯門,locker,"5,3,7,6",false
H852U063P,"SF Locker Century Gateway,Tuen Mun",自助櫃 屯門瓏門,"1st Lift Lobby, 3/F, Century Gateway, Tuen Mun (Residents only)*",屯門瓏門三樓1號穿梭升降機大堂只供住戶使用*,,00:00-23:59,00:00-23:59 周六:00:00-23:59 周日:00:00-23:59 節假日:00:00-23:59,22.3946,113.974031,Tuen Mun District,屯門區,Tuen Mun,屯門,locker,"5,3,7,6",false
H852U067P,"SF Locker Level 2, Sun Tuen Mun Shopping Centre, Tuen Mun",自助櫃 屯門新屯門商場二樓,"Shop No. 51A, Level 2, Sun Tuen Mun Shopping Centre, Tuen Mun*",屯門新屯門商場二樓51A號鋪*,,00:00-23:59,00:00-23:59 周六:00:00-23:59 周日:00:00-23:59 節假日:00:00-23:59,22.381422,113.96394,Tuen Mun District,屯門區,Tuen Mun,屯門,locker,"3,5,6,7",false
H852U072P,"SF Locker 62, Tsing Chuen Wai Road, Tuen Mun",自助櫃 屯門青磚圍路62號,"G/F, 62 Tsing Chuen Wai Road, Tuen Mun*",屯門青磚圍路62號(皇朝居地下)*,,08:00-22:00,08:00-22:00 周六:08:00-22:00 周日:08:00-22:00 節假日:08:00-22:00,22.423161,113.981976,Tuen Mun District,屯門區,Tuen Mun,屯門,locker,"3,5,6,7",false
H852U074P,"SF Locker Lift Lobby, B1, Aegean Coast, Tuen Mun",自助櫃 屯門愛琴海岸B1層(商場電梯大堂),"Lift Lobby, B1, Aegean Coast, Shopping Arcadec, Tuen Mun(Residents only)*",屯門愛琴海岸B1層商場電梯大堂供住戶使用*,,00:00-23:59,00:00-23:59 周六:00:00-23:59 周日:00:00-23:59 節假日:00:00-23:59,22.37265,113.995082,Tuen Mun District,屯門區,Tuen Mun,屯門,locker,"3,5,6,7",false
H852U075P,"SF Locker G/F, Block 12, Glorious Garden, Tuen Mun, New Territories",自助櫃 屯門富健花園12座,"G/F, Block 12, Glorious Garden, Tuen Mun*",屯門富健花園12座地下*,,00:00-23:59,00:00-23:59 周六:00:00-23:59 周日:00:00-23:59 節假日:00:00-23:59,22.383418,113.965347,Tuen Mun District,屯門區,Tuen Mun,屯門,locker,"3,7,6,5",false
H852U077P,"SF Locker Siu Lun Shopping Centre,Tuen Mun",自助櫃 屯門兆麟苑商場,"G/F, Siu Lun Shopping Centre, 3 Siu Hung Lane, Tuen Mun*",屯門兆麟苑商場地下(藥房隔離通道)*,,00:00-23:59,00:00-23:59 周六:00:00-23:59 周日:00:00-23:59 節假日:00:00-23:59,22.384596,113.976518,Tuen Mun District,屯門區,Tuen Mun,屯門,locker,"5,3,7,6",false
H852U078P,"SF Locker Siu Wing House, Siu Hong Court,Tuen Mun",自助櫃 屯門兆康苑兆榮閣,"G/F, Siu Wing House, Siu Hong Court (Phase 1 & Phase 2), Tuen Mun, New Territories*",屯門兆康苑(一及二期)兆榮閣地下*,,00:00-23:59,00:00-23:59 周六:00:00-23:59 周日:00:00-23:59 節假日:00:00-23:59,22.41167,113.97695,Tuen Mun District,屯門區,Tuen Mun,屯門,locker,"3,5,6,7",false
H852U080P,"SF Locker Siu Kin House, Siu Hong Court,Tuen Mun",自助櫃 屯門兆康苑兆健閣,"G/F, Siu Kin House, Siu Hong Court (Phase 1 & Phase 2), Tuen Mun*",屯門兆康苑(一及二期)兆健閣地下*,,00:00-23:59,00:00-23:59 周六:00:00-23:59 周日:00:00-23:59 節假日:00:00-23:59,22.410187,113.977307,Tuen Mun District,屯門區,Tuen Mun,屯門,locker,"3,5,6,7",false
H852U083P,"SF Locker Melody Garden Shopping Centre, Tuen Mun(SF Store)",自助櫃 屯門美樂花園商場(順豐站),"Shop 65, G/F, Melody Garden Shopping Centre, Tuen Mun*",屯門美樂花園商場地下65號鋪(順豐站旁)*,,00:00-23:59,00:00-23:59 周六:00:00-23:59 周日:00:00-23:59 節假日:00:00-23:59,22.3741,113.960685,Tuen Mun District,屯門區,Tuen Mun,屯門,locker,"3,6,7",false
H852U087P,SF Locker  Avignon  Tuen Mun,自助櫃 屯門星堤,"Between Block 7&8, G/F, Avignon, 1 Kwun Chui road, Tuen Mun(Residents only)*",屯門星堤地下7至8座之間通道只供住戶使用*,,00:00-23:59,00:00-23:59 周六:00:00-23:59 周日:00:00-23:59 節假日:00:00-23:59,22.373992,114.000168,Tuen Mun District,屯門區,So Kwun Wat,掃管笏,locker,"3,7,6,5",false
H852U088P,"SF Locker G/F, Commercial Centre, Melody Garden, Tuen Mun",自助櫃 屯門美樂花園中央商場地下,"LK01, G/F, Commercial Centre, Melody Garden, Tuen Mun*",屯門美樂花園中央商場地下(天悅酒家對面)*,,00:00-23:59,00:00-23:59 周六:00:00-23:59 周日:00:00-23:59 節假日:00:00-23:59,22.374204,113.961064,Tuen Mun District,屯門區,Tuen Mun,屯門,locker,"3,7,6,5",false
H852U091P,"SF Locker Siu Lun Shopping Centre, Tuen Mun(LaundrYup)",自助櫃 屯門兆麟商場(LaundrYup洗衣店),"Shop 12A, G/F, Siu Lun Shopping Centre, Tuen Mun*",屯門兆麟商場地下12號鋪A分號鋪洗衣店內*,,00:00-23:59,00:00-23:59 周六:00:00-23:59 周日:00:00-23:59 節假日:00:00-23:59,22.384596,113.976628,Tuen Mun District,屯門區,Tuen Mun,屯門,locker,"3,5,6,7",false
H852U092P,"SF Locker Leung Chi House, Leung King Estate, Tuen Mun",自助櫃 屯門良景邨良智樓地下,"G/F, Leung Chi House, Leung King Estate, Tuen Mun*",屯門良景邨良智樓地下*,,00:00-23:59,00:00-23:59 周六:00:00-23:59 周日:00:00-23:59 節假日:00:00-23:59,22.405273,113.962091,Tuen Mun District,屯門區,Tuen Mun,屯門,locker,"3,5,6,7",false
H852U093P,"SF Locker Leung Ying House, Leung King Estate, Tuen Mun",自助櫃 屯門良景邨良英樓地下,"G/F,  Leung Ying House, Leung King Estate, Tuen Mun*",屯門良景邨良英樓地下*,,00:00-23:59,00:00-23:59 周六:00:00-23:59 周日:00:00-23:59 節假日:00:00-23:59,22.407524,113.963317,Tuen Mun District,屯門區,Tuen Mun,屯門,locker,"3,7,6,5",false
H852U094P,"SF Locker 1/F, Carpark Bldg, Lung Mun Oasis, Tuen Mun",自助櫃 屯門龍門居停車場大樓1樓,"Nearby U Select Stores, 1/F, Carpark Bldg, Lung Mun Oasis, Tuen Mun*",屯門龍門居停車場大樓1樓(近U購超級市場)*,,00:00-23:59,00:00-23:59 周六:00:00-23:59 周日:00:00-23:59 節假日:00:00-23:59,22.385348,113.966152,Tuen Mun District,屯門區,Tuen Mun,屯門,locker,"3,7,6,5",false
H852U095P,"SF Locker Block 3, Yuet Wu Villa, Tuen Mun",自助櫃 屯門悅湖山莊3座,"G/F, Block 3, Yuet Wu Villa, Tuen Mun*",屯門悅湖山莊3座地下*,,00:00-23:59,00:00-23:59,22.374541,113.968662,Tuen Mun District,屯門區,Tuen Mun,屯門,locker,"5,3,7,6",false
H852U096P,"SF Locker Block 6, Yuet Wu Villa, Tuen Mun",自助櫃 屯門悅湖山莊6座,"G/F, Block 6, Yuet Wu Villa, Tuen Mun*",屯門悅湖山莊6座地下*,,00:00-23:59,00:00-23:59 周六:00:00-23:59 周日:00:00-23:59 節假日:00:00-23:59,22.373636,113.968826,Tuen Mun District,屯門區,Tuen Mun,屯門,locker,"3,5,6,7",false
H852U098P,"SF Locker  Tai Hing Shopping Centre, Tuen Mun",自助櫃 屯門大興商場,"G/F, Tai Hing Shopping Centre, Tuen Mun*",香港屯門大興商場地下*,,00:00-23:59,00:00-23:59 周六:00:00-23:59 周日:00:00-23:59 節假日:00:00-23:59,22.402069,113.969959,Tuen Mun District,屯門區,Tuen Mun,屯門,locker,"3,5,6,7",false
H852U100P,"SF Locker  Siu Hong Commercial Centre, Tuen Mun",自助櫃 屯門兆康商場,"Beside of Shop 106, Siu Hong Commercial Centre, 2 Siu Hong Road, Tuen Mun*",屯門兆康商場1樓106號鋪側*,,08:00-22:00,08:00-22:00 周六:08:00-22:00 周日:08:00-22:00 節假日:08:00-22:00,22.412614,113.978079,Tuen Mun District,屯門區,Tuen Mun,屯門,locker,"3,6,7",false
H852U101P,"SF Locker Oceania Heights Shoopping Mall, Tuen Mun",自助櫃 屯門海典軒商場,"Oceania Heights Shoopping Mall, Tuen Mun*",屯門海典軒商場(近天橋位置)*,,00:00-23:59,00:00-23:59 周六:00:00-23:59 周日:00:00-23:59 節假日:00:00-23:59,22.383582,113.971592,Tuen Mun District,屯門區,Tuen Mun,屯門,locker,"3,5,6,7",false
H852U102P,"SF Locker Cheung King House, Siu Shan Court, Tuen Mun",自助櫃 屯門兆山苑樟景閣,"G/F, Cheung King House, Siu Shan Court, Tuen Mun*",屯門兆山苑樟景閣地下*,,00:00-23:59,00:00-23:59 周六:00:00-23:59 周日:00:00-23:59 節假日:00:00-23:59,22.377179,113.963602,Tuen Mun District,屯門區,Tuen Mun,屯門,locker,"5,3,7,6",false
H852U106P,"SF Locker Locker No.3, Eldo Court Shopping Center,Tuen Mun",自助櫃 屯門雅都花園商場(三號櫃),"Locker No.3, 1/F, Eldo Court Shopping Center, Tuen Mun*",屯門雅都花園商場1樓三號櫃(近夢幻樂園)*,,07:30-21:30,07:30-21:30 周六:07:30-21:30 周日:07:30-21:30 節假日:07:30-21:30,22.398886,113.975593,Tuen Mun District,屯門區,Tuen Mun,屯門,locker,"3,5,6,7",false
H852U108P,"SF Locker Napa, Tuen Mun",自助櫃 屯門Napa,"Outside basement lobby,Tower 5A,Napa, Tuen Mun (Residents only)*",屯門Napa5A座地庫大堂外只供住戶使用*,,00:00-23:59,00:00-23:59 周六:00:00-23:59 周日:00:00-23:59 節假日:00:00-23:59,22.373304,114.00256,Tuen Mun District,屯門區,So Kwun Wat,掃管笏,locker,"3,5,6,7",false
H852U110P,"SF Locker Locker No.1, Butterfly Plaza, Tuen Mun",自助櫃 屯門蝴蝶廣場2樓(一號櫃),"Locker No.1, Level 2, Butterfly Plaza, Tuen Mun*",屯門蝴蝶廣場2樓一號櫃(近759阿信屋)*,,06:00-23:59,06:00-23:59 周六:06:00-23:59 周日:06:00-23:59 節假日:06:00-23:59,22.374839,113.963273,Tuen Mun District,屯門區,Tuen Mun,屯門,locker,"3,5,6,7",false
H852U113P,"SF Locker Yan Oi Building,  Tuen Mun",自助櫃 屯門仁愛大廈(順豐站),"Shop 9,G/F,Yan Oi Building, Tuen Mun *",香港屯門仁愛大廈地下9號鋪(順豐站)*,,00:00-23:59,00:00-23:59 周六:00:00-23:59 周日:00:00-23:59 節假日:00:00-23:59,22.403192,113.978154,Tuen Mun District,屯門區,Tuen Mun,屯門,locker,"3,6,7",false
H852U116P,"SF Locker Dragon Inn Court, Tuen Mun",自助櫃 屯門容龍居,"Car Park,L2, Dragon Inn Court, Tuen Mun(Residents only)*",屯門容龍居L2層停車場單車位置旁供住戶使用*,,00:00-23:59,00:00-23:59 周六:00:00-23:59 周日:00:00-23:59 節假日:00:00-23:59,22.380352,113.981331,Tuen Mun District,屯門區,Tuen Mun,屯門,locker,"5,3,7,6",false
H852U118P,"SF Locker Mount Regency, Tuen Mun",自助櫃 屯門御半山,"Phase 1, Mount Regency, Tuen Mun  (Residents only)*",香港屯門區屯門御半山一期(只供住戶使用)*,,00:00-23:59,00:00-23:59 周六:00:00-23:59 周日:00:00-23:59 節假日:00:00-23:59,22.405796,113.981487,Tuen Mun District,屯門區,Tuen Mun,屯門,locker,"3,5,6,7",false
H852U123P,"SF Locker The Esplanade Place, Tuen Mun",自助櫃 屯門弦海,"1/F, The Esplanade Place, Tuen Mun*",屯門弦海1樓*,,10:00-22:00,10:00-22:00 周六:10:00-22:00 周日:10:00-22:00 節假日:10:00-22:00,22.38648,113.96886,Tuen Mun District,屯門區,Tuen Mun,屯門,locker,"5,3,7,6",false
H852U124P,"SF Locker Tsing Yung Terrace, Tuen Mun",自助櫃 屯門青榕台三座地下(只供住戶使用),"G/F, Block 3, Tsing Yung Terrace, Tuen Mun (Residents only)*",屯門青榕台三座地下(只供住戶使用)*,,00:00-23:59,00:00-23:59 周六:00:00-23:59 周日:00:00-23:59 節假日:00:00-23:59,22.379356,113.983343,Tuen Mun District,屯門區,Tuen Mun,屯門,locker,"3,7,6,5",false
H852U126P,"SF Locker Phase 1, Regency Bay, Tuen Mun",自助櫃 屯門御海灣一期,"Carpark, B/F, block 2, Phase 1, Regency Bay, Tuen Mun(Residents only)*",屯門御海灣一期第二座地庫停車場只供住戶使用*,,00:00-23:59,00:00-23:59 周六:00:00-23:59 周日:00:00-23:59 節假日:00:00-23:59,22.381025,113.97062,Tuen Mun District,屯門區,Tuen Mun,屯門,locker,"3,7,6,5",false
H852U127P,"SF Locker G/F, Block 1, Ocean Camino, Tuen Mun",自助櫃 屯門緹岸第1座地下,"G/F, Block 1, Ocean Camino, Tuen Mun (Residents only)*",屯門緹岸第1座地下(只供住戶使用)*,,00:00-23:59,00:00-23:59 周六:00:00-23:59 周日:00:00-23:59 節假日:00:00-23:59,22.37334,113.999359,Tuen Mun District,屯門區,So Kwun Wat,掃管笏,locker,"3,5,6,7",false
H852U128P,"SF Locker G/F, Block 1A, Ocean Camino, Tuen Mun",自助櫃 屯門緹岸第1A座地下,"G/F, Block 1A, Ocean Camino, Tuen Mun (Residents only)*",屯門緹岸第1A座地下(只供住戶使用)*,,00:00-23:59,00:00-23:59 周六:00:00-23:59 周日:00:00-23:59 節假日:00:00-23:59,22.373106,113.999602,Tuen Mun District,屯門區,So Kwun Wat,掃管笏,locker,"3,5,6,7",false
H852U129P,"SF Locker G/F, Block 2, Ocean Camino, Tuen Mun",自助櫃 屯門緹岸第2座地下,"G/F, Block 2, Ocean Camino, Tuen Mun (Residents only)*",屯門緹岸第2座地下(只供住戶使用)*,,00:00-23:59,00:00-23:59 周六:00:00-23:59 周日:00:00-23:59 節假日:00:00-23:59,22.372933,113.9998,Tuen Mun District,屯門區,So Kwun Wat,掃管笏,locker,"3,5,6,7",false
H852U130P,"SF Locker G/F, Block 3, Ocean Camino, Tuen Mun",自助櫃 屯門緹岸第3座地下,"G/F, Block 3, Ocean Camino, Tuen Mun (Residents only)*",屯門緹岸第3座地下(只供住戶使用)*,,00:00-23:59,00:00-23:59 周六:00:00-23:59 周日:00:00-23:59 節假日:00:00-23:59,22.372554,114.000316,Tuen Mun District,屯門區,So Kwun Wat,掃管笏,locker,"3,5,6,7",false
H852U131P,"SF Locker Le Pont, Tuen Mun",自助櫃 屯門上源,"Outside of Block 6 Lift Lobby, B1/F, Le Pont, Tuen Mun (Residents only)*",屯門上源地下B1層6座升降機大堂外住戶使用*,,00:00-23:59,00:00-23:59 周六:00:00-23:59 周日:00:00-23:59 節假日:00:00-23:59,22.37281,114.004196,Tuen Mun District,屯門區,So Kwun Wat,掃管笏,locker,"3,7,6,5",false
H852U135P,"SF Locker Shan King Estate, Tuen Mun",自助櫃 屯門山景邨,"Common Area at Wing C, G/F, King Lok House, Shan King Estate, Tuen Mun *",屯門山景邨景樂樓地下C翼空地*,,00:00-23:59,00:00-23:59 周六:00:00-23:59 周日:00:00-23:59 節假日:00:00-23:59,22.398084,113.966342,Tuen Mun District,屯門區,Tuen Mun,屯門,locker,"3,5,6,7",false
H852U136P,SF Locker Tuen Mun Novo Land,自助櫃 屯門Novo Land,"B/F, Central Lobby, Novo Land, Tuen Mun(Residents only)*",屯門Novo Land地庫Central中央大堂*,,00:00-23:59,00:00-23:59 周六:00:00-23:59 周日:00:00-23:59 節假日:00:00-23:59,22.4112995,113.969132,Tuen Mun District,屯門區,Tuen Mun,屯門,locker,"3,5,6,7",false
H852U137P,"SF Locker G/F, Siu Lung Court",自助櫃 屯門兆隆苑,"G/F, Siu Lung Court, Tuen Mun *",屯門兆隆苑地下*,,00:00-23:59,00:00-23:59 周六:00:00-23:59 周日:00:00-23:59 節假日:00:00-23:59,22.407945,113.964608,Tuen Mun District,屯門區,Tuen Mun,屯門,locker,"5,3,7,6",false
H852U138P,"Tuen Wui Street, Tuen Mun",自助櫃 屯門屯門市中心,"Bus Terminus, Tuen Wui Street, Tuen Mun*",屯門市中心地下巴士總站(近電單車泊車位)*,,00:00-23:59,00:00-23:59 周六:00:00-23:59 周日:00:00-23:59 節假日:00:00-23:59,22.391888,113.976384,Tuen Mun District,屯門區,Tuen Mun,屯門,partner,"3,7,6",false
H852U141P,"North Wing Trend Plaza, Tuen Mun ",自助櫃 屯門時代廣場北翼(順豐站)(一號櫃),"Locker No.1, Shop 32, 2/F, North Wing Trend Plaza, Tuen Mun *",香港屯門時代廣場北翼二樓32號鋪一號櫃*,,11:00-22:00,11:00-22:00 周六:12:00-20:00 周日:12:00-20:00 節假日:12:00-20:00,22.393061,113.975648,Tuen Mun District,屯門區,Tuen Mun,屯門,partner,"3,6,7",false
H852U142P,"North Wing Trend Plaza, Tuen Mun",自助櫃 屯門時代廣場北翼(順豐站)(二號櫃),"Locker No.2, Shop 32, 2/F, North Wing Trend Plaza, Tuen Mun*",香港屯門時代廣場北翼二樓32號鋪二號櫃*,,11:00-22:00,11:00-22:00 周六:12:00-20:00 周日:12:00-20:00 節假日:12:00-20:00,22.393045,113.975665,Tuen Mun District,屯門區,Tuen Mun,屯門,partner,"3,6,7",false
H852U143P,"Blossom Garden, Tuen Mun",自助櫃 屯門寶怡花園,"Next to Management Office, Podium, Block 3, Blossom Garden, Tuen Mun(Residents only)*",屯門寶怡花園3座2樓平台管理處旁(只供住戶使用)*,,00:00-23:59,00:00-23:59 周六:00:00-23:59 周日:00:00-23:59 節假日:00:00-23:59,22.408181,113.969021,Tuen Mun District,屯門區,Tuen Mun,屯門,partner,"3,6,7",false
H852U144P,"Next to Golden Garden Restaurant, L2, Car Park, Greenland Garden",自助櫃 屯門翠林花園,"Next to Golden Garden Restaurant, L2, Car Park, Greenland Garden, Tuen Mun *",屯門翠林花園L2停車場金明苑海鮮酒家旁*,,00:00-23:59,00:00-23:59 周六:00:00-23:59 周日:00:00-23:59 節假日:00:00-23:59,22.40088,113.97152,Tuen Mun District,屯門區,Tuen Mun,屯門,station,"3,5,6,7",false
H852U146P,"G/F,Kin Sang Shopping Center, Tuen Mun ",自助櫃 屯門建生商場一樓,"1/F,Kin Sang Shopping Center, Tuen Mun *",屯門建生商場一樓(近中國工商銀行)*,,00:00-23:59,00:00-23:59 周六:00:00-23:59 周日:00:00-23:59 節假日:00:00-23:59,22.407236,113.969324,Tuen Mun District,屯門區,Tuen Mun,屯門,station,"3,5,6,7",false
H852U147P,"Garden Lobby B/F, Novo Land",自助櫃 屯門Novo Land地庫Garden Lobby,"Garden Lobby B/F, Novo Land, Tuen Mun (Residents only)*",屯門Novo Land地庫Garden Lobby(靠左列櫃機)(只供住戶使用)*,,00:00-23:59,00:00-23:59 周六:00:00-23:59 周日:00:00-23:59 節假日:00:00-23:59,22.411496,113.968842,Tuen Mun District,屯門區,Tuen Mun,屯門,station,"3,5,6,7",false
H852U148P,"Garden Lobby B/F, Novo Land",自助櫃 屯門Novo Land地庫(二號櫃),"Locker No.2, Garden Lobby B/F, Novo Land, Tuen Mun(Residents only)*",屯門Novo Land地庫Garden Lobby二號櫃(靠右列櫃機)(只供住戶使用)*,,00:00-23:59,00:00-23:59 周六:00:00-23:59 周日:00:00-23:59 節假日:00:00-23:59,22.411517,113.968762,Tuen Mun District,屯門區,Tuen Mun,屯門,partner,"3,6,7",false
H852U149P,"Marina Garden, Tuen Mun",自助櫃 屯門慧豐園會所大堂,"Clubhouse Lobby, Marina Garden, Tuen Mun(Residents only)*",屯門慧豐園會所大堂(只供住戶使用)*,,10:00-22:00,10:00-22:00 周六:10:00-22:00 周日:10:00-22:00 節假日:10:00-22:00,22.3726836,113.970115,Tuen Mun District,屯門區,Tuen Mun,屯門,station,"3,5,6,7",false
H852U150P,"G/F, Block 2, Tai Hing Gardens Phase 1, Tuen Mun",自助櫃 屯門大興花園第一期,"Loading Area, G/F, Block 2, Tai Hing Gardens Phase 1, Tuen Mun*",屯門大興花園第一期第二座地下臨時落貨區側*,,00:00-23:59,00:00-23:59,22.40006,113.972873,Tuen Mun District,屯門區,Tuen Mun,屯門,station,"3,5,6,7",false
H852U151P,"Shop 4, Hang Fook Building (Phrase 3), Tuen Mun",自助櫃 屯門幸福樓三期(I-wash),"Shop 4, G/F, Hang Fook Building (Phrase 3), Tuen Mun*",屯門新墟段幸福樓三期地下4號鋪(I-wash)*,,00:00-23:59,00:00-23:59 周六:00:00-23:59 周日:00:00-23:59 節假日:00:00-23:59,22.396316,113.977314,Tuen Mun District,屯門區,Tuen Mun,屯門,station,"3,5,6,7",false
H852U152P,"SF Locker Locker No.1, G/F, Yan Tin Shopping Centre",自助櫃 屯門欣田邨欣田商場地下(一號櫃),"Locker No.1, Shop 19, G/F, Yan Tin Shopping Centre, Tuen Mun*",屯門欣田商場地下19號鋪一號櫃*,,00:00-23:59,00:00-23:59 周六:00:00-23:59 周日:00:00-23:59 節假日:00:00-23:59,22.414959,113.976583,Tuen Mun District,屯門區,Tuen Mun,屯門,locker,"3,6,7",false
H852U153P,"SF Locker, Locker No.2, G/F, Yan Tin Shopping Centre",自助櫃 屯門欣田邨欣田商場地下(二號櫃),"Locker No.2, Shop 19, G/F, Yan Tin Shopping Centre,Tuen Mun*",屯門欣田商場地下19號鋪二號櫃*,,00:00-23:59,00:00-23:59 周六:00:00-23:59 周日:00:00-23:59 節假日:00:00-23:59,22.414959,113.976583,Tuen Mun District,屯門區,Tuen Mun,屯門,locker,"3,5,6,7",false
H852U154P,"SF Locker East Lobby, G/F, Pierhead Garden, Tuen Mun",自助櫃 屯門海翠花園地下東大堂,"East Lobby, G/F, Pierhead Garden, Tuen Mun(Residents only)*",屯門海翠花園地下東大堂(只供住戶使用)*,,00:00-23:59,00:00-23:59 周六:00:00-23:59 周日:00:00-23:59 節假日:00:00-23:59,22.3728026,113.966838,Tuen Mun District,屯門區,Tuen Mun,屯門,locker,"3,5,6,7",false
H852U155P,"SF Locker Locker No.2 Butterfly Plaza, Tuen Mun ",自助櫃 屯門蝴蝶廣場2樓(二號櫃),"Locker No.2, Level 2, Butterfly Plaza, Tuen Mun ",屯門蝴蝶廣場2樓二號櫃(近成興石化公司)*,,06:00-23:59,06:00-23:59,22.374919,113.963004,Tuen Mun District,屯門區,Tuen Mun,屯門,locker,"3,5,6,7",false
H852U156P,"Locker No.2, Common Area at Wing C, G/F, King Lok House, Shan King Estate, Tuen Mun",自助櫃 屯門山景邨景樂樓地下C翼空地(二號櫃),"Locker No.2, Common Area at Wing C, G/F, King Lok House, Shan King Estate, Tuen Mun",屯門山景邨景樂樓地下C翼空地二號櫃*,,00:00-23:59,00:00-23:59 周六:00:00-23:59 周日:00:00-23:59 節假日:00:00-23:59,22.398045,113.96632,Tuen Mun District,屯門區,Tuen Mun,屯門,station,"3,5,6,7",false
H852UA02P,"SF Locker T Town South, Tin Shui Wai",自助櫃 天水圍T Town南翼,"G/F, T Town South, Tin Shui Wai *",天水圍T Town南翼地下(滿記甜品側)*,,00:00-23:59,00:00-23:59 周六:00:00-23:59 周日:00:00-23:59 節假日:00:00-23:59,22.462467,113.997939,Yuen Long District,元朗區,Tin Shui Wai,天水圍,locker,"3,5,6,7",false
H852UA02S,"SF Cold Chain Locker G/F , Tower 5&6 , GRAND MAYFAIR , 29 Kam Tin Road, Yuen Long Yuen Long Yuen Long",冷凍櫃 元朗柏瓏第1期第五座&第六座地下,"G/F, Tower 5&6, GRAND MAYFAIR, Yuen Long(Residents only)",元朗柏瓏第一期第五座&第六座地下(只供住戶使用),,00:00-23:59,00:00-23:59,22.43523,114.062552,Yuen Long District,元朗區,Kam Tin,錦田,locker,"1,7",true
H852UA12P,"SF Locker Tin Yan Shopping Centre, Tin Shui Wai",自助櫃 天水圍天恩商場,"1/F, Tin Yan Shopping Centre, Tin Shui Wai *",天水圍天恩商場1樓(121號商鋪旁)*,,06:00-23:59,06:00-23:59 周六:06:00-23:59 周日:06:00-23:59 節假日:06:00-23:59,22.462417,113.995833,Yuen Long District,元朗區,Tin Shui Wai,天水圍,locker,"3,7,6",false
H852UA16P,"SF Locker Villa by the park, Yuen Long",自助櫃 元朗朗庭園,"G/F, Block3, Villa by the park, Yuen Long(Residents only)*",元朗朗庭園3座地下(只供住戶使用)*,,00:00-23:59,00:00-23:59 周六:00:00-23:59 周日:00:00-23:59 節假日:00:00-23:59,22.445113,114.018207,Yuen Long District,元朗區,Yuen Long,元朗,locker,"3,5,6,7",false
H852UA19P,"SF Locker Block 7, Park Yoho, Yuen Long",自助櫃 元朗PARK YOHO 7座,"G/F, Block 7, Park Yoho, Yuen Long(Residents only)*",元朗PARK YOHO 7座地下住戶使用*,,00:00-23:59,00:00-23:59 周六:00:00-23:59 周日:00:00-23:59 節假日:00:00-23:59,22.451127,114.052428,Yuen Long District,元朗區,Yuen Long,元朗,locker,"3,5,6,7",false
H852UA20P,"SF Locker Locker No.1,The Reach, Yuen Long",自助櫃 元朗尚悅(一號櫃),"Locker No.1, G/F, Block 11, The Reach, Yuen Lon(Residents only)*",元朗尚悅11座地下往12座通道供住戶使用*,,00:00-23:59,00:00-23:59,22.437027,114.032455,Yuen Long District,元朗區,Yuen Long,元朗,locker,"3,5,6,7",false
H852UA24P,"SF Locker Central Park Towers, Tin Shui Wai",自助櫃 天水圍栢慧豪園會所地下,"Clubhouse, Central Park Towers, Tin Shui Wai (Residents only)*",天水圍栢慧豪園會所地下近乒乓球室(只供住戶使用)*,,07:00-23:00,07:00-23:00 周六:07:00-23:00 周日:07:00-23:00 節假日:07:00-23:00,22.4590576,114.001584,Yuen Long District,元朗區,Tin Shui Wai,天水圍,locker,"3,5,6,7",false
H852UA27P,"SF Locker Kam Lung Mansion Shopping Centre, Yuen Long",自助櫃 元朗金龍樓商場(二號櫃),"Locker No.2, Corridor, G/F, Kam Lung Mansion Shopping Centre, Yuen Long*",元朗金龍樓商場地下二號櫃*,,10:00-22:00,10:00-22:00 周六:10:00-22:00 周日:10:00-22:00 節假日:10:00-22:00,22.443391,114.033594,Yuen Long District,元朗區,Yuen Long,元朗,locker,"3,5,6,7",false
H852UA32P,"SF Locker The Spectra, Yuen Long",自助櫃 元朗朗屏8號,"G/F, Residents Club, The Spectra, Yuen Long(Residents only)*",元朗朗屏8號住戶會所地下(只供住戶使用)*,,07:30-22:30,07:30-22:30 周六:07:30-22:30 周日:07:30-22:30 節假日:07:30-22:30,22.448594,114.026954,Yuen Long District,元朗區,Yuen Long,元朗,locker,"3,6,7",false
H852UA35P,"SF Locker Yoho Midtown, Yuen Long",自助櫃 元朗Yoho Midtown,"5/F, Block3, Yoho Midtown, 9 Yuen Lung Street, Yuen Long (Residents only)*",香港元朗YOHOMidtown3座5樓平台*,,00:00-23:59,00:00-23:59 周六:00:00-23:59 周日:00:00-23:59 節假日:00:00-23:59,22.443847,114.037227,Yuen Long District,元朗區,Yuen Long,元朗,locker,"3,7,6,5",false
H852UA36P,"SF Locker Ching Choi House, Tin Ching Estate, Tin Shui Wai",自助櫃 天水圍天晴邨晴綵樓,"G/F, Ching Choi House, Tin Ching Estate, Tin Shui Wai *",天水圍天晴邨晴綵樓地下*,,00:00-23:59,00:00-23:59 周六:00:00-23:59 周日:00:00-23:59 節假日:00:00-23:59,22.463106,114.002593,Yuen Long District,元朗區,Tin Shui Wai,天水圍,locker,"3,7,6",false
H852UA37P,"SF Locker One Regent Place, Yuen Long",自助櫃 元朗尚豪庭,"2/F Podium, Block 3, One Regent Place, Yuen Long (Residents only)*",香港元朗尚豪庭第3座2樓平台只供住戶使用*,,00:00-23:59,00:00-23:59 周六:00:00-23:59 周日:00:00-23:59 節假日:00:00-23:59,22.449186,114.031312,Yuen Long District,元朗區,Yuen Long,元朗,locker,"3,6,7",false
H852UA41P,"SF Locker Tower 6, G/F,  Park Royale, Yuen Long",自助櫃 元朗御豪山莊第6座,"Entrance of Tower 6, G/F,  Park Royale, Yuen Long (Residents only)*",元朗御豪山莊第6座地下大堂入口供住戶使用*,,00:00-23:59,00:00-23:59 周六:00:00-23:59 周日:00:00-23:59 節假日:00:00-23:59,22.442607,114.017277,Yuen Long District,元朗區,Yuen Long,元朗,locker,"3,5,6,7",false
H852UA42P,"SF Locker Tower 8, G/F,  Park Royale, Yuen Long",自助櫃 元朗御豪山莊第8座,"Near to Lift lobby, Tower 8, G/F, Park Royale, Yuen Long (Residents only)*",元朗御豪山莊第8座地下大堂入口供住戶使用*,,00:00-23:59,00:00-23:59 周六:00:00-23:59 周日:00:00-23:59 節假日:00:00-23:59,22.443001,114.017395,Yuen Long District,元朗區,Yuen Long,元朗,locker,"3,5,6,7",false
H852UA45P,"SF Locker Locler No.1,Block 1, YOHO Midtown, Yuen Long",自助櫃 元朗YOHO Midtown1座(一號櫃),"(Near Blcok 2)Locker No.1, 5/F, Block 1, Yoho Midtown, Yuen Long (Residents only)*",元朗YOHO Midtown一座后五樓平台*,,00:00-23:59,00:00-23:59 周六:00:00-23:59 周日:00:00-23:59 節假日:00:00-23:59,22.444029,114.035643,Yuen Long District,元朗區,Yuen Long,元朗,locker,"3,7,6,5",false
H852UA46P,"SF Locker Tin Yiu Plaza, Tin Shui Wai",自助櫃 天水圍天耀廣場地下(一號櫃),"G/F, Tin Yiu Plaza, Tin Yiu Estate, Tin Shui Wai*",天水圍天耀廣場地下(鴻福堂對面)*,,00:00-23:59,00:00-23:59 周六:00:00-23:59 周日:00:00-23:59 節假日:00:00-23:59,22.450521,114.003599,Yuen Long District,元朗區,Tin Shui Wai,天水圍,locker,"3,5,6,7",false
H852UA48P,"SF Locker Locker No.2,Block 2,Grand YOHO, Yuen Long",自助櫃 元朗Grand YOHO 2座(二號櫃),"Locker No.2, 5/F, Block 2, Grand YOHO, Yuen Long (Residents only)*",香港元朗GrandYOHO2座5樓平台二櫃*,,00:00-23:59,00:00-23:59 周六:00:00-23:59 周日:00:00-23:59 節假日:00:00-23:59,22.445804,114.035374,Yuen Long District,元朗區,Yuen Long,元朗,locker,"3,5,6,7",false
H852UA49P,"SF Locker G/F, Block 2, Scenic Gardens , Yuen Long, New Territories  (Residents only)",自助櫃 元朗御景園,"G/F, Block 2, Scenic Gardens , Yuen Long (Residents only)*",元朗御景園2座地下(只供住戶使用)*,,00:00-23:59,00:00-23:59 周六:00:00-23:59 周日:00:00-23:59 節假日:00:00-23:59,22.440845,114.01675,Yuen Long District,元朗區,Yuen Long,元朗,locker,"3,5,6,7",false
H852UA50P,"SF Locker  Tung Fat Building, 9 Ping Wui Street, Yuen Long",自助櫃 元朗屏會街9號(順豐站),"Shop FG, G/F, Tung Fat Building, 9 Ping Wui Street,Yuen Long*",元朗屏會街9號同發大廈地下FG鋪順豐站*,,00:00-23:59,00:00-23:59 周六:00:00-23:59 周日:00:00-23:59 節假日:00:00-23:59,22.446336,114.022338,Yuen Long District,元朗區,Yuen Long,元朗,locker,"3,6,7",false
H852UA51P,"SF Locker 59-67 On Tai Building, Yuen Long",自助櫃 元朗安興街59-67號(順豐站),"Shop 3, G/F and Cockloft, On Tai Building, Yuen Long*",元朗安興街安泰樓地下3號鋪順豐站*,,00:00-23:59,00:00-23:59 周六:00:00-23:59 周日:00:00-23:59 節假日:00:00-23:59,22.442345,114.02368,Yuen Long District,元朗區,Yuen Long,元朗,locker,"3,7,6",false
H852UA52P,"SF Locker Twin Regency, Yuen Long",自助櫃 元朗映御,"G/F, Block 2, Twin Regency, Yuen Long(Residents only)*",元朗映御2座地下近燒烤區(只供住戶使用)*,,00:00-23:59,00:00-23:59 周六:00:00-23:59 周日:00:00-23:59 節假日:00:00-23:59,22.4520284,114.030192,Yuen Long District,元朗區,Yuen Long,元朗,locker,"3,7,6,5",false
H852UA54P,"SF Locker Yuen Fu House, Tin Fu Court, Tin Shui Wai",自助櫃 天水圍天富苑元富閣,"G/F, Yuen Fu House, Tin Fu Court, Tin Shui Wai *",天水圍天富苑元富閣A座地下*,,00:00-23:59,00:00-23:59 周六:00:00-23:59 周日:00:00-23:59 節假日:00:00-23:59,22.46312,113.9979,Yuen Long District,元朗區,Tin Shui Wai,天水圍,locker,"3,5,6,7",false
H852UA55P,"SF Locker Nga Fu House, Tin Fu Court, Tin Shui Wai",自助櫃 天水圍天富苑雅富閣,"G/F, Nga Fu House, Tin Fu Court, Tin Shui Wai *",天水圍天富苑雅富閣Q座地下*,,00:00-23:59,00:00-23:59 周六:00:00-23:59 周日:00:00-23:59 節假日:00:00-23:59,22.46417,114.0012,Yuen Long District,元朗區,Tin Shui Wai,天水圍,locker,"3,7,6,5",false
H852UA59P,"SF Locker Green Orchid, Yuen Long",自助櫃 元朗芙蓉園,"G/F, Green Orchid, Yuen Long (Residents only)*",香港元朗區屏山芙蓉園地下健身室對出空地*,,00:00-23:59,00:00-23:59 周六:00:00-23:59 周日:00:00-23:59 節假日:00:00-23:59,22.443438,114.011532,Yuen Long District,元朗區,Yuen Long,元朗,locker,"5,3,7,6",false
H852UA60P,"SF Locker Kam Lung Mansion Shopping Centre, Yuen Long",自助櫃 元朗金龍樓商場(一號櫃),"Locker No.1, G/F, Kam Lung Mansion Shopping Centre, Yuen Long *",元朗金龍樓商場地下走廊一號櫃*,,10:00-22:00,10:00-22:00 周六:10:00-22:00 周日:10:00-22:00 節假日:10:00-22:00,22.44321,114.0336,Yuen Long District,元朗區,Yuen Long,元朗,locker,"3,5,6,7",false
H852UA61P,"SF Locker The Parcville, Yuen Long",自助櫃 元朗采葉庭,"G/F, Block 13, The Parcville, Yuen Long (Residents only)*",元朗采葉庭13座地下(只供住戶使用)*,,00:00-23:59,00:00-23:59 周六:00:00-23:59 周日:00:00-23:59 節假日:00:00-23:59,22.45132,114.032736,Yuen Long District,元朗區,Yuen Long,元朗,locker,"3,7,6,5",false
H852UA63P,"SF Locker Locker No.1,Shop 79, Ho Shun Lee Building,Yuen Long",自助櫃 元朗好順利大廈(順豐站)(一號櫃),"Locker No.1,Shop 79,G/F Ho Shun Lee Building, 9 Fung Yau Street South, Yuen Long*",香港元朗區元朗好順利大廈地下順豐站一號櫃*,,00:00-23:59,00:00-23:59 周六:00:00-23:59 周日:00:00-23:59 節假日:00:00-23:59,22.441994,114.034504,Yuen Long District,元朗區,Yuen Long,元朗,locker,"3,6,7",false
H852UA64P,"SF Locker Locker No.2,Shop 79, Ho Shun Lee Building,Yuen Long",自助櫃 元朗好順利大廈(順豐站)(二號櫃),"Locker No.2,Shop 79,G/F Ho Shun Lee Building, 9 Fung Yau Street South, Yuen Long*",香港元朗區元朗好順利大廈地下順豐站二號櫃*,,00:00-23:59,00:00-23:59 周六:00:00-23:59 周日:00:00-23:59 節假日:00:00-23:59,22.441995,114.034514,Yuen Long District,元朗區,Yuen Long,元朗,locker,"3,6,7",false
H852UA66P,"SF Locker Ping Yan Shopping Centre, Tin Shui Wai",自助櫃 天水圍屏欣商場,"Site adjacent to Shop No. 12, G/F, Ping Yan Shopping Centre, Tin Shui Wai *",天水圍屏欣商場地下12號鋪旁*,,00:00-23:59,00:00-23:59 周六:00:00-23:59 周日:00:00-23:59 節假日:00:00-23:59,22.446242,114.00416,Yuen Long District,元朗區,Tin Shui Wai,天水圍,locker,"3,7,6",false
H852UA67P,"SF Locker Kang Ping House, Long Ping Estate, Yuen Long",自助櫃 元朗朗屏邨鏡屏樓,"M/F, Kang Ping House, Long Ping Estate, Yuen Long*",元朗朗屏邨鏡屏樓M樓(滙豐提款機旁)*,,00:00-23:59,00:00-23:59 周六:00:00-23:59 周日:00:00-23:59 節假日:00:00-23:59,22.449698,114.023355,Yuen Long District,元朗區,Yuen Long,元朗,locker,"5,3,6,7",false
H852UA71P,"SF Locker Yuccie Square, Yuen Long",自助櫃 元朗世宙,"Clubhouse, 1/F, Block 5, Yuccie Square, Yuen Long (Residents only)*",元朗世宙5座一樓會所(只供住戶使用)*,,07:30-22:30,07:30-22:30 周六:07:30-22:30 周日:07:30-22:30 節假日:07:30-22:30,22.447117,114.028246,Yuen Long District,元朗區,Yuen Long,元朗,locker,"3,5,6,7",false
H852UA72P,"SF Locker Po Leung Kuk Lee Shau Kee Youth Oasis, Yuen Long",自助櫃 元朗保良局李兆基青年綠洲,"G/F, Po Leung Kuk Lee Shau Kee Youth Oasis, Yuen Long(Residents only)*",元朗保良局李兆基青年綠洲地下只供住戶使用*,,00:00-23:59,00:00-23:59 周六:00:00-23:59 周日:00:00-23:59 節假日:00:00-23:59,22.43724,114.027207,Yuen Long District,元朗區,Yuen Long,元朗,locker,"3,5,6,7",false
H852UA74P,"SF Locker Atrium House, Yuen Long",自助櫃 元朗瑧頤,"B1/F, Atrium House, Yuen Long (Residents only)*",元朗瑧頤B1層(只供住戶使用)*,,00:00-23:59,00:00-23:59 周六:00:00-23:59 周日:00:00-23:59 節假日:00:00-23:59,22.438039,114.022207,Yuen Long District,元朗區,Yuen Long,元朗,locker,"3,5,6,7",false
H852UA76P,"SF Locker Palm Springs, Yuen Long",自助櫃 元朗加州花園廣場,"G/F, Palm Springs, Yuen Long*",元朗加州花園廣場地下(近日本城)*,,00:00-23:59,00:00-23:59 周六:00:00-23:59 周日:00:00-23:59 節假日:00:00-23:59,22.48662,114.053722,Yuen Long District,元朗區,San Tin,新田,locker,"3,5,6,7",false
H852UA77P,"SF Locker Wang Fu Court, Yuen Long",自助櫃 元朗宏富苑,"Outside Lift Lobby, G/F, Wang Fu Court, Yuen Long(Residents only)*",元朗宏富苑地下升降機大堂外(只供住戶使用)*,,00:00-23:59,00:00-23:59 周六:00:00-23:59 周日:00:00-23:59 節假日:00:00-23:59,22.450978,114.028345,Yuen Long District,元朗區,Yuen Long,元朗,locker,"3,7,6,5",false
H852UA78P,"Fung Cheung Road, Yuen Long",自助櫃 元朗鳳翔路,"Bus Terminus (Near Staff Rest Room), Fung Cheung Road, Yuen Long*",元朗鳳翔路巴士總站(九巴員工休息室旁)*,,00:00-23:59,00:00-23:59 周六:00:00-23:59 周日:00:00-23:59 節假日:00:00-23:59,22.442961,114.032315,Yuen Long District,元朗區,Yuen Long,元朗,station,"3,5,6,7",false
H852UA79P,"Kik Yeung Road, Yuen Long",自助櫃 元朗擊壤路,"Bus Terminus (Near Staff Rest Room), Kik Yeung Road, Yuen Long*",元朗擊壤路巴士總站(九巴員工休息室旁)*,,00:00-23:59,00:00-23:59 周六:00:00-23:59 周日:00:00-23:59 節假日:00:00-23:59,22.445646,114.024574,Yuen Long District,元朗區,Yuen Long,元朗,station,"3,5,6,7",false
H852UA80P,"G/F, Chung Shui House, Tin Chung Court, 3 Tin Wing Road, Tin Shui Wai, New Territories ",自助櫃 天水圍天頌苑頌水閣地下,"G/F, Chung Shui House, Tin Chung Court, Tin Shui Wai *",天水圍天頌苑頌水閣地下*,,00:00-23:59,00:00-23:59 周六:00:00-23:59 周日:00:00-23:59 節假日:00:00-23:59,22.460344,113.999752,Yuen Long District,元朗區,Tin Shui Wai,天水圍,station,"3,5,6,7",false
H852UA81P,"G/F, Chung Chak House, Tin Chung Court, 3 Tin Wing Road, Tin Shui Wai, New Territories",自助櫃 天水圍天頌苑頌澤閣地下,"G/F, Chung Chak House, Tin Chung Court, Tin Shui Wai *",天水圍天頌苑頌澤閣地下*,,00:00-23:59,00:00-23:59 周六:00:00-23:59 周日:00:00-23:59 節假日:00:00-23:59,22.461502,113.998644,Yuen Long District,元朗區,Tin Shui Wai,天水圍,station,"3,5,6,7",false
H852UA84P,"SF Locker Fuk Sing Building, Yuen Long(365 Laundry)",自助櫃 元朗福星樓(365 Laundry),"Shop 2A, G/F, Fuk Sing Building, 14-24 Tai Pei Tau Path, Yuen Long*",元朗大陂頭徑14-24號福星樓地下洗衣店內*,,00:00-23:59,00:00-23:59 周六:00:00-23:59 周日:00:00-23:59 節假日:00:00-23:59,22.444101,114.024976,Yuen Long District,元朗區,Yuen Long,元朗,locker,"3,5,6,7",false
H852UA86P,"SF Locker Block 7,Yoho Town, Yuen Long",自助櫃 元朗YOHO Town第7座,"G/F, BLK 7, YOHO Town, Yuen Long(Residents only)*",元朗YOHOTown7座地下供住戶使用*,,00:00-23:59,00:00-23:59 周六:00:00-23:59 周日:00:00-23:59 節假日:00:00-23:59,22.441696,114.03661,Yuen Long District,元朗區,Yuen Long,元朗,locker,"3,5,6,7",false
H852UA87P,"Locker No.2, Playground, Sereno Verde, Yuen Long(Residentsonly)",自助櫃 元朗蝶翠峰18座(二號櫃),"Locker No.2, Playground, Sereno Verde, Yuen Long(Residents only)*",元朗蝶翠峰18座遊樂場二號櫃只供住戶使用*,,00:00-23:59,00:00-23:59 周六:00:00-23:59 周日:00:00-23:59 節假日:00:00-23:59,22.436956,114.030765,Yuen Long District,元朗區,Yuen Long,元朗,station,"3,5,6,7",false
H852UA89P,"Podium, 5/F, The YOHO Hub, Yuen Long",自助櫃 元朗The YOHO Hub,"Podium, 5/F, The YOHO Hub, Yuen Long(Residents only)*",元朗The YOHO Hub五樓平台近二座(只供住戶使用)*,,00:00-23:59,00:00-23:59 周六:00:00-23:59 周日:00:00-23:59 節假日:00:00-23:59,22.444785,114.034694,Yuen Long District,元朗區,Yuen Long,元朗,partner,"3,6,7",false
H852UA90P,"SF Locker Block 1,Fiori, Yuen Long",自助櫃 元朗綠悅第1座,"G/F, Block 1, Fiori, Yuen Long(Residents only)*",香港元朗區屏山綠悅第1座地下只供住戶使用*,,00:00-23:59,00:00-23:59 周六:00:00-23:59 周日:00:00-23:59 節假日:00:00-23:59,22.444369,114.014599,Yuen Long District,元朗區,Ping Shan,屏山,locker,"3,7,6,5",false
H852UA91P,"SF Locker Yan Fu House, Tin Fu Court, Tin Shui Wai",自助櫃 天水圍天富苑欣富閣,"G/F, Yan Fu House, Tin Fu Court, Tin Shui Wai*",天水圍天富苑欣富閣地下*,,00:00-23:59,00:00-23:59 周六:00:00-23:59 周日:00:00-23:59 節假日:00:00-23:59,22.464475,113.998067,Yuen Long District,元朗區,Tin Shui Wai,天水圍,locker,"3,5,6,7",false
H852UA92P,"SF Locker Chui Fu House, Tin Fu Court, Tin Shui Wai",自助櫃 天水圍天富苑聚富閣,"G/F, Chui Fu House, Tin Fu Court, Tin Shui Wai*",天水圍天富苑聚富閣地下*,,00:00-23:59,00:00-23:59 周六:00:00-23:59 周日:00:00-23:59 節假日:00:00-23:59,22.464871,113.999194,Yuen Long District,元朗區,Tin Shui Wai,天水圍,locker,"3,5,6,7",false
H852UA94P,"SF Store, On King Building, Yuen Long ",自助櫃 元朗安景樓(順豐站),"Shop A, G/F, On King Building, Yuen Long *",元朗合益路81-97號安景樓地下A鋪(順豐站)*,,11:00-22:00,11:00-22:00 周六:12:00-20:00 周日:12:00-20:00 節假日:12:00-20:00,22.44177,114.02979,Yuen Long District,元朗區,Yuen Long,元朗,partner,"3,6,7",false
H852UA95P,"Near Postbox, CONCORDIA Sheung Yue River, Yuen Long",自助櫃 元朗路德會雙魚薈,"Next to Postbox, G/F, Block2, CONCORDIA Sheung Yue River, Yuen Long(Residents only)*",元朗路德會雙魚薈二座地下信箱旁(只供住戶使用)*,,00:00-23:59,00:00-23:59 周六:00:00-23:59 周日:00:00-23:59 節假日:00:00-23:59,22.462543,114.104955,Yuen Long District,元朗區,Yuen Long,元朗,partner,"3,6,7",false
H852UA96P,"B/F, Yoho West",自助櫃 天水圍YOHO WEST地庫,"Exit B Lift Lobby, B/F, Yoho West, Tin Shui Wai(YOHO WEST Residents only)*",天水圍YOHO WEST地庫穿梭電梯大堂B門口(只供YOHO WEST住戶使用)*,,00:00-23:59,00:00-23:59 周六:00:00-23:59 周日:00:00-23:59 節假日:00:00-23:59,22.460078,114.002252,Yuen Long District,元朗區,Tin Shui Wai,天水圍,station,"3,5,6,7",false
H852UA98P,"Exit C Lift Lobby, B/F, Yoho West",自助櫃 天水圍YOHO WEST地庫(二號櫃),"Locker No.2, Exit C Lift Lobby, B/F, Yoho West, Tin Shui Wai(YOHO WEST Residents only)*",天水圍YOHO WEST地庫穿梭電梯大堂C門口二號櫃(只供YOHO WEST住戶使用)*,,00:00-23:59,00:00-23:59 周六:00:00-23:59 周日:00:00-23:59 節假日:00:00-23:59,22.46032,114.002103,Yuen Long District,元朗區,Tin Shui Wai,天水圍,station,"3,5,6,7",false
H852UA99P,"G/F, Chung Ho House, Tin Chung Court, Tin Shui Wai ",自助櫃 天水圍天頌苑頌浩閣地下,"G/F, Chung Ho House, Tin Chung Court, Tin Shui Wai*",天水圍天頌苑頌浩閣地下*,,00:00-23:59,00:00-23:59 周六:00:00-23:59 周日:00:00-23:59 節假日:00:00-23:59,22.461151,113.997646,Yuen Long District,元朗區,Tin Shui Wai,天水圍,station,"3,5,6,7",false
H852UB04P,SF Locker Locwood Court Shop A9,自助櫃 新北江商場地下A94號鋪,"Shop A94, G/F, Commercial Development of Locwood Court, Tin Shui Wai*",香港天水圍嘉湖山莊新北江商場地下A94號鋪*,,07:00-23:00,07:00-23:00 周六:07:00-23:00 周日:07:00-23:00 節假日:07:00-23:00,22.452334,114.000786,Yuen Long District,元朗區,Tin Shui Wai,天水圍,locker,"5,3,7,6",false
H852UB07P,"SF Locker Reception, Club House, Park Signature, Yuen Long,",自助櫃 元朗溱柏會所接待處,"Reception, Club House, Park Signature, Yuen Long (Residents only)*",元朗溱柏會所接待處 (只供住戶使用)*,,00:00-23:59,00:00-23:59 周六:00:00-23:59 周日:00:00-23:59 節假日:00:00-23:59,22.436483,114.025052,Yuen Long District,元朗區,Yuen Long,元朗,locker,"3,5,6,7",false
H852UB08P,"SF Locker Park Villa, Yuen Long",自助櫃 元朗柏巒,"1/F Lift Lobby, Club House, Park Villa, Yuen Long(Residents only)*",元朗柏巒會所1樓電梯大堂(只供住戶使用)*,,00:00-23:59,00:00-23:59,22.43313,114.007393,Yuen Long District,元朗區,Yuen Long,元朗,locker,"3,5,6,7",false
H852UB10P,"SF Locker Tin Shing Shopping Centre, Tin Shui Wai",自助櫃 天水圍天盛商場,"G/F, Tin Shing Shopping Centre, Tin Shui Wai*",天水圍天盛商場地下(商場門口旁)*,,00:00-23:59,00:00-23:59 周六:00:00-23:59 周日:00:00-23:59 節假日:00:00-23:59,22.449609,114.002687,Yuen Long District,元朗區,Tin Shui Wai,天水圍,locker,"3,5,6,7",false
H852UB11P,"SF Locker Parkland Villas,Tuen Mun",自助櫃 屯門疊茵庭,"Lift Lobby, L3, Block 9, Parkland Villas, Tuen Mun(Residents only)*",屯門疊茵庭第九座L3升降機大堂只供住戶使用*,,00:00-23:59,00:00-23:59 周六:00:00-23:59 周日:00:00-23:59 節假日:00:00-23:59,22.410889,113.980257,Tuen Mun District,屯門區,Tuen Mun,屯門,locker,"3,5,6,7",false
H852UB14P,SF Locker Yuen Long La Grove,自助櫃 元朗原築村巴站,"Shuttle Bus Station, La Grove, Yuen Long(Residents only)*",元朗原築村巴站(只供住戶使用)*,,00:00-23:59,00:00-23:59 周六:00:00-23:59 周日:00:00-23:59 節假日:00:00-23:59,22.437039,114.024847,Yuen Long District,元朗區,Yuen Long,元朗,locker,"3,5,6,7",false
H852UB16P,"SF Locker Block 13, The Sherwood, Tuen Mun",自助櫃 屯門豫豐花園13座,"G/F, Block 13, The Sherwood, Lam Tei, Tuen Mun(Residents only)*",屯門豫豐花園第13座地下(只供住戶使用)*,,00:00-23:59,00:00-23:59 周六:00:00-23:59 周日:00:00-23:59 節假日:00:00-23:59,22.419387,113.986174,Tuen Mun District,屯門區,Tuen Mun,屯門,locker,"3,5,6,7",false
H852UB17P,"SF Locker Tin Shing Court, Tin Shui Wai",自助櫃 天水圍天盛苑,"Near Shopping Centre Entrance, G/F, Tin Shing Court, Tin Shui Wai*",天水圍天盛苑地下(商場屋苑入口旁)*,,00:00-23:59,00:00-23:59 周六:00:00-23:59 周日:00:00-23:59 節假日:00:00-23:59,22.448938,114.002804,Yuen Long District,元朗區,Tin Shui Wai,天水圍,locker,"3,5,6,7",false
H852UB19P,"SF Locker Tin Chak Shopping Centre, Tin Shui Wai",自助櫃 天水圍天澤商場,"1/F, Tin Chak Shopping Centre, Tin Shui Wai*",天水圍天澤商場1樓(靠近往返街市電梯)*,,11:00-20:30,11:00-20:30 周六:12:00-20:00 周日:12:00-20:00 節假日:12:00-20:00,22.468375,113.998755,Yuen Long District,元朗區,Tin Shui Wai,天水圍,locker,"3,5,6,7",false
H852UB21P,"SF Locker Locker No.2, Locwood Court, Tin Shui Wai",自助櫃 天水圍新北江商場地下(二號櫃),"LLocker No.2, Shop A94, G/F, Locwood Court,Tin Shui Wai*",香港天水圍新北江商場地下A94號鋪二號櫃*,,07:00-23:00,07:00-23:00 周六:07:00-23:00 周日:07:00-23:00 節假日:07:00-23:00,22.452269,114.000414,Yuen Long District,元朗區,Tin Shui Wai,天水圍,locker,"5,3,7,6",false
H852UB22P,"SF Locker  Villa Pinada, Tuen Mun",自助櫃 屯門茵翠豪庭,"Near Management office, Villa Pinada, Tuen Mun (Residents only)*",屯門茵翠豪庭(管理處側)(只供住戶使用)*,,00:00-23:59,00:00-23:59 周六:00:00-23:59 周日:00:00-23:59 節假日:00:00-23:59,22.419525,113.974011,Tuen Mun District,屯門區,Tuen Mun,屯門,locker,"3,7,6,5",false
H852UB23P,"SF Locker Yuet Tin House, Yan Tin Estate, Tuen Mun",自助櫃 屯門欣田邨悅田樓,"Passage, G/F, Yuet Tin House, Yan Tin Estate, Tuen Mun*",屯門欣田邨悅田樓地下通道*,,00:00-23:59,00:00-23:59 周六:00:00-23:59 周日:00:00-23:59 節假日:00:00-23:59,22.414266,113.976447,Tuen Mun District,屯門區,Tuen Mun,屯門,locker,"3,7,6",false
H852UB25P,"SF Locker G/F, Tin Tsz Shopping Centre, Tin Shui Wai, NT",自助櫃 天水圍天慈商場地下,"G/F, Tin Tsz Shopping Centre, Tin Shui Wai*",天水圍天慈商場地下*,,00:00-23:59,00:00-23:59 周六:00:00-23:59 周日:00:00-23:59 節假日:00:00-23:59,22.453216,114.006746,Yuen Long District,元朗區,Tin Shui Wai,天水圍,locker,"3,7,6,5",false
H852UB26P,"SF Locker The Parkhill, Yuen Long",自助櫃 元朗柏𣾷,"The Parkhill, Yuen Long (Residents only)*",元朗The Parkhill(只供住戶使用)*,,00:00-23:59,00:00-23:59 周六:00:00-23:59 周日:00:00-23:59 節假日:00:00-23:59,22.432769,114.009937,Yuen Long District,元朗區,Yuen Long,元朗,locker,"3,5,6,7",false
H852UB27P,"SF Locker Locker No.3,  G/F,Locwood Court, Tin Shui Wai",自助櫃 天水圍新北江商場地下(三號櫃),"Locker No.3, Shop A94, G/F, Locwood Court, Tin Shui Wai*",香港天水圍新北江商場地下A94號鋪三號櫃*,,07:00-23:00,07:00-23:00 周六:07:00-23:00 周日:07:00-23:00 節假日:07:00-23:00,22.452039,114.000583,Yuen Long District,元朗區,Tin Shui Wai,天水圍,locker,"5,3,7,6",false
H852UB28P,"SF Locker Maywood Court Kingswood Villas, Tin Shui Wai",自助櫃 天水圍嘉湖山莊美湖居,"Block 8, Maywood Court Kingswood Villas, Tin Shui Wai (Residents only)*",天水圍美湖居第8座垃圾房側(只供住戶使用)*,,00:00-23:59,00:00-23:59 周六:00:00-23:59 周日:00:00-23:59 節假日:00:00-23:59,22.461075,114.006222,Yuen Long District,元朗區,Tin Shui Wai,天水圍,locker,"3,5,6,7",false
H852UB29P,"SF Locker Emerald Green, Yuen Long",自助櫃 元朗翹翠峰,"G/F, Block 2, Emerald Green, Yuen Long (Residents only)*",元朗翹翠峰2座地下(只供住戶使用)*,,00:00-23:59,00:00-23:59 周六:00:00-23:59 周日:00:00-23:59 節假日:00:00-23:59,22.439106,114.020234,Yuen Long District,元朗區,Yuen Long,元朗,locker,"3,5,6,7",false
H852UB30P,SF Locker  Shopping Arcade Grandeur Terrace,自助櫃 天水圍俊宏軒商場一樓,"Near shop 104, 1/F, Shopping Arcade Grandeur Terrace, Tin Shui Wai*",天水圍俊宏軒商場一樓(104號鋪側)*,,00:00-23:59,00:00-23:59 周六:00:00-23:59 周日:00:00-23:59 節假日:00:00-23:59,22.468323,114.000291,Yuen Long District,元朗區,Tin Shui Wai,天水圍,locker,"3,5,6,7",false
H852UB32P,"SF Locker 2/F, T Town North, Tin Shui Wai",自助櫃 天水圍T Town北翼2樓,"2/F, T Town North, Tin Shui Wai*",香港天水圍T Town北翼2樓近升降機通道*,,09:00-22:00,09:00-22:00 周六:09:00-22:00 周日:09:00-22:00 節假日:09:00-22:00,22.462566,113.998123,Yuen Long District,元朗區,Tin Shui Wai,天水圍,locker,"3,7,6,5",false
H852UB33P,"SF Locker Block 1, The Sherwood, Tuen Mun",自助櫃 屯門豫豐花園1座,"G/F, Block 1, The Sherwood, Tuen Mun (Residents only)*",屯門豫豐花園1座地下(只供住戶使用)*,,00:00-23:59,00:00-23:59 周六:00:00-23:59 周日:00:00-23:59 節假日:00:00-23:59,22.420381,113.985273,Tuen Mun District,屯門區,Tuen Mun,屯門,locker,"3,7,6,5",false
H852UB35P,"SF Locker Locker No.2,The Reach, Yuen Long",自助櫃 元朗尚悅(二號櫃),"Locker No.2, G/F, Block 11, The Reach, Yuen Long(Residents only)*",元朗尚悅11座地下二號櫃(只供住戶使用)*,,00:00-23:59,00:00-23:59 周六:00:00-23:59 周日:00:00-23:59 節假日:00:00-23:59,22.437025,114.032453,Yuen Long District,元朗區,Yuen Long,元朗,locker,"3,5,6,7",false
H852UB36P,"SF Locker Sereno Verde, Yuen Long",自助櫃 元朗蝶翠峰,"Playground, Block 18, Sereno Verde (Residentsonly)*",元朗蝶翠峰18座遊樂場(只供住戶使用)*,,00:00-23:59,00:00-23:59 周六:00:00-23:59 周日:00:00-23:59 節假日:00:00-23:59,22.436955,114.030766,Yuen Long District,元朗區,Yuen Long,元朗,locker,"3,5,6,7",false
H852UB37P,"SF Locker Block A,Town Centre,Fairview Park,Yuen Long",自助櫃 元朗錦繡花園A座,"Block A,Town Centre,Fairview Park,Yuen Long(Residents only)*",元朗錦繡花園市中心廣場A座(只供住戶使用)*,,00:00-23:59,00:00-23:59 周六:00:00-23:59 周日:00:00-23:59 節假日:00:00-23:59,22.478062,114.045408,Yuen Long District,元朗區,Yuen Long,元朗,locker,"3,5,6,7",false
H852UB42P,"SF Locker Locker No.1, Shop 24-25, G/F, Tin Shui Shopping Centre, Tin Shui Wai",自助櫃 天水圍天瑞商場(順豐站)(一號櫃),"Locker No.1, Shop 24-25, G/F, Tin Shui Shopping Centre, Tin Shui Wai*",天水圍天瑞商場地下24-25鋪順豐站一號櫃*,,00:00-23:59,00:00-23:59 周六:00:00-23:59 周日:00:00-23:59 節假日:00:00-23:59,22.457122,113.998435,Yuen Long District,元朗區,Tin Shui Wai,天水圍,locker,"3,7,6",false
H852UB43P,"SF Locker Locker No.2, Shop 24-25, G/F, Tin Shui Shopping Centre, Tin Shui Wai",自助櫃 天水圍天瑞商場(順豐站)(二號櫃),"Locker No.2, Shop 24-25, G/F, Tin Shui Shopping Centre, Tin Shui Wai*",天水圍天瑞商場地下24-25鋪順豐站二號櫃*,,00:00-23:59,00:00-23:59 周六:00:00-23:59 周日:00:00-23:59 節假日:00:00-23:59,22.457116,113.998421,Yuen Long District,元朗區,Tin Shui Wai,天水圍,locker,"3,7,6",false
H852UB44P,"SF Locker G/F, 101 PO TEI ROAD, KAM TIN, YUEN LONG(LaundrYup)",自助櫃 錦田波地路101號(LaundrYup洗衣店),"G/F, 101 Po Tei Road, Kam Tin, Yuen Long*",元朗區錦田波地路101號地下(LaundrYup洗衣店)*,,00:00-23:59,00:00-23:59 周六:00:00-23:59 周日:00:00-23:59 節假日:00:00-23:59,22.439062,114.066919,Yuen Long District,元朗區,Kam Tin,錦田,locker,"3,5,6,7",false
H852UB48P,"SF Locker Wetland Seasons Park, Tin Shui Wai",自助櫃 天水圍Wetland Seasons Park,"Clubhouse, Block 10, Wetland Seasons Park, Tin Shui Wai (Residents only)*",天水圍Wetland Seasons Park會所門口*,,00:00-23:59,00:00-23:59 周六:00:00-23:59 周日:00:00-23:59 節假日:00:00-23:59,22.466548,114.005905,Yuen Long District,元朗區,Tin Shui Wai,天水圍,locker,"3,5,6,7",false
H852UB49P,"SF Locker G/F,Tin Yiu Plaza",自助櫃 天水圍天耀廣場地下(二號櫃),"Locker No.2, G/F, Tin Yiu Plaza, Tin Shui Wai*",天水圍天耀廣場地下二號櫃滙豐理財易中心外*,,00:00-23:59,00:00-23:59 周六:00:00-23:59 周日:00:00-23:59 節假日:00:00-23:59,22.451306,114.002757,Yuen Long District,元朗區,Tin Shui Wai,天水圍,locker,"3,5,6,7",false
H852UB51P,"SF Locker Wetland Seasons Bay, Tin Shui Wai",自助櫃 天水圍Wetland Seasons Bay,"G/F, Tower 5B, Wetland Seasons Bay, Tin Shui Wai(Residents only)*",天水圍Wetland Seasons Bay5B地下*,,00:00-23:59,00:00-23:59 周六:00:00-23:59 周日:00:00-23:59 節假日:00:00-23:59,22.470356,114.003362,Yuen Long District,元朗區,Tin Shui Wai,天水圍,locker,"3,5,6,7",false
H852UB52P,"SF Locker Locker No.2, G/F, Tin Tsz Shopping Centre",天水圍天慈商場地下(二號櫃),"Locker No.2, G/F, Tin Tsz Shopping Centre, Tin Shui Wai*",天水圍天慈商場地下(6號鋪對面)二號櫃*,,00:00-23:59,00:00-23:59 周六:00:00-23:59 周日:00:00-23:59 節假日:00:00-23:59,22.4531,114.006852,Yuen Long District,元朗區,Tin Shui Wai,天水圍,locker,"5,3,6,7",false
H852UB53P,SF Locker Recours La Serre,自助櫃 元朗采茵軒,"Reception, Recours La Serre, Yuen Long(Residents only)*",元朗采茵軒接待處(只供住戶使用)*,,06:00-23:00,06:00-23:00 周六:06:00-23:00 周日:06:00-23:00 節假日:06:00-23:00,22.432786,114.00812,Yuen Long District,元朗區,Yuen Long,元朗,locker,"3,7,6,5",false
H852UB54P,"SF Locker Locker No.2, Tin Chak Shopping Centre",自助櫃 天水圍天澤商場(二號櫃),"Locker No.2, No. LK01, First Floor, Tin Chak Shopping Centre, Tin Shui Wai *",天水圍天澤商場一樓(111號鋪對面)二號櫃*,,11:00-20:30,11:00-20:30 周六:12:00-20:00 周日:12:00-20:00 節假日:12:00-20:00,22.46846,113.999005,Yuen Long District,元朗區,Tin Shui Wai,天水圍,locker,"3,5,6,7",false
H852UB55P,"SF Locker, The Step, Yuen Long",自助櫃 元朗新田部屋,"Store room behind master meter room, The Step, Yuen Long *",元朗新田部屋主電錶房後方儲物室*,,00:00-23:59,00:00-23:59,22.49015,114.06191,Yuen Long District,元朗區,San Tin,新田,locker,"3,6,7",false
H852UB57P,"Building 11, Hong Kong-Shenzhen Innovation and Technology Park",自助櫃 落馬洲港深創科園第11座地下(一號櫃),"Locker No1, Shop G07, G/F, Building 11, Hong Kong-Shenzhen Innovation and Technology Park, Lok Ma Chau *",落馬洲河套區港深創科園第十一座地下G07號鋪一號櫃*,,00:00-23:59,00:00-23:59 周六:00:00-23:59 周日:00:00-23:59 節假日:00:00-23:59,22.517824,114.077027,Yuen Long District,元朗區,San Tin,新田,station,"3,5,6,7",false
H852UB58P,"Building 11, Hong Kong-Shenzhen Innovation and Technology Park",自助櫃 落馬洲港深創科園第11座地下(二號櫃),"Locker No.2, Shop G07, G/F, Building 11, Hong Kong-Shenzhen Innovation and Technology Park, Lok Ma Chau*",落馬洲河套區港深創科園第十一座地下G07號鋪二號櫃*,,00:00-23:59,00:00-23:59 周六:00:00-23:59 周日:00:00-23:59 節假日:00:00-23:59,22.517824,114.077027,Yuen Long District,元朗區,San Tin,新田,station,"3,5,6,7",false
H852UC01P,"SF Locker Botania Villa, Tuen Mun",自助櫃 屯門綠怡居,"Area near the stairs to Carpark , G/F, Botania Villa, Tuen Mun(Residents only)*",屯門綠怡居8座地下往車場樓梯側只供住戶使用*,,00:00-23:59,00:00-23:59 周六:00:00-23:59 周日:00:00-23:59 節假日:00:00-23:59,22.417304,113.986356,Tuen Mun District,屯門區,Lam Tei,藍地,locker,"3,7,6,5",false
H852UC03P,"Hung Fuk Estate, Yuen Long",自助櫃 元朗洪福邨,"Bus Terminus (Near Market Entrance of Hung Fuk Shopping Centre), Hung Fuk Estate, Yuen Long*",元朗洪福邨巴士總站(近商場街市門口)*,,00:00-23:59,00:00-23:59 周六:00:00-23:59 周日:00:00-23:59 節假日:00:00-23:59,22.436891,113.998645,Yuen Long District,元朗區,Hung Shui Kiu,洪水橋,station,"3,5,6,7",false
H852UC30P,"Tak Cheung Building, Yuen Long ",自助櫃 元朗德祥樓(順豐站),"Shop 25, 26A & 12B, G/F, Tak Cheung Building, Yuen Long *",元朗洪水橋大街德祥樓地下25、26A及12B號鋪(順豐站)*,,12:00-21:00,12:00-21:00 周六:12:00-20:00 周日:12:00-20:00 節假日:12:00-20:00,22.432767,113.995815,Yuen Long District,元朗區,Hung Shui Kiu,洪水橋,partner,"3,6,7",false
H852UC31P,"G/F, Tak Cheung Building",自助櫃 元朗德祥樓(順豐站)(二號櫃),"Locker No.2, Shop 25, 26A & 12B, G/F, Tak Cheung Building, Yuen Long*",元朗洪水橋大街德祥樓地下25、26A及12B號鋪順豐站二號櫃*,,12:00-21:00,12:00-21:00 周六:12:00-20:00 周日:12:00-20:00 節假日:12:00-20:00,22.432767,113.995815,Yuen Long District,元朗區,Hung Shui Kiu,洪水橋,partner,"3,6,7",false
H852UC32P,"Vacant Area, G/F, Block C, Brilliant Garden, Tuen Mun ",自助櫃 屯門彩暉花園,"Vacant Area, G/F, Block C, Brilliant Garden, Tuen Mun*",屯門彩暉花園C座地下對出空地*,,00:00-23:59,00:00-23:59,22.407761,113.979567,Tuen Mun District,屯門區,San Hui,新墟,station,"3,5,6,7",false
H852UC33P,"SF Locker Meadowlands, Yuen Long",自助櫃 元朗菁雅居,"Near Shuttle Bus Waiting Area, G/F, Meadowlands, Yuen Long(Residents only)*",元朗菁雅居地下屋苑村巴候車處附近(只供住戶使用)*,,00:00-23:59,00:00-23:59,22.428894,113.997768,Yuen Long District,元朗區,Hung Shui Kiu,洪水橋,locker,"3,5,6,7",false
H852UC34P,"SF Locker, 2/F, Fu Tai Shopping Mall, Tuen Mun ",自助櫃 屯門富泰商場二樓,"2/F, Fu Tai Shopping Mall, Tuen Mun*",屯門富泰商場二樓(服務設施大樓升降機前)*,,07:00-22:00,07:00-22:00,22.413757,113.983239,Tuen Mun District,屯門區,Tuen Mun,屯門,locker,"3,5,6,7",false
H852UD01P,SF Locker Palatial Coast-Grand Pacific Views,自助櫃 屯門帝濤灣浪琴軒,"Common Area Between Block 1 & 2, Palatial Coast-Grand Pacific Views, Tuen Mun(Residents only)*",屯門帝濤灣浪琴軒1及2座公共位置供住戶使用*,,00:00-23:59,00:00-23:59 周六:00:00-23:59 周日:00:00-23:59 節假日:00:00-23:59,22.36731,114.013509,Tuen Mun District,屯門區,Siu Lam,小欖,locker,"3,5,6,7",false
H852UD02P,"SF Locker Locker No.1, Shop N313, 3/F, Zone N, H.A.N.D.S, On Ting Estate",自助櫃 屯門安定邨愛定商場(Zone N)三樓(一號櫃),"Locker No.1, Shop N313, 3/F, Zone N, H.A.N.D.S, On Ting Estate, Tuen Mun *",香港屯門愛定商場ZoneN三樓順豐站一號櫃*,,11:00-21:00,11:00-21:00 周六:12:00-20:00 周日:12:00-20:00 節假日:12:00-20:00,22.387725,113.975658,Tuen Mun District,屯門區,Tuen Mun,屯門,locker,"3,6,7",false
H852UD03P,"SF Locker Locker No.2, Shop N313, 3/F, Zone N, H.A.N.D.S, On Ting Est",自助櫃 屯門安定邨愛定商場(Zone N)三樓(二號櫃),"Locker No.2, Shop N313, 3/F, Zone N, H.A.N.D.S, On Ting Estate, Tuen Mun *",香港屯門愛定商場ZoneN三樓順豐站二號櫃*,,11:00-21:00,11:00-21:00 周六:12:00-20:00 周日:12:00-20:00 節假日:12:00-20:00,22.38773,113.975563,Tuen Mun District,屯門區,Tuen Mun,屯門,locker,"3,6,7",false
H852UD04P,"SF Locker G/F, Block 4, Chi Lok Fa Yuen, Tuen Mun",自助櫃 屯門置樂花園,"G/F, Block 4, Chi Lok Fa Yuen, Tuen Mun *",屯門置樂花園第4座地下*,,00:00-23:59,00:00-23:59 周六:00:00-23:59 周日:00:00-23:59 節假日:00:00-23:59,22.38724,113.97934,Tuen Mun District,屯門區,Tuen Mun,屯門,locker,"3,5,6,7",false
H852UD05P,"The Royale, Tuen Mun",自助櫃 屯門帝御,"Shuttle Lift Lobby, G/F, The Royale, Tuen Mun(Residents only)*",屯門帝御地下穿梭升降機大堂(只供住戶使用)*,,00:00-23:59,00:00-23:59 周六:00:00-23:59 周日:00:00-23:59 節假日:00:00-23:59,22.373982,113.991166,Tuen Mun District,屯門區,Tuen Mun,屯門,partner,"3,7,6",false
H852UD06P,"Open Space at Car Park between the Lift Lobby of Tower 1 and Tower 2, OMA OMA",自助櫃 屯門OMA OMA,"Open Space at Car Park between the Lift Lobby of Tower 1 and Tower 2, OMA OMA, Tuen Mun(Residents only)*",屯門OMA OMA 1座及2座升降機大堂中間停車場位置(只供住戶使用)*,,00:00-23:59,00:00-23:59 周六:00:00-23:59 周日:00:00-23:59 節假日:00:00-23:59,22.37229,114.003057,Tuen Mun District,屯門區,So Kwun Wat,掃管笏,station,"5,3,6,7",false
H852UD07P,"The Aqua, G/F, The Carmel",自助櫃 屯門The Carmel,"The Aqua, G/F, The Carmel, Tuen Mun(Residents only)*",屯門The Carmel地下The Aqua(只供住戶使用)*,,00:00-23:59,00:00-23:59 周六:00:00-23:59 周日:00:00-23:59 節假日:00:00-23:59,22.368852,114.000281,Tuen Mun District,屯門區,So Kwun Wat,掃管笏,station,"3,5,6,7",false
H852UD08P,"OMA By The Sea, Tuen Mun",自助櫃 屯門Oma By The Sea,"Near Block 2 Entrance, LG/F, OMA By The Sea, Tuen Mun(Residents only)*",屯門Oma By The Sea地下低層(近第2座住宅入口)(只供住戶使用)*,,00:00-23:59,00:00-23:59 周六:00:00-23:59 周日:00:00-23:59 節假日:00:00-23:59,22.367379,114.001728,Tuen Mun District,屯門區,Tuen Mun,屯門,partner,"3,6,7",false
H852UD09P,"G/F, Club House, Jade Grove, Tuen Mun",自助櫃 屯門琨侖,"Club House, G/F, Jade Grove, Tuen Mun(Residents only)*",屯門琨侖地下會所內(只供住戶使用)*,,00:00-23:59,00:00-23:59 周六:00:00-23:59 周日:00:00-23:59 節假日:00:00-23:59,22.366302,114.000909,Tuen Mun District,屯門區,Siu Lam,小欖,station,"3,5,6,7",false
H852UD10P,"Locker No.1, Shop 107, Lee Bo Building, Tuen Mun",自助櫃 屯門利寶大廈地下(一號櫃),"Locker No.1, Shop 107, G/F, Lee Bo Building, Tuen Mun*",屯門利寶大廈地下107號鋪一號櫃(入門口左一排)*,,00:00-23:59,00:00-23:59 周六:00:00-23:59 周日:00:00-23:59 節假日:00:00-23:59,22.388436,113.978895,Tuen Mun District,屯門區,Tuen Mun,屯門,station,"3,5,6,7",false
H852UD13P,"Locker No.4, Shop 107, Lee Bo Building, Tuen Mun",自助櫃 屯門利寶大廈地下(四號櫃),"Locker No.4, Shop 107, G/F, Lee Bo Building, Tuen Mun*",屯門利寶大廈地下107號鋪四號櫃(入門口右一排)*,,00:00-23:59,00:00-23:59 周六:00:00-23:59 周日:00:00-23:59 節假日:00:00-23:59,22.388436,113.978895,Tuen Mun District,屯門區,Tuen Mun,屯門,station,"3,5,6,7",false
H852UD14P,"Grand Jete Phase 2, Tuen Mun",自助櫃 屯門飛揚2期,"G/F, Block 3, Grand Jete Phase 2, Tuen Mun(Residents only)*",屯門飛揚2期3座正門地下(只供住戶使用)*,,00:00-23:59,00:00-23:59 周六:00:00-23:59 周日:00:00-23:59 節假日:00:00-23:59,22.369093,113.999586,Tuen Mun District,屯門區,Siu Lam,小欖,partner,"3,6,7",false
H852UD15P,"Indoor Car Park, G/F, Hong Kong Gold Coast",自助櫃 屯門黃金海岸,"Indoor Car Park, G/F, Hong Kong Gold Coast, Tuen Mun(Residents only)*",屯門黃金海岸一期近二座停車場(只供住戶使用)*,,00:00-23:59,00:00-23:59,22.372775,113.991313,Tuen Mun District,屯門區,So Kwun Wat,掃管笏,station,"3,5,6,7",false
H852UD16P,"SF Locker Gold Coast Bay-The Reserve, Tuen Mun",自助櫃 屯門黃金海灣2期珀岸,"Outside Viva Club, P/F, Gold Coast Bay-The Reserve, Tuen Mun(Residents only)*",屯門黃金海灣2期珀岸平台層Viva Club外(只供住戶使用)*,,00:00-23:59,00:00-23:59 周六:00:00-23:59 周日:00:00-23:59 節假日:00:59-23:59,22.3745295,113.988827,Tuen Mun District,屯門區,So Kwun Wat,掃管笏,locker,"3,5,6,7",false
H852UV01P,"B/F, Clubhouse, Wetland Season Park",自助櫃 天水圍Wetland Season Park會所,"Lift Lobby, B/F, Clubhouse, Wetland Season Park, Tin Shui Wai(Residents only)*",天水圍Wetland Season Park會所地庫升降機大堂(只供住戶使用)*,,00:00-23:59,00:00-23:59 周六:00:00-23:59 周日:00:00-23:59 節假日:00:00-23:59,22.467191,114.006049,Yuen Long District,元朗區,Tin Shui Wai,天水圍,station,"3,5,6,7",false
H852UV02P,The YOHO Hub II,自助櫃 元朗The YOHO Hub II,"Outside of Block 8, 2/F, The YOHO Hub II, Yuen Long(Residents only)*",元朗The YOHO Hub II 二樓平台第八座外(只供住戶使用)*,,00:00-23:59,00:00-23:59 周六:00:00-23:59 周日:00:00-23:59 節假日:00:00-23:59,22.444792,114.034965,Yuen Long District,元朗區,Yuen Long,元朗,station,"3,5,6,7",false
H852UV03P,"G/F, 101 Po Tei Road, Kam Tin, Yuen Long, Yuen Long District, New Territories, Hong Kong ",自助櫃 錦田波地路101號(LaundrYup)(二號櫃),"Locker No.2, G/F, 101 Po Tei Road, Kam Tin, Yuen Long*",元朗區錦田波地路101號地下(LaundrYup洗衣店)(二號櫃)*,,00:00-23:59,00:00-23:59 周六:00:00-23:59 周日:00:00-23:59 節假日:00:00-23:59,22.439079,114.066923,Yuen Long District,元朗區,Kam Tin,錦田,station,"3,5,6,7",false
H852UV04P,"Nearby Gate Entrance, G/F, After The Rain, Yuen Long",自助櫃 元朗雨後,"Nearby Gate Entrance, G/F, After The Rain, Yuen Long(Residents only)*",元朗雨後地下閘口附近(只供住戶使用)*,,00:00-23:59,00:00-23:59,22.450258,114.028057,Yuen Long District,元朗區,Yuen Long,元朗,station,"3,5,6,7",false
H852UV05P,"LK01, 1/F, Tin Tsz Shopping Centre, Tin Shui Wai ",天水圍天慈商場一樓,"1/F, Tin Tsz Shopping Centre, Tin Shui Wai *",天水圍天慈商場一樓(牡丹金閣旁)*,,00:00-23:59,00:00-23:59,22.453205,114.006806,Yuen Long District,元朗區,Tin Shui Wai,天水圍,station,"3,5,6,7",false
H852UV06P,"3/F, Long Ping Commerical Centre, 1 Long Ping Road, Yuen Long, New Territories",自助櫃 元朗朗屏商場三樓,"3/F, Long Ping Commerical Centre, Yuen Long *",元朗朗屏商場三樓(酒樓外)*,,00:00-23:59,00:00-23:59,22.450038,114.023616,Yuen Long District,元朗區,Yuen Long,元朗,station,"3,5,6,7",false
H852UV07P,"SF Locker  United Court, Yuen Long",自助櫃 元朗同心村,"Outside of Activity Room, G/F, United Court, Yuen Long(Residents only)*",元朗同心村”同活動”活動室外(只供住戶使用)*,,00:00-23:59,00:00-23:59,22.452312,114.033087,Yuen Long District,元朗區,Yuen Long,元朗,locker,"3,5,6,7",false
H852UV08P,"Shop 13, Leung Choy Building, Yuen Long",自助櫃 元朗良材大樓(I-Wash),"Shop 13, G/F, Leung Choy Building, Yuen Long*",元朗屏輝徑良材大樓16號地下13號鋪(洗衣寶)*,,00:00-23:59,00:00-23:59 周六:00:00-23:59 周日:00:00-23:59 節假日:00:00-23:59,22.4471409,114.022499,Yuen Long District,元朗區,Yuen Long,元朗,station,"3,5,6,7",false
H852UV09P,"Shop No M003A, Mezzanine Floor, Shek Ping House, Long Ping Estate, 1 Long Ping Road, Yuen Long, New Territories ",自助櫃 元朗朗屏邨石屏樓M003A鋪,"Shop No M003A, Mezzanine Floor, Shek Ping House, Long Ping Estate, Yuen Long *",元朗朗屏邨石屏樓M樓M003A鋪*,,00:00-23:59,00:00-23:59,22.450493,114.023651,Yuen Long District,元朗區,Yuen Long,元朗,station,"3,5,6,7",false
H852UV10P,"Shop No M003B, Mezzanine Floor, Shek Ping House Block 4, Long Ping Estate, Yuen Long, New Territories",自助櫃 元朗朗屏邨石屏樓M003B鋪,"Shop No M003B, Mezzanine Floor, Shek Ping House, Long Ping Estate, Yuen Long *",元朗朗屏邨石屏樓M樓M003B鋪*,,00:00-23:59,00:00-23:59,22.4505031,114.023653,Yuen Long District,元朗區,Yuen Long,元朗,station,"3,5,6,7",false
H852UV11P,"P/F, Block 10, Park Signature",自助櫃 元朗溱柏十座平台,"P/F, Block 10, Park Signature, Yuen Long(Residentsonly)*",元朗溱柏十座平台(只供住戶使用)*,,00:00-23:59,00:00-23:59,22.437826,114.023321,Yuen Long District,元朗區,Yuen Long,元朗,station,"3,5,6,7",false
H852UV12P,"Entrance of Club house, L5,Central Park Towers",自助櫃 天水圍栢慧豪園L5會所入口,"Entrance of Club house, L5,Central Park Towers, Tin Shui Wai (Residents only)*",天水圍栢慧豪園L5會所入口(只供住戶使用)*,,07:00-23:00,07:00-23:00 周六:07:00-23:00 周日:07:00-23:00 節假日:07:00-23:00,22.459047,114.001596,Yuen Long District,元朗區,Tin Shui Wai,天水圍,station,"3,5,6,7",false
H852UV13P,"G/F, Block 6, Kenswood Court, Kingswood Villas",自助櫃 天水圍嘉湖山莊景湖居六座地下,"G/F, Block 6, Kenswood Court, Kingswood Villas, Tin Shui Wai(Residents only)*",天水圍嘉湖山莊景湖居六座地下(只供住戶使用)*,,00:00-23:59,00:00-23:59 周六:00:00-23:59 周日:00:00-23:59 節假日:00:00-23:59,22.459028,114.007695,Yuen Long District,元朗區,Tin Shui Wai,天水圍,station,"3,5,6,7",false
H852UV14P,"G/F, Block 9, Kenswood Court, Kingswood Villas",自助櫃 天水圍嘉湖山莊景湖居九座地下,"G/F, Block 9, Kenswood Court, Kingswood Villas, Tin Shui Wai(Residents only)*",天水圍嘉湖山莊景湖居九座地下(只供住戶使用)*,,00:00-23:59,00:00-23:59 周六:00:00-23:59 周日:00:00-23:59 節假日:00:00-23:59,22.458246,114.007004,Yuen Long District,元朗區,Tin Shui Wai,天水圍,station,"3,5,6,7",false
H852UV15P,"SF Locker Locker No.1 , Portion of Clubhouse , G/F , GRAND MAYFAIR ,Yuen Long",自助櫃 元朗柏瓏第1期會所側門(一號櫃) ,"Locker No.1 , Portion of Clubhouse , G/F , GRAND MAYFAIR , Kam Tin, Yuen Long(Residents only)*",元朗柏瓏第1期會所側門一號櫃(只供住戶使用)*,,00:00-23:59,00:00-23:59,22.434897,114.062507,Yuen Long District,元朗區,Kam Tin,錦田,locker,"3,5,6,7",false
H852UV16P,"SF Locker Locker No.2 , Portion of Clubhouse , G/F , GRAND MAYFAIR , Yuen Long ",自助櫃 元朗柏瓏第1期會所側門二號櫃,"Locker No.2 , Portion of Clubhouse , G/F , GRAND MAYFAIR , Kam Tin, Yuen Long(Residents only)*",元朗柏瓏第1期會所側門二號櫃(只供住戶使用)*,,00:00-23:59,00:00-23:59,22.43498,114.063039,Yuen Long District,元朗區,Kam Tin,錦田,locker,"3,5,6,7",false
H852UV17P,"SF Locker G/F, Tower 5B, Wetland Seasons Bay",自助櫃 天水圍Wetland Seasons Bay 二號櫃,"Locker No.2, G/F, Tower 5B, Wetland Seasons Bay, Tin Shui Wai(Residents only)*",天水圍Wetland Seasons Bay 5B座地下二號櫃(只供住戶使用)*,,00:00-23:59,00:00-23:59 周六:00:00-23:59 周日:00:00-23:59 節假日:00:00-23:59,22.4702,114.00337,Yuen Long District,元朗區,Tin Shui Wai,天水圍,locker,"3,5,6,7",false
H852UV18P,"SF Locker Lift Lobby, B/F, Tower 1A, HAVA, Yuen Long",自助櫃 元朗朗天峰HAVA 1A座B/F層電梯大堂,"Lift Lobby, B/F, Tower 1A, HAVA, Yuen Long(Residents only)*",元朗朗天峰HAVA 1A座B/F層電梯大堂(只供住戶使用)*,,00:00-23:59,00:00-23:59,22.437709,114.030369,Yuen Long District,元朗區,Yuen Long,元朗,locker,"3,5,6,7",false
H852UV19P,"SF Locker Lift Lobby, B/F, Tower 1B, HAVA, Yuen Long",自助櫃 元朗朗天峰HAVA 1B座B/F層電梯大堂,"Lift Lobby, B/F, Tower 1B, HAVA, Yuen Long(Residents only)*",元朗朗天峰HAVA 1B座B/F層電梯大堂(只供住戶使用)*,,00:00-23:59,00:00-23:59,22.437642,114.030182,Yuen Long District,元朗區,Yuen Long,元朗,locker,"3,5,6,7",false
H852UV20P,"SF Locker Lift Lobby, B/F, Tower 2, HAVA, Yuen Long", 自助櫃 元朗朗天峰HAVA 2座B/F層電梯大堂,"Lift Lobby, B/F, Tower 2, HAVA, Yuen Long(Residents only)*",元朗朗天峰HAVA 2座B/F層電梯大堂(只供住戶使用)*,,00:00-23:59,00:00-23:59,22.437626,114.030003,Yuen Long District,元朗區,Yuen Long,元朗,locker,"3,5,6,7",false
H852UV21P,"SF Locker Parkside Villa, Yuen Long",自助櫃 元朗柏麗豪園,"Next to the Entrance, G/F, Block 6,Parkside Villa, Yuen Long(Residents only)*",元朗柏麗豪園第六座地下近門口位置(只供住戶使用)*,,00:00-23:59,00:00-23:59 周六:00:00-23:59 周日:00:00-23:59 節假日:00:00-23:59,22.43965,114.016992,Yuen Long District,元朗區,Yuen Long,元朗,locker,"3,5,6,7",false
H852Z004P,"Simple locker, 11/F, SF Center场所名称(英文)",自助櫃 順豐大廈9樓IT簡版櫃(只限指定人仕使用),"Shop Nos. 1D & 1E, Ground Floor, Commercial/ Car Parker Block (also known as Tin Tsz Shopping Centre), Tin Tsz Estate, Tin Shui Wai, N.T., H.K.**",123青衣航運路36號順豐大廈9樓IT簡版櫃(只限指定人仕使用)*,,00:00-00:00,00:00-00:00 周六:00:00-00:00 周日:00:00-00:00 節假日:00:00-00:00,22.335076,114.110679,Kwai Tsing District,葵青區,Tsing Yi,青衣,station,"3,5,6,7",false